date,atm_id,withdrawal
2022-01-01,ATM01,386.36
2022-01-02,ATM01,248.63
2022-01-03,ATM01,130.0
2022-01-04,ATM01,150.41
2022-01-05,ATM01,161.93
2022-01-06,ATM01,168.6
2022-01-07,ATM01,182.68
2022-01-08,ATM01,274.86
2022-01-09,ATM01,302.51
2022-01-10,ATM01,164.55
2022-01-11,ATM01,180.66
2022-01-12,ATM01,185.52
2022-01-13,ATM01,158.12
2022-01-14,ATM01,196.48
2022-01-15,ATM01,224.55
2022-01-16,ATM01,270.29
2022-01-17,ATM01,158.44
2022-01-18,ATM01,153.64
2022-01-19,ATM01,151.9
2022-01-20,ATM01,181.58
2022-01-21,ATM01,197.27
2022-01-22,ATM01,238.32
2022-01-23,ATM01,242.32
2022-01-24,ATM01,160.71
2022-01-25,ATM01,197.0
2022-01-26,ATM01,211.67
2022-01-27,ATM01,213.48
2022-01-28,ATM01,301.75
2022-01-29,ATM01,319.55
2022-01-30,ATM01,300.14
2022-01-31,ATM01,168.58
2022-02-01,ATM01,247.63
2022-02-02,ATM01,225.43
2022-02-03,ATM01,182.59
2022-02-04,ATM01,189.12
2022-02-05,ATM01,230.85
2022-02-06,ATM01,275.05
2022-02-07,ATM01,179.56
2022-02-08,ATM01,181.47
2022-02-09,ATM01,169.0
2022-02-10,ATM01,166.1
2022-02-11,ATM01,194.87
2022-02-12,ATM01,253.99
2022-02-13,ATM01,284.72
2022-02-14,ATM01,166.7
2022-02-15,ATM01,172.4
2022-02-16,ATM01,173.26
2022-02-17,ATM01,173.4
2022-02-18,ATM01,210.11
2022-02-19,ATM01,218.37
2022-02-20,ATM01,233.18
2022-02-21,ATM01,141.08
2022-02-22,ATM01,138.26
2022-02-23,ATM01,150.98
2022-02-24,ATM01,185.97
2022-02-25,ATM01,220.55
2022-02-26,ATM01,321.96
2022-02-27,ATM01,264.07
2022-02-28,ATM01,167.31
2022-03-01,ATM01,180.13
2022-03-02,ATM01,206.55
2022-03-03,ATM01,191.71
2022-03-04,ATM01,230.76
2022-03-05,ATM01,265.34
2022-03-06,ATM01,258.41
2022-03-07,ATM01,176.34
2022-03-08,ATM01,165.58
2022-03-09,ATM01,151.25
2022-03-10,ATM01,135.61
2022-03-11,ATM01,158.29
2022-03-12,ATM01,237.87
2022-03-13,ATM01,254.47
2022-03-14,ATM01,166.39
2022-03-15,ATM01,152.12
2022-03-16,ATM01,164.98
2022-03-17,ATM01,175.55
2022-03-18,ATM01,190.01
2022-03-19,ATM01,256.93
2022-03-20,ATM01,240.98
2022-03-21,ATM01,144.5
2022-03-22,ATM01,143.39
2022-03-23,ATM01,138.32
2022-03-24,ATM01,159.6
2022-03-25,ATM01,214.49
2022-03-26,ATM01,285.46
2022-03-27,ATM01,316.53
2022-03-28,ATM01,197.29
2022-03-29,ATM01,204.48
2022-03-30,ATM01,202.28
2022-03-31,ATM01,189.28
2022-04-01,ATM01,222.55
2022-04-02,ATM01,240.58
2022-04-03,ATM01,209.28
2022-04-04,ATM01,125.84
2022-04-05,ATM01,129.85
2022-04-06,ATM01,162.58
2022-04-07,ATM01,151.86
2022-04-08,ATM01,182.06
2022-04-09,ATM01,284.95
2022-04-10,ATM01,253.84
2022-04-11,ATM01,170.2
2022-04-12,ATM01,149.75
2022-04-13,ATM01,163.94
2022-04-14,ATM01,154.98
2022-04-15,ATM01,190.54
2022-04-16,ATM01,288.52
2022-04-17,ATM01,245.28
2022-04-18,ATM01,174.46
2022-04-19,ATM01,185.11
2022-04-20,ATM01,185.47
2022-04-21,ATM01,166.28
2022-04-22,ATM01,220.28
2022-04-23,ATM01,283.25
2022-04-24,ATM01,322.3
2022-04-25,ATM01,241.33
2022-04-26,ATM01,293.21
2022-04-27,ATM01,279.12
2022-04-28,ATM01,246.13
2022-04-29,ATM01,312.3
2022-04-30,ATM01,422.27
2022-05-01,ATM01,665.38
2022-05-02,ATM01,252.19
2022-05-03,ATM01,211.88
2022-05-04,ATM01,190.54
2022-05-05,ATM01,148.8
2022-05-06,ATM01,164.98
2022-05-07,ATM01,200.85
2022-05-08,ATM01,215.57
2022-05-09,ATM01,120.9
2022-05-10,ATM01,138.32
2022-05-11,ATM01,146.41
2022-05-12,ATM01,128.51
2022-05-13,ATM01,149.7
2022-05-14,ATM01,224.15
2022-05-15,ATM01,265.56
2022-05-16,ATM01,195.77
2022-05-17,ATM01,234.96
2022-05-18,ATM01,205.14
2022-05-19,ATM01,161.15
2022-05-20,ATM01,148.73
2022-05-21,ATM01,224.04
2022-05-22,ATM01,221.52
2022-05-23,ATM01,137.51
2022-05-24,ATM01,135.91
2022-05-25,ATM01,180.89
2022-05-26,ATM01,210.91
2022-05-27,ATM01,238.56
2022-05-28,ATM01,292.13
2022-05-29,ATM01,269.09
2022-05-30,ATM01,144.36
2022-05-31,ATM01,155.6
2022-06-01,ATM01,232.3
2022-06-02,ATM01,226.45
2022-06-03,ATM01,216.79
2022-06-04,ATM01,296.13
2022-06-05,ATM01,268.08
2022-06-06,ATM01,141.97
2022-06-07,ATM01,136.76
2022-06-08,ATM01,146.18
2022-06-09,ATM01,200.92
2022-06-10,ATM01,184.44
2022-06-11,ATM01,262.3
2022-06-12,ATM01,235.0
2022-06-13,ATM01,163.44
2022-06-14,ATM01,163.59
2022-06-15,ATM01,163.25
2022-06-16,ATM01,160.98
2022-06-17,ATM01,174.42
2022-06-18,ATM01,244.82
2022-06-19,ATM01,239.17
2022-06-20,ATM01,129.86
2022-06-21,ATM01,122.77
2022-06-22,ATM01,148.66
2022-06-23,ATM01,184.32
2022-06-24,ATM01,202.63
2022-06-25,ATM01,295.16
2022-06-26,ATM01,311.82
2022-06-27,ATM01,213.55
2022-06-28,ATM01,200.03
2022-06-29,ATM01,191.86
2022-06-30,ATM01,216.82
2022-07-01,ATM01,248.05
2022-07-02,ATM01,357.03
2022-07-03,ATM01,296.5
2022-07-04,ATM01,147.52
2022-07-05,ATM01,132.75
2022-07-06,ATM01,186.83
2022-07-07,ATM01,214.03
2022-07-08,ATM01,215.3
2022-07-09,ATM01,253.18
2022-07-10,ATM01,378.89
2022-07-11,ATM01,143.52
2022-07-12,ATM01,133.68
2022-07-13,ATM01,162.35
2022-07-14,ATM01,154.04
2022-07-15,ATM01,183.18
2022-07-16,ATM01,233.43
2022-07-17,ATM01,254.74
2022-07-18,ATM01,178.01
2022-07-19,ATM01,164.04
2022-07-20,ATM01,177.91
2022-07-21,ATM01,133.7
2022-07-22,ATM01,170.94
2022-07-23,ATM01,209.83
2022-07-24,ATM01,204.47
2022-07-25,ATM01,150.38
2022-07-26,ATM01,160.31
2022-07-27,ATM01,200.43
2022-07-28,ATM01,168.76
2022-07-29,ATM01,211.55
2022-07-30,ATM01,265.43
2022-07-31,ATM01,276.95
2022-08-01,ATM01,195.17
2022-08-02,ATM01,198.29
2022-08-03,ATM01,203.93
2022-08-04,ATM01,180.6
2022-08-05,ATM01,187.94
2022-08-06,ATM01,241.74
2022-08-07,ATM01,263.91
2022-08-08,ATM01,162.78
2022-08-09,ATM01,142.69
2022-08-10,ATM01,152.85
2022-08-11,ATM01,160.12
2022-08-12,ATM01,245.37
2022-08-13,ATM01,332.35
2022-08-14,ATM01,261.29
2022-08-15,ATM01,149.03
2022-08-16,ATM01,127.3
2022-08-17,ATM01,179.66
2022-08-18,ATM01,154.4
2022-08-19,ATM01,208.81
2022-08-20,ATM01,231.9
2022-08-21,ATM01,226.99
2022-08-22,ATM01,113.93
2022-08-23,ATM01,130.08
2022-08-24,ATM01,132.41
2022-08-25,ATM01,165.5
2022-08-26,ATM01,189.27
2022-08-27,ATM01,262.84
2022-08-28,ATM01,234.97
2022-08-29,ATM01,137.77
2022-08-30,ATM01,201.41
2022-08-31,ATM01,173.73
2022-09-01,ATM01,161.76
2022-09-02,ATM01,252.33
2022-09-03,ATM01,367.29
2022-09-04,ATM01,271.96
2022-09-05,ATM01,154.98
2022-09-06,ATM01,162.85
2022-09-07,ATM01,205.35
2022-09-08,ATM01,164.77
2022-09-09,ATM01,188.88
2022-09-10,ATM01,254.33
2022-09-11,ATM01,266.2
2022-09-12,ATM01,148.43
2022-09-13,ATM01,146.7
2022-09-14,ATM01,134.78
2022-09-15,ATM01,143.27
2022-09-16,ATM01,171.26
2022-09-17,ATM01,235.13
2022-09-18,ATM01,230.3
2022-09-19,ATM01,152.55
2022-09-20,ATM01,168.37
2022-09-21,ATM01,169.58
2022-09-22,ATM01,169.41
2022-09-23,ATM01,191.15
2022-09-24,ATM01,240.67
2022-09-25,ATM01,274.02
2022-09-26,ATM01,179.16
2022-09-27,ATM01,176.98
2022-09-28,ATM01,237.11
2022-09-29,ATM01,248.92
2022-09-30,ATM01,260.46
2022-10-01,ATM01,280.99
2022-10-02,ATM01,259.1
2022-10-03,ATM01,169.8
2022-10-04,ATM01,167.77
2022-10-05,ATM01,180.94
2022-10-06,ATM01,142.82
2022-10-07,ATM01,200.97
2022-10-08,ATM01,266.84
2022-10-09,ATM01,236.35
2022-10-10,ATM01,135.27
2022-10-11,ATM01,146.59
2022-10-12,ATM01,157.22
2022-10-13,ATM01,152.24
2022-10-14,ATM01,178.71
2022-10-15,ATM01,226.66
2022-10-16,ATM01,244.22
2022-10-17,ATM01,174.39
2022-10-18,ATM01,120.3
2022-10-19,ATM01,139.24
2022-10-20,ATM01,151.67
2022-10-21,ATM01,186.3
2022-10-22,ATM01,227.76
2022-10-23,ATM01,198.26
2022-10-24,ATM01,139.91
2022-10-25,ATM01,209.53
2022-10-26,ATM01,171.21
2022-10-27,ATM01,198.33
2022-10-28,ATM01,216.8
2022-10-29,ATM01,278.75
2022-10-30,ATM01,259.17
2022-10-31,ATM01,162.12
2022-11-01,ATM01,196.65
2022-11-02,ATM01,209.87
2022-11-03,ATM01,211.11
2022-11-04,ATM01,245.63
2022-11-05,ATM01,290.8
2022-11-06,ATM01,335.4
2022-11-07,ATM01,185.03
2022-11-08,ATM01,184.96
2022-11-09,ATM01,173.0
2022-11-10,ATM01,160.63
2022-11-11,ATM01,171.04
2022-11-12,ATM01,254.07
2022-11-13,ATM01,221.5
2022-11-14,ATM01,154.3
2022-11-15,ATM01,147.47
2022-11-16,ATM01,177.7
2022-11-17,ATM01,179.82
2022-11-18,ATM01,237.24
2022-11-19,ATM01,285.92
2022-11-20,ATM01,223.54
2022-11-21,ATM01,141.02
2022-11-22,ATM01,127.04
2022-11-23,ATM01,137.9
2022-11-24,ATM01,174.31
2022-11-25,ATM01,246.3
2022-11-26,ATM01,274.49
2022-11-27,ATM01,257.82
2022-11-28,ATM01,167.96
2022-11-29,ATM01,151.09
2022-11-30,ATM01,161.96
2022-12-01,ATM01,181.44
2022-12-02,ATM01,244.41
2022-12-03,ATM01,278.83
2022-12-04,ATM01,210.58
2022-12-05,ATM01,147.47
2022-12-06,ATM01,153.27
2022-12-07,ATM01,171.44
2022-12-08,ATM01,200.56
2022-12-09,ATM01,167.5
2022-12-10,ATM01,205.5
2022-12-11,ATM01,243.94
2022-12-12,ATM01,123.92
2022-12-13,ATM01,160.07
2022-12-14,ATM01,168.35
2022-12-15,ATM01,221.12
2022-12-16,ATM01,225.67
2022-12-17,ATM01,318.12
2022-12-18,ATM01,353.59
2022-12-19,ATM01,202.01
2022-12-20,ATM01,196.58
2022-12-21,ATM01,206.39
2022-12-22,ATM01,181.49
2022-12-23,ATM01,216.18
2022-12-24,ATM01,280.38
2022-12-25,ATM01,482.98
2022-12-26,ATM01,248.29
2022-12-27,ATM01,206.7
2022-12-28,ATM01,223.3
2022-12-29,ATM01,268.85
2022-12-30,ATM01,266.94
2022-12-31,ATM01,316.39
2023-01-01,ATM01,368.19
2023-01-02,ATM01,190.94
2023-01-03,ATM01,161.31
2023-01-04,ATM01,193.5
2023-01-05,ATM01,194.29
2023-01-06,ATM01,226.7
2023-01-07,ATM01,282.38
2023-01-08,ATM01,350.85
2023-01-09,ATM01,174.86
2023-01-10,ATM01,123.84
2023-01-11,ATM01,171.38
2023-01-12,ATM01,154.08
2023-01-13,ATM01,182.33
2023-01-14,ATM01,269.25
2023-01-15,ATM01,215.71
2023-01-16,ATM01,121.18
2023-01-17,ATM01,112.59
2023-01-18,ATM01,126.03
2023-01-19,ATM01,148.0
2023-01-20,ATM01,187.32
2023-01-21,ATM01,243.1
2023-01-22,ATM01,273.28
2023-01-23,ATM01,106.55
2023-01-24,ATM01,127.4
2023-01-25,ATM01,165.55
2023-01-26,ATM01,185.25
2023-01-27,ATM01,233.47
2023-01-28,ATM01,292.07
2023-01-29,ATM01,320.33
2023-01-30,ATM01,188.12
2023-01-31,ATM01,191.54
2023-02-01,ATM01,178.47
2023-02-02,ATM01,178.5
2023-02-03,ATM01,191.72
2023-02-04,ATM01,268.94
2023-02-05,ATM01,253.77
2023-02-06,ATM01,163.28
2023-02-07,ATM01,153.69
2023-02-08,ATM01,160.94
2023-02-09,ATM01,177.71
2023-02-10,ATM01,149.92
2023-02-11,ATM01,184.61
2023-02-12,ATM01,183.95
2023-02-13,ATM01,99.88
2023-02-14,ATM01,113.94
2023-02-15,ATM01,149.76
2023-02-16,ATM01,147.3
2023-02-17,ATM01,179.86
2023-02-18,ATM01,260.33
2023-02-19,ATM01,292.29
2023-02-20,ATM01,157.71
2023-02-21,ATM01,174.87
2023-02-22,ATM01,168.82
2023-02-23,ATM01,146.2
2023-02-24,ATM01,164.18
2023-02-25,ATM01,225.85
2023-02-26,ATM01,237.39
2023-02-27,ATM01,153.7
2023-02-28,ATM01,179.75
2023-03-01,ATM01,225.88
2023-03-02,ATM01,173.41
2023-03-03,ATM01,192.86
2023-03-04,ATM01,219.16
2023-03-05,ATM01,253.96
2023-03-06,ATM01,151.63
2023-03-07,ATM01,124.81
2023-03-08,ATM01,163.99
2023-03-09,ATM01,152.65
2023-03-10,ATM01,163.95
2023-03-11,ATM01,196.52
2023-03-12,ATM01,206.69
2023-03-13,ATM01,142.24
2023-03-14,ATM01,140.6
2023-03-15,ATM01,156.76
2023-03-16,ATM01,161.02
2023-03-17,ATM01,211.27
2023-03-18,ATM01,238.46
2023-03-19,ATM01,205.84
2023-03-20,ATM01,152.22
2023-03-21,ATM01,142.61
2023-03-22,ATM01,171.9
2023-03-23,ATM01,168.13
2023-03-24,ATM01,183.5
2023-03-25,ATM01,289.6
2023-03-26,ATM01,361.86
2023-03-27,ATM01,242.23
2023-03-28,ATM01,202.93
2023-03-29,ATM01,200.39
2023-03-30,ATM01,214.77
2023-03-31,ATM01,209.22
2023-04-01,ATM01,288.39
2023-04-02,ATM01,299.96
2023-04-03,ATM01,169.06
2023-04-04,ATM01,154.02
2023-04-05,ATM01,145.41
2023-04-06,ATM01,132.3
2023-04-07,ATM01,165.99
2023-04-08,ATM01,239.44
2023-04-09,ATM01,268.91
2023-04-10,ATM01,206.01
2023-04-11,ATM01,216.31
2023-04-12,ATM01,188.21
2023-04-13,ATM01,200.81
2023-04-14,ATM01,223.98
2023-04-15,ATM01,288.57
2023-04-16,ATM01,318.15
2023-04-17,ATM01,210.04
2023-04-18,ATM01,197.94
2023-04-19,ATM01,240.08
2023-04-20,ATM01,201.86
2023-04-21,ATM01,249.14
2023-04-22,ATM01,350.15
2023-04-23,ATM01,320.55
2023-04-24,ATM01,161.67
2023-04-25,ATM01,173.27
2023-04-26,ATM01,183.98
2023-04-27,ATM01,171.72
2023-04-28,ATM01,191.79
2023-04-29,ATM01,229.25
2023-04-30,ATM01,264.74
2023-05-01,ATM01,191.85
2023-05-02,ATM01,169.0
2023-05-03,ATM01,177.19
2023-05-04,ATM01,173.55
2023-05-05,ATM01,187.97
2023-05-06,ATM01,255.28
2023-05-07,ATM01,248.07
2023-05-08,ATM01,167.71
2023-05-09,ATM01,129.82
2023-05-10,ATM01,136.22
2023-05-11,ATM01,116.07
2023-05-12,ATM01,133.06
2023-05-13,ATM01,232.43
2023-05-14,ATM01,262.76
2023-05-15,ATM01,138.85
2023-05-16,ATM01,119.66
2023-05-17,ATM01,100.88
2023-05-18,ATM01,118.82
2023-05-19,ATM01,206.72
2023-05-20,ATM01,255.7
2023-05-21,ATM01,233.57
2023-05-22,ATM01,149.91
2023-05-23,ATM01,122.98
2023-05-24,ATM01,136.87
2023-05-25,ATM01,175.44
2023-05-26,ATM01,206.57
2023-05-27,ATM01,293.67
2023-05-28,ATM01,303.34
2023-05-29,ATM01,190.49
2023-05-30,ATM01,166.58
2023-05-31,ATM01,197.68
2023-06-01,ATM01,293.13
2023-06-02,ATM01,209.7
2023-06-03,ATM01,216.99
2023-06-04,ATM01,275.57
2023-06-05,ATM01,154.92
2023-06-06,ATM01,178.34
2023-06-07,ATM01,164.19
2023-06-08,ATM01,189.94
2023-06-09,ATM01,204.54
2023-06-10,ATM01,242.64
2023-06-11,ATM01,287.61
2023-06-12,ATM01,150.01
2023-06-13,ATM01,131.44
2023-06-14,ATM01,138.42
2023-06-15,ATM01,152.46
2023-06-16,ATM01,148.77
2023-06-17,ATM01,224.89
2023-06-18,ATM01,220.38
2023-06-19,ATM01,157.01
2023-06-20,ATM01,114.27
2023-06-21,ATM01,125.15
2023-06-22,ATM01,115.08
2023-06-23,ATM01,142.1
2023-06-24,ATM01,210.91
2023-06-25,ATM01,267.12
2023-06-26,ATM01,162.12
2023-06-27,ATM01,163.77
2023-06-28,ATM01,181.26
2023-06-29,ATM01,210.37
2023-06-30,ATM01,216.63
2023-07-01,ATM01,294.84
2023-07-02,ATM01,304.23
2023-07-03,ATM01,165.88
2023-07-04,ATM01,162.39
2023-07-05,ATM01,206.18
2023-07-06,ATM01,177.14
2023-07-07,ATM01,188.38
2023-07-08,ATM01,221.16
2023-07-09,ATM01,213.49
2023-07-10,ATM01,115.66
2023-07-11,ATM01,117.29
2023-07-12,ATM01,136.73
2023-07-13,ATM01,149.26
2023-07-14,ATM01,175.58
2023-07-15,ATM01,207.1
2023-07-16,ATM01,248.12
2023-07-17,ATM01,157.92
2023-07-18,ATM01,146.11
2023-07-19,ATM01,141.48
2023-07-20,ATM01,155.09
2023-07-21,ATM01,181.22
2023-07-22,ATM01,194.74
2023-07-23,ATM01,216.82
2023-07-24,ATM01,140.93
2023-07-25,ATM01,153.45
2023-07-26,ATM01,175.3
2023-07-27,ATM01,151.37
2023-07-28,ATM01,224.69
2023-07-29,ATM01,318.82
2023-07-30,ATM01,293.01
2023-07-31,ATM01,180.28
2023-08-01,ATM01,133.67
2023-08-02,ATM01,141.98
2023-08-03,ATM01,138.08
2023-08-04,ATM01,154.4
2023-08-05,ATM01,237.04
2023-08-06,ATM01,306.56
2023-08-07,ATM01,144.98
2023-08-08,ATM01,134.47
2023-08-09,ATM01,154.87
2023-08-10,ATM01,176.51
2023-08-11,ATM01,164.16
2023-08-12,ATM01,224.05
2023-08-13,ATM01,283.72
2023-08-14,ATM01,128.61
2023-08-15,ATM01,117.44
2023-08-16,ATM01,131.16
2023-08-17,ATM01,172.78
2023-08-18,ATM01,180.61
2023-08-19,ATM01,233.55
2023-08-20,ATM01,194.5
2023-08-21,ATM01,137.63
2023-08-22,ATM01,130.73
2023-08-23,ATM01,165.81
2023-08-24,ATM01,145.87
2023-08-25,ATM01,192.57
2023-08-26,ATM01,274.46
2023-08-27,ATM01,305.47
2023-08-28,ATM01,184.92
2023-08-29,ATM01,146.03
2023-08-30,ATM01,177.54
2023-08-31,ATM01,158.92
2023-09-01,ATM01,202.8
2023-09-02,ATM01,226.17
2023-09-03,ATM01,238.7
2023-09-04,ATM01,134.56
2023-09-05,ATM01,123.49
2023-09-06,ATM01,156.69
2023-09-07,ATM01,161.35
2023-09-08,ATM01,173.6
2023-09-09,ATM01,270.07
2023-09-10,ATM01,233.78
2023-09-11,ATM01,141.49
2023-09-12,ATM01,145.0
2023-09-13,ATM01,140.76
2023-09-14,ATM01,152.62
2023-09-15,ATM01,165.31
2023-09-16,ATM01,208.32
2023-09-17,ATM01,260.2
2023-09-18,ATM01,131.86
2023-09-19,ATM01,104.52
2023-09-20,ATM01,155.16
2023-09-21,ATM01,200.27
2023-09-22,ATM01,189.35
2023-09-23,ATM01,187.11
2023-09-24,ATM01,206.12
2023-09-25,ATM01,154.71
2023-09-26,ATM01,158.44
2023-09-27,ATM01,153.18
2023-09-28,ATM01,177.12
2023-09-29,ATM01,219.25
2023-09-30,ATM01,231.82
2023-10-01,ATM01,280.21
2023-10-02,ATM01,211.51
2023-10-03,ATM01,167.54
2023-10-04,ATM01,159.69
2023-10-05,ATM01,155.6
2023-10-06,ATM01,195.0
2023-10-07,ATM01,200.01
2023-10-08,ATM01,230.77
2023-10-09,ATM01,138.28
2023-10-10,ATM01,165.87
2023-10-11,ATM01,156.64
2023-10-12,ATM01,182.18
2023-10-13,ATM01,167.7
2023-10-14,ATM01,233.4
2023-10-15,ATM01,243.52
2023-10-16,ATM01,130.08
2023-10-17,ATM01,137.76
2023-10-18,ATM01,167.72
2023-10-19,ATM01,150.81
2023-10-20,ATM01,144.28
2023-10-21,ATM01,203.95
2023-10-22,ATM01,200.23
2023-10-23,ATM01,126.13
2023-10-24,ATM01,131.96
2023-10-25,ATM01,143.11
2023-10-26,ATM01,134.57
2023-10-27,ATM01,192.34
2023-10-28,ATM01,242.57
2023-10-29,ATM01,199.19
2023-10-30,ATM01,157.37
2023-10-31,ATM01,167.44
2023-11-01,ATM01,163.55
2023-11-02,ATM01,147.59
2023-11-03,ATM01,184.01
2023-11-04,ATM01,244.3
2023-11-05,ATM01,321.43
2023-11-06,ATM01,175.03
2023-11-07,ATM01,166.05
2023-11-08,ATM01,161.52
2023-11-09,ATM01,173.23
2023-11-10,ATM01,192.63
2023-11-11,ATM01,266.55
2023-11-12,ATM01,235.07
2023-11-13,ATM01,133.93
2023-11-14,ATM01,129.51
2023-11-15,ATM01,155.32
2023-11-16,ATM01,177.55
2023-11-17,ATM01,177.36
2023-11-18,ATM01,213.43
2023-11-19,ATM01,233.01
2023-11-20,ATM01,136.12
2023-11-21,ATM01,152.61
2023-11-22,ATM01,119.58
2023-11-23,ATM01,122.14
2023-11-24,ATM01,144.55
2023-11-25,ATM01,189.5
2023-11-26,ATM01,212.01
2023-11-27,ATM01,133.89
2023-11-28,ATM01,147.41
2023-11-29,ATM01,188.31
2023-11-30,ATM01,176.46
2023-12-01,ATM01,183.36
2023-12-02,ATM01,249.07
2023-12-03,ATM01,264.1
2023-12-04,ATM01,137.05
2023-12-05,ATM01,128.61
2023-12-06,ATM01,155.53
2023-12-07,ATM01,151.52
2023-12-08,ATM01,192.22
2023-12-09,ATM01,238.6
2023-12-10,ATM01,248.56
2023-12-11,ATM01,128.23
2023-12-12,ATM01,133.35
2023-12-13,ATM01,140.58
2023-12-14,ATM01,125.61
2023-12-15,ATM01,167.58
2023-12-16,ATM01,265.08
2023-12-17,ATM01,269.22
2023-12-18,ATM01,150.39
2023-12-19,ATM01,160.37
2023-12-20,ATM01,199.97
2023-12-21,ATM01,147.92
2023-12-22,ATM01,164.24
2023-12-23,ATM01,219.94
2023-12-24,ATM01,301.93
2023-12-25,ATM01,284.97
2023-12-26,ATM01,230.82
2023-12-27,ATM01,202.78
2023-12-28,ATM01,186.85
2023-12-29,ATM01,249.62
2023-12-30,ATM01,326.78
2023-12-31,ATM01,360.55
2024-01-01,ATM01,215.86
2024-01-02,ATM01,170.63
2024-01-03,ATM01,159.42
2024-01-04,ATM01,170.56
2024-01-05,ATM01,205.78
2024-01-06,ATM01,205.65
2024-01-07,ATM01,177.69
2024-01-08,ATM01,142.06
2024-01-09,ATM01,164.09
2024-01-10,ATM01,137.16
2024-01-11,ATM01,115.42
2024-01-12,ATM01,154.55
2024-01-13,ATM01,231.64
2024-01-14,ATM01,283.11
2024-01-15,ATM01,160.73
2024-01-16,ATM01,141.42
2024-01-17,ATM01,133.47
2024-01-18,ATM01,139.98
2024-01-19,ATM01,161.23
2024-01-20,ATM01,190.48
2024-01-21,ATM01,266.33
2024-01-22,ATM01,179.67
2024-01-23,ATM01,175.4
2024-01-24,ATM01,146.5
2024-01-25,ATM01,192.08
2024-01-26,ATM01,227.71
2024-01-27,ATM01,288.54
2024-01-28,ATM01,324.85
2024-01-29,ATM01,191.26
2024-01-30,ATM01,190.81
2024-01-31,ATM01,199.52
2024-02-01,ATM01,192.02
2024-02-02,ATM01,174.29
2024-02-03,ATM01,217.1
2024-02-04,ATM01,218.72
2024-02-05,ATM01,121.04
2024-02-06,ATM01,160.78
2024-02-07,ATM01,194.44
2024-02-08,ATM01,198.17
2024-02-09,ATM01,206.5
2024-02-10,ATM01,349.07
2024-02-11,ATM01,247.96
2024-02-12,ATM01,145.9
2024-02-13,ATM01,124.73
2024-02-14,ATM01,144.98
2024-02-15,ATM01,145.69
2024-02-16,ATM01,146.61
2024-02-17,ATM01,202.38
2024-02-18,ATM01,215.99
2024-02-19,ATM01,163.3
2024-02-20,ATM01,163.18
2024-02-21,ATM01,156.72
2024-02-22,ATM01,153.94
2024-02-23,ATM01,174.18
2024-02-24,ATM01,214.93
2024-02-25,ATM01,238.34
2024-02-26,ATM01,152.19
2024-02-27,ATM01,145.81
2024-02-28,ATM01,143.26
2024-02-29,ATM01,168.11
2024-03-01,ATM01,207.99
2024-03-02,ATM01,216.06
2024-03-03,ATM01,215.91
2024-03-04,ATM01,154.15
2024-03-05,ATM01,166.96
2024-03-06,ATM01,182.56
2024-03-07,ATM01,166.15
2024-03-08,ATM01,168.57
2024-03-09,ATM01,198.23
2024-03-10,ATM01,217.98
2024-03-11,ATM01,140.01
2024-03-12,ATM01,158.67
2024-03-13,ATM01,174.1
2024-03-14,ATM01,154.47
2024-03-15,ATM01,151.09
2024-03-16,ATM01,198.66
2024-03-17,ATM01,220.72
2024-03-18,ATM01,131.99
2024-03-19,ATM01,125.77
2024-03-20,ATM01,145.82
2024-03-21,ATM01,141.33
2024-03-22,ATM01,162.14
2024-03-23,ATM01,231.88
2024-03-24,ATM01,235.69
2024-03-25,ATM01,184.59
2024-03-26,ATM01,193.25
2024-03-27,ATM01,180.6
2024-03-28,ATM01,185.34
2024-03-29,ATM01,272.78
2024-03-30,ATM01,295.28
2024-03-31,ATM01,257.52
2024-04-01,ATM01,150.09
2024-04-02,ATM01,183.06
2024-04-03,ATM01,188.9
2024-04-04,ATM01,195.93
2024-04-05,ATM01,271.34
2024-04-06,ATM01,247.8
2024-04-07,ATM01,311.33
2024-04-08,ATM01,236.17
2024-04-09,ATM01,195.77
2024-04-10,ATM01,156.38
2024-04-11,ATM01,149.48
2024-04-12,ATM01,129.41
2024-04-13,ATM01,174.25
2024-04-14,ATM01,223.73
2024-04-15,ATM01,156.42
2024-04-16,ATM01,131.23
2024-04-17,ATM01,166.54
2024-04-18,ATM01,148.18
2024-04-19,ATM01,199.58
2024-04-20,ATM01,225.0
2024-04-21,ATM01,227.02
2024-04-22,ATM01,140.67
2024-04-23,ATM01,194.78
2024-04-24,ATM01,186.09
2024-04-25,ATM01,178.58
2024-04-26,ATM01,226.55
2024-04-27,ATM01,261.24
2024-04-28,ATM01,254.35
2024-04-29,ATM01,175.04
2024-04-30,ATM01,168.14
2024-05-01,ATM01,233.54
2024-05-02,ATM01,175.19
2024-05-03,ATM01,184.94
2024-05-04,ATM01,242.69
2024-05-05,ATM01,195.87
2024-05-06,ATM01,141.45
2024-05-07,ATM01,127.56
2024-05-08,ATM01,122.55
2024-05-09,ATM01,136.57
2024-05-10,ATM01,160.31
2024-05-11,ATM01,194.75
2024-05-12,ATM01,232.81
2024-05-13,ATM01,118.63
2024-05-14,ATM01,121.51
2024-05-15,ATM01,127.51
2024-05-16,ATM01,134.74
2024-05-17,ATM01,167.0
2024-05-18,ATM01,191.5
2024-05-19,ATM01,228.2
2024-05-20,ATM01,137.13
2024-05-21,ATM01,110.08
2024-05-22,ATM01,104.79
2024-05-23,ATM01,123.74
2024-05-24,ATM01,152.02
2024-05-25,ATM01,243.17
2024-05-26,ATM01,258.42
2024-05-27,ATM01,163.11
2024-05-28,ATM01,179.68
2024-05-29,ATM01,158.44
2024-05-30,ATM01,144.92
2024-05-31,ATM01,163.83
2024-06-01,ATM01,314.26
2024-06-02,ATM01,296.28
2024-06-03,ATM01,142.44
2024-06-04,ATM01,107.98
2024-06-05,ATM01,110.17
2024-06-06,ATM01,119.24
2024-06-07,ATM01,148.57
2024-06-08,ATM01,199.99
2024-06-09,ATM01,222.38
2024-06-10,ATM01,126.45
2024-06-11,ATM01,146.39
2024-06-12,ATM01,136.92
2024-06-13,ATM01,126.85
2024-06-14,ATM01,165.7
2024-06-15,ATM01,179.59
2024-06-16,ATM01,213.13
2024-06-17,ATM01,173.17
2024-06-18,ATM01,131.28
2024-06-19,ATM01,167.13
2024-06-20,ATM01,142.38
2024-06-21,ATM01,207.57
2024-06-22,ATM01,229.41
2024-06-23,ATM01,197.96
2024-06-24,ATM01,128.31
2024-06-25,ATM01,139.77
2024-06-26,ATM01,146.82
2024-06-27,ATM01,165.98
2024-06-28,ATM01,208.22
2024-06-29,ATM01,242.96
2024-06-30,ATM01,287.89
2024-07-01,ATM01,189.09
2024-07-02,ATM01,201.98
2024-07-03,ATM01,176.1
2024-07-04,ATM01,187.01
2024-07-05,ATM01,156.86
2024-07-06,ATM01,206.45
2024-07-07,ATM01,203.65
2024-07-08,ATM01,134.74
2024-07-09,ATM01,129.79
2024-07-10,ATM01,133.28
2024-07-11,ATM01,169.04
2024-07-12,ATM01,175.11
2024-07-13,ATM01,227.54
2024-07-14,ATM01,220.81
2024-07-15,ATM01,134.59
2024-07-16,ATM01,133.78
2024-07-17,ATM01,148.3
2024-07-18,ATM01,163.8
2024-07-19,ATM01,210.71
2024-07-20,ATM01,244.32
2024-07-21,ATM01,249.4
2024-07-22,ATM01,124.14
2024-07-23,ATM01,127.6
2024-07-24,ATM01,153.15
2024-07-25,ATM01,192.84
2024-07-26,ATM01,213.92
2024-07-27,ATM01,289.56
2024-07-28,ATM01,294.2
2024-07-29,ATM01,191.33
2024-07-30,ATM01,178.51
2024-07-31,ATM01,170.64
2024-08-01,ATM01,175.83
2024-08-02,ATM01,145.15
2024-08-03,ATM01,203.11
2024-08-04,ATM01,148.48
2024-08-05,ATM01,95.18
2024-08-06,ATM01,123.9
2024-08-07,ATM01,148.11
2024-08-08,ATM01,130.59
2024-08-09,ATM01,151.27
2024-08-10,ATM01,229.95
2024-08-11,ATM01,215.23
2024-08-12,ATM01,168.42
2024-08-13,ATM01,147.47
2024-08-14,ATM01,153.85
2024-08-15,ATM01,174.55
2024-08-16,ATM01,183.03
2024-08-17,ATM01,257.37
2024-08-18,ATM01,209.53
2024-08-19,ATM01,129.42
2024-08-20,ATM01,112.68
2024-08-21,ATM01,126.62
2024-08-22,ATM01,123.27
2024-08-23,ATM01,170.67
2024-08-24,ATM01,214.88
2024-08-25,ATM01,255.79
2024-08-26,ATM01,155.2
2024-08-27,ATM01,160.86
2024-08-28,ATM01,180.73
2024-08-29,ATM01,155.37
2024-08-30,ATM01,168.55
2024-08-31,ATM01,265.55
2024-09-01,ATM01,255.36
2024-09-02,ATM01,134.17
2024-09-03,ATM01,136.26
2024-09-04,ATM01,153.94
2024-09-05,ATM01,127.27
2024-09-06,ATM01,165.4
2024-09-07,ATM01,236.0
2024-09-08,ATM01,246.47
2024-09-09,ATM01,154.41
2024-09-10,ATM01,118.09
2024-09-11,ATM01,137.67
2024-09-12,ATM01,134.08
2024-09-13,ATM01,151.53
2024-09-14,ATM01,222.86
2024-09-15,ATM01,262.51
2024-09-16,ATM01,174.72
2024-09-17,ATM01,172.72
2024-09-18,ATM01,155.53
2024-09-19,ATM01,152.13
2024-09-20,ATM01,183.9
2024-09-21,ATM01,223.76
2024-09-22,ATM01,226.58
2024-09-23,ATM01,146.86
2024-09-24,ATM01,137.24
2024-09-25,ATM01,157.1
2024-09-26,ATM01,155.16
2024-09-27,ATM01,202.0
2024-09-28,ATM01,254.54
2024-09-29,ATM01,271.44
2024-09-30,ATM01,173.04
2024-10-01,ATM01,157.66
2024-10-02,ATM01,181.27
2024-10-03,ATM01,159.4
2024-10-04,ATM01,155.39
2024-10-05,ATM01,247.36
2024-10-06,ATM01,228.03
2024-10-07,ATM01,115.63
2024-10-08,ATM01,114.03
2024-10-09,ATM01,120.28
2024-10-10,ATM01,127.46
2024-10-11,ATM01,151.16
2024-10-12,ATM01,194.41
2024-10-13,ATM01,224.0
2024-10-14,ATM01,138.26
2024-10-15,ATM01,138.91
2024-10-16,ATM01,148.91
2024-10-17,ATM01,153.16
2024-10-18,ATM01,134.1
2024-10-19,ATM01,183.53
2024-10-20,ATM01,160.3
2024-10-21,ATM01,114.95
2024-10-22,ATM01,123.33
2024-10-23,ATM01,151.27
2024-10-24,ATM01,164.15
2024-10-25,ATM01,213.92
2024-10-26,ATM01,246.46
2024-10-27,ATM01,271.11
2024-10-28,ATM01,151.19
2024-10-29,ATM01,154.18
2024-10-30,ATM01,183.57
2024-10-31,ATM01,163.28
2024-11-01,ATM01,209.94
2024-11-02,ATM01,278.01
2024-11-03,ATM01,215.65
2024-11-04,ATM01,150.18
2024-11-05,ATM01,154.97
2024-11-06,ATM01,155.83
2024-11-07,ATM01,138.43
2024-11-08,ATM01,151.49
2024-11-09,ATM01,196.03
2024-11-10,ATM01,216.59
2024-11-11,ATM01,117.78
2024-11-12,ATM01,130.64
2024-11-13,ATM01,120.47
2024-11-14,ATM01,126.88
2024-11-15,ATM01,156.83
2024-11-16,ATM01,267.54
2024-11-17,ATM01,206.92
2024-11-18,ATM01,150.61
2024-11-19,ATM01,141.28
2024-11-20,ATM01,149.57
2024-11-21,ATM01,144.81
2024-11-22,ATM01,172.58
2024-11-23,ATM01,209.72
2024-11-24,ATM01,253.04
2024-11-25,ATM01,159.93
2024-11-26,ATM01,178.66
2024-11-27,ATM01,163.52
2024-11-28,ATM01,163.29
2024-11-29,ATM01,170.32
2024-11-30,ATM01,246.27
2024-12-01,ATM01,300.21
2024-12-02,ATM01,165.78
2024-12-03,ATM01,138.48
2024-12-04,ATM01,129.24
2024-12-05,ATM01,134.58
2024-12-06,ATM01,137.62
2024-12-07,ATM01,179.67
2024-12-08,ATM01,212.66
2024-12-09,ATM01,154.51
2024-12-10,ATM01,186.15
2024-12-11,ATM01,151.44
2024-12-12,ATM01,167.99
2024-12-13,ATM01,180.11
2024-12-14,ATM01,213.43
2024-12-15,ATM01,284.36
2024-12-16,ATM01,167.79
2024-12-17,ATM01,166.52
2024-12-18,ATM01,165.95
2024-12-19,ATM01,144.82
2024-12-20,ATM01,156.37
2024-12-21,ATM01,247.22
2024-12-22,ATM01,253.98
2024-12-23,ATM01,148.24
2024-12-24,ATM01,155.63
2024-12-25,ATM01,286.48
2024-12-26,ATM01,216.23
2024-12-27,ATM01,228.12
2024-12-28,ATM01,344.76
2024-12-29,ATM01,399.69
2024-12-30,ATM01,226.44
2024-12-31,ATM01,231.35
2025-01-01,ATM01,264.9
2025-01-02,ATM01,204.83
2025-01-03,ATM01,199.89
2025-01-04,ATM01,250.31
2025-01-05,ATM01,254.29
2025-01-06,ATM01,128.03
2025-01-07,ATM01,143.4
2025-01-08,ATM01,127.43
2025-01-09,ATM01,125.25
2025-01-10,ATM01,172.29
2025-01-11,ATM01,232.7
2025-01-12,ATM01,264.9
2025-01-13,ATM01,138.21
2025-01-14,ATM01,117.16
2025-01-15,ATM01,127.31
2025-01-16,ATM01,133.73
2025-01-17,ATM01,159.09
2025-01-18,ATM01,231.71
2025-01-19,ATM01,215.61
2025-01-20,ATM01,134.83
2025-01-21,ATM01,117.89
2025-01-22,ATM01,137.65
2025-01-23,ATM01,136.92
2025-01-24,ATM01,146.68
2025-01-25,ATM01,230.44
2025-01-26,ATM01,242.27
2025-01-27,ATM01,146.6
2025-01-28,ATM01,183.21
2025-01-29,ATM01,226.95
2025-01-30,ATM01,163.83
2025-01-31,ATM01,151.47
2025-02-01,ATM01,200.2
2025-02-02,ATM01,225.3
2025-02-03,ATM01,119.65
2025-02-04,ATM01,149.53
2025-02-05,ATM01,147.63
2025-02-06,ATM01,167.85
2025-02-07,ATM01,181.25
2025-02-08,ATM01,224.45
2025-02-09,ATM01,225.69
2025-02-10,ATM01,128.78
2025-02-11,ATM01,155.23
2025-02-12,ATM01,114.65
2025-02-13,ATM01,100.95
2025-02-14,ATM01,130.57
2025-02-15,ATM01,186.95
2025-02-16,ATM01,219.17
2025-02-17,ATM01,137.29
2025-02-18,ATM01,126.69
2025-02-19,ATM01,150.96
2025-02-20,ATM01,159.38
2025-02-21,ATM01,173.59
2025-02-22,ATM01,235.72
2025-02-23,ATM01,232.2
2025-02-24,ATM01,125.66
2025-02-25,ATM01,164.45
2025-02-26,ATM01,169.71
2025-02-27,ATM01,165.74
2025-02-28,ATM01,224.91
2025-03-01,ATM01,201.0
2025-03-02,ATM01,198.26
2025-03-03,ATM01,106.62
2025-03-04,ATM01,116.86
2025-03-05,ATM01,130.49
2025-03-06,ATM01,116.43
2025-03-07,ATM01,136.66
2025-03-08,ATM01,178.6
2025-03-09,ATM01,268.75
2025-03-10,ATM01,172.95
2025-03-11,ATM01,144.47
2025-03-12,ATM01,143.37
2025-03-13,ATM01,129.1
2025-03-14,ATM01,133.56
2025-03-15,ATM01,200.15
2025-03-16,ATM01,203.89
2025-03-17,ATM01,137.12
2025-03-18,ATM01,122.73
2025-03-19,ATM01,136.86
2025-03-20,ATM01,156.31
2025-03-21,ATM01,200.12
2025-03-22,ATM01,272.27
2025-03-23,ATM01,241.37
2025-03-24,ATM01,175.01
2025-03-25,ATM01,191.26
2025-03-26,ATM01,229.25
2025-03-27,ATM01,227.74
2025-03-28,ATM01,229.84
2025-03-29,ATM01,313.63
2025-03-30,ATM01,362.97
2025-03-31,ATM01,190.68
2025-04-01,ATM01,181.09
2025-04-02,ATM01,173.2
2025-04-03,ATM01,155.24
2025-04-04,ATM01,158.62
2025-04-05,ATM01,214.61
2025-04-06,ATM01,259.36
2025-04-07,ATM01,171.53
2025-04-08,ATM01,126.44
2025-04-09,ATM01,121.52
2025-04-10,ATM01,144.11
2025-04-11,ATM01,141.88
2025-04-12,ATM01,165.3
2025-04-13,ATM01,181.02
2025-04-14,ATM01,125.28
2025-04-15,ATM01,124.75
2025-04-16,ATM01,124.1
2025-04-17,ATM01,120.34
2025-04-18,ATM01,137.88
2025-04-19,ATM01,172.62
2025-04-20,ATM01,250.4
2025-04-21,ATM01,142.14
2025-04-22,ATM01,147.11
2025-04-23,ATM01,135.97
2025-04-24,ATM01,132.22
2025-04-25,ATM01,172.48
2025-04-26,ATM01,173.55
2025-04-27,ATM01,185.41
2025-04-28,ATM01,108.77
2025-04-29,ATM01,102.05
2025-04-30,ATM01,117.89
2025-05-01,ATM01,210.29
2025-05-02,ATM01,187.15
2025-05-03,ATM01,245.22
2025-05-04,ATM01,246.17
2025-05-05,ATM01,153.42
2025-05-06,ATM01,128.98
2025-05-07,ATM01,147.73
2025-05-08,ATM01,156.52
2025-05-09,ATM01,162.33
2025-05-10,ATM01,211.58
2025-05-11,ATM01,226.78
2025-05-12,ATM01,123.6
2025-05-13,ATM01,110.53
2025-05-14,ATM01,110.53
2025-05-15,ATM01,123.88
2025-05-16,ATM01,156.19
2025-05-17,ATM01,183.85
2025-05-18,ATM01,200.49
2025-05-19,ATM01,132.17
2025-05-20,ATM01,137.87
2025-05-21,ATM01,164.86
2025-05-22,ATM01,168.93
2025-05-23,ATM01,155.07
2025-05-24,ATM01,240.47
2025-05-25,ATM01,255.16
2025-05-26,ATM01,171.47
2025-05-27,ATM01,161.19
2025-05-28,ATM01,157.43
2025-05-29,ATM01,130.19
2025-05-30,ATM01,166.93
2025-05-31,ATM01,192.22
2025-06-01,ATM01,325.57
2025-06-02,ATM01,178.98
2025-06-03,ATM01,131.89
2025-06-04,ATM01,145.24
2025-06-05,ATM01,132.02
2025-06-06,ATM01,193.84
2025-06-07,ATM01,220.45
2025-06-08,ATM01,222.59
2025-06-09,ATM01,162.37
2025-06-10,ATM01,130.28
2025-06-11,ATM01,150.93
2025-06-12,ATM01,142.31
2025-06-13,ATM01,174.59
2025-06-14,ATM01,200.25
2025-06-15,ATM01,206.06
2025-06-16,ATM01,123.76
2025-06-17,ATM01,113.76
2025-06-18,ATM01,136.74
2025-06-19,ATM01,144.57
2025-06-20,ATM01,171.85
2025-06-21,ATM01,247.16
2025-06-22,ATM01,266.96
2025-06-23,ATM01,135.05
2025-06-24,ATM01,135.06
2025-06-25,ATM01,153.78
2025-06-26,ATM01,157.16
2025-06-27,ATM01,172.87
2025-06-28,ATM01,276.29
2025-06-29,ATM01,275.18
2025-06-30,ATM01,153.88
2025-07-01,ATM01,173.19
2025-07-02,ATM01,133.56
2025-07-03,ATM01,104.06
2025-07-04,ATM01,156.28
2025-07-05,ATM01,207.6
2025-07-06,ATM01,223.06
2025-07-07,ATM01,115.69
2025-07-08,ATM01,124.37
2025-07-09,ATM01,170.0
2025-07-10,ATM01,158.01
2025-07-11,ATM01,170.38
2025-07-12,ATM01,197.71
2025-07-13,ATM01,196.73
2025-07-14,ATM01,96.87
2025-07-15,ATM01,114.61
2025-07-16,ATM01,139.62
2025-07-17,ATM01,113.94
2025-07-18,ATM01,134.12
2025-07-19,ATM01,163.93
2025-07-20,ATM01,169.71
2025-07-21,ATM01,115.16
2025-07-22,ATM01,95.69
2025-07-23,ATM01,125.42
2025-07-24,ATM01,140.18
2025-07-25,ATM01,184.72
2025-07-26,ATM01,180.83
2025-07-27,ATM01,195.28
2025-07-28,ATM01,154.28
2025-07-29,ATM01,111.72
2025-07-30,ATM01,133.64
2025-07-31,ATM01,128.82
2025-08-01,ATM01,183.87
2025-08-02,ATM01,219.96
2025-08-03,ATM01,219.62
2025-08-04,ATM01,141.08
2025-08-05,ATM01,166.41
2025-08-06,ATM01,151.64
2025-08-07,ATM01,151.04
2025-08-08,ATM01,143.32
2025-08-09,ATM01,225.35
2025-08-10,ATM01,194.73
2025-08-11,ATM01,114.28
2025-08-12,ATM01,119.4
2025-08-13,ATM01,108.83
2025-08-14,ATM01,123.89
2025-08-15,ATM01,166.16
2025-08-16,ATM01,211.19
2025-08-17,ATM01,230.26
2025-08-18,ATM01,114.82
2025-08-19,ATM01,130.06
2025-08-20,ATM01,109.18
2025-08-21,ATM01,107.42
2025-08-22,ATM01,154.18
2025-08-23,ATM01,203.55
2025-08-24,ATM01,216.96
2025-08-25,ATM01,187.63
2025-08-26,ATM01,173.91
2025-08-27,ATM01,181.69
2025-08-28,ATM01,226.32
2025-08-29,ATM01,211.27
2025-08-30,ATM01,230.4
2025-08-31,ATM01,253.86
2025-09-01,ATM01,158.58
2025-09-02,ATM01,144.42
2025-09-03,ATM01,122.49
2025-09-04,ATM01,169.28
2025-09-05,ATM01,183.65
2025-09-06,ATM01,203.38
2025-09-07,ATM01,236.39
2025-09-08,ATM01,134.96
2025-09-09,ATM01,129.2
2025-09-10,ATM01,138.41
2025-09-11,ATM01,116.47
2025-09-12,ATM01,150.64
2025-09-13,ATM01,240.85
2025-09-14,ATM01,234.96
2025-09-15,ATM01,126.49
2025-09-16,ATM01,118.1
2025-09-17,ATM01,122.53
2025-09-18,ATM01,123.51
2025-09-19,ATM01,142.64
2025-09-20,ATM01,210.47
2025-09-21,ATM01,173.49
2025-09-22,ATM01,126.37
2025-09-23,ATM01,119.63
2025-09-24,ATM01,134.3
2025-09-25,ATM01,140.22
2025-09-26,ATM01,201.29
2025-09-27,ATM01,281.51
2025-09-28,ATM01,293.78
2025-09-29,ATM01,136.23
2025-09-30,ATM01,156.16
2025-10-01,ATM01,167.78
2025-10-02,ATM01,135.38
2025-10-03,ATM01,150.72
2025-10-04,ATM01,209.38
2025-10-05,ATM01,229.6
2025-10-06,ATM01,137.1
2025-10-07,ATM01,137.78
2025-10-08,ATM01,166.5
2025-10-09,ATM01,171.94
2025-10-10,ATM01,122.39
2025-10-11,ATM01,171.18
2025-10-12,ATM01,187.49
2025-10-13,ATM01,97.96
2025-10-14,ATM01,112.17
2025-10-15,ATM01,143.31
2025-10-16,ATM01,120.61
2025-10-17,ATM01,152.25
2025-10-18,ATM01,176.71
2025-10-19,ATM01,179.75
2025-10-20,ATM01,137.03
2025-10-21,ATM01,121.55
2025-10-22,ATM01,136.18
2025-10-23,ATM01,108.05
2025-10-24,ATM01,171.28
2025-10-25,ATM01,264.06
2025-10-26,ATM01,251.07
2025-10-27,ATM01,159.33
2025-10-28,ATM01,130.63
2025-10-29,ATM01,168.22
2025-10-30,ATM01,155.64
2025-10-31,ATM01,177.64
2025-11-01,ATM01,219.1
2025-11-02,ATM01,220.81
2025-11-03,ATM01,134.5
2025-11-04,ATM01,135.71
2025-11-05,ATM01,150.68
2025-11-06,ATM01,143.13
2025-11-07,ATM01,172.79
2025-11-08,ATM01,203.6
2025-11-09,ATM01,271.66
2025-11-10,ATM01,114.76
2025-11-11,ATM01,136.58
2025-11-12,ATM01,158.24
2025-11-13,ATM01,129.06
2025-11-14,ATM01,192.79
2025-11-15,ATM01,241.85
2025-11-16,ATM01,247.36
2025-11-17,ATM01,134.53
2025-11-18,ATM01,124.61
2025-11-19,ATM01,127.57
2025-11-20,ATM01,134.21
2025-11-21,ATM01,179.01
2025-11-22,ATM01,213.73
2025-11-23,ATM01,190.09
2025-11-24,ATM01,130.35
2025-11-25,ATM01,166.98
2025-11-26,ATM01,176.8
2025-11-27,ATM01,178.56
2025-11-28,ATM01,187.09
2025-11-29,ATM01,213.17
2025-11-30,ATM01,210.75
2025-12-01,ATM01,115.09
2025-12-02,ATM01,134.81
2025-12-03,ATM01,130.69
2025-12-04,ATM01,127.69
2025-12-05,ATM01,111.78
2025-12-06,ATM01,152.38
2025-12-07,ATM01,210.51
2025-12-08,ATM01,119.47
2025-12-09,ATM01,129.72
2025-12-10,ATM01,110.9
2025-12-11,ATM01,141.13
2025-12-12,ATM01,154.18
2025-12-13,ATM01,201.85
2025-12-14,ATM01,263.97
2025-12-15,ATM01,203.42
2025-12-16,ATM01,167.59
2025-12-17,ATM01,157.57
2025-12-18,ATM01,153.81
2025-12-19,ATM01,194.58
2025-12-20,ATM01,242.46
2025-12-21,ATM01,240.11
2025-12-22,ATM01,175.24
2025-12-23,ATM01,159.96
2025-12-24,ATM01,211.97
2025-12-25,ATM01,286.87
2025-12-26,ATM01,290.95
2025-12-27,ATM01,337.77
2025-12-28,ATM01,357.56
2025-12-29,ATM01,181.97
2025-12-30,ATM01,165.69
2025-12-31,ATM01,194.32
2022-01-01,ATM02,458.39
2022-01-02,ATM02,314.82
2022-01-03,ATM02,156.67
2022-01-04,ATM02,145.91
2022-01-05,ATM02,183.93
2022-01-06,ATM02,222.44
2022-01-07,ATM02,249.4
2022-01-08,ATM02,245.99
2022-01-09,ATM02,284.28
2022-01-10,ATM02,171.48
2022-01-11,ATM02,225.01
2022-01-12,ATM02,182.12
2022-01-13,ATM02,181.46
2022-01-14,ATM02,266.16
2022-01-15,ATM02,330.37
2022-01-16,ATM02,341.43
2022-01-17,ATM02,197.0
2022-01-18,ATM02,197.13
2022-01-19,ATM02,219.32
2022-01-20,ATM02,188.33
2022-01-21,ATM02,246.99
2022-01-22,ATM02,261.29
2022-01-23,ATM02,299.26
2022-01-24,ATM02,186.89
2022-01-25,ATM02,208.09
2022-01-26,ATM02,227.4
2022-01-27,ATM02,215.91
2022-01-28,ATM02,234.21
2022-01-29,ATM02,315.36
2022-01-30,ATM02,307.43
2022-01-31,ATM02,212.37
2022-02-01,ATM02,248.81
2022-02-02,ATM02,237.33
2022-02-03,ATM02,182.76
2022-02-04,ATM02,214.46
2022-02-05,ATM02,274.68
2022-02-06,ATM02,352.36
2022-02-07,ATM02,211.01
2022-02-08,ATM02,197.55
2022-02-09,ATM02,219.55
2022-02-10,ATM02,158.92
2022-02-11,ATM02,206.51
2022-02-12,ATM02,348.82
2022-02-13,ATM02,333.12
2022-02-14,ATM02,193.5
2022-02-15,ATM02,199.97
2022-02-16,ATM02,223.24
2022-02-17,ATM02,166.3
2022-02-18,ATM02,175.92
2022-02-19,ATM02,266.51
2022-02-20,ATM02,268.75
2022-02-21,ATM02,201.36
2022-02-22,ATM02,185.06
2022-02-23,ATM02,157.85
2022-02-24,ATM02,154.1
2022-02-25,ATM02,181.32
2022-02-26,ATM02,284.29
2022-02-27,ATM02,323.95
2022-02-28,ATM02,199.94
2022-03-01,ATM02,237.62
2022-03-02,ATM02,275.52
2022-03-03,ATM02,218.07
2022-03-04,ATM02,195.08
2022-03-05,ATM02,301.24
2022-03-06,ATM02,336.92
2022-03-07,ATM02,205.97
2022-03-08,ATM02,222.45
2022-03-09,ATM02,192.55
2022-03-10,ATM02,235.2
2022-03-11,ATM02,222.35
2022-03-12,ATM02,313.82
2022-03-13,ATM02,259.58
2022-03-14,ATM02,154.71
2022-03-15,ATM02,200.8
2022-03-16,ATM02,196.61
2022-03-17,ATM02,214.23
2022-03-18,ATM02,243.09
2022-03-19,ATM02,297.25
2022-03-20,ATM02,354.21
2022-03-21,ATM02,191.96
2022-03-22,ATM02,153.89
2022-03-23,ATM02,164.26
2022-03-24,ATM02,191.32
2022-03-25,ATM02,281.99
2022-03-26,ATM02,298.99
2022-03-27,ATM02,311.89
2022-03-28,ATM02,192.85
2022-03-29,ATM02,199.12
2022-03-30,ATM02,191.37
2022-03-31,ATM02,198.9
2022-04-01,ATM02,233.51
2022-04-02,ATM02,355.08
2022-04-03,ATM02,352.21
2022-04-04,ATM02,199.53
2022-04-05,ATM02,188.22
2022-04-06,ATM02,205.82
2022-04-07,ATM02,187.96
2022-04-08,ATM02,202.98
2022-04-09,ATM02,257.84
2022-04-10,ATM02,259.44
2022-04-11,ATM02,153.73
2022-04-12,ATM02,177.89
2022-04-13,ATM02,216.46
2022-04-14,ATM02,180.53
2022-04-15,ATM02,234.2
2022-04-16,ATM02,310.64
2022-04-17,ATM02,351.04
2022-04-18,ATM02,215.19
2022-04-19,ATM02,186.25
2022-04-20,ATM02,190.55
2022-04-21,ATM02,218.32
2022-04-22,ATM02,305.07
2022-04-23,ATM02,300.49
2022-04-24,ATM02,369.61
2022-04-25,ATM02,321.89
2022-04-26,ATM02,303.53
2022-04-27,ATM02,341.07
2022-04-28,ATM02,307.78
2022-04-29,ATM02,368.63
2022-04-30,ATM02,409.9
2022-05-01,ATM02,481.91
2022-05-02,ATM02,243.48
2022-05-03,ATM02,198.51
2022-05-04,ATM02,165.3
2022-05-05,ATM02,150.69
2022-05-06,ATM02,168.19
2022-05-07,ATM02,242.84
2022-05-08,ATM02,249.58
2022-05-09,ATM02,172.83
2022-05-10,ATM02,175.69
2022-05-11,ATM02,191.0
2022-05-12,ATM02,192.92
2022-05-13,ATM02,263.82
2022-05-14,ATM02,274.24
2022-05-15,ATM02,290.91
2022-05-16,ATM02,204.71
2022-05-17,ATM02,220.7
2022-05-18,ATM02,179.88
2022-05-19,ATM02,180.63
2022-05-20,ATM02,253.71
2022-05-21,ATM02,322.94
2022-05-22,ATM02,322.09
2022-05-23,ATM02,183.61
2022-05-24,ATM02,175.23
2022-05-25,ATM02,234.73
2022-05-26,ATM02,226.49
2022-05-27,ATM02,266.08
2022-05-28,ATM02,347.75
2022-05-29,ATM02,334.27
2022-05-30,ATM02,224.05
2022-05-31,ATM02,304.39
2022-06-01,ATM02,287.05
2022-06-02,ATM02,234.67
2022-06-03,ATM02,220.6
2022-06-04,ATM02,315.25
2022-06-05,ATM02,323.38
2022-06-06,ATM02,211.36
2022-06-07,ATM02,228.65
2022-06-08,ATM02,225.1
2022-06-09,ATM02,241.54
2022-06-10,ATM02,187.21
2022-06-11,ATM02,316.86
2022-06-12,ATM02,325.32
2022-06-13,ATM02,212.42
2022-06-14,ATM02,170.45
2022-06-15,ATM02,170.6
2022-06-16,ATM02,185.19
2022-06-17,ATM02,220.18
2022-06-18,ATM02,295.08
2022-06-19,ATM02,340.49
2022-06-20,ATM02,158.52
2022-06-21,ATM02,190.12
2022-06-22,ATM02,196.44
2022-06-23,ATM02,189.79
2022-06-24,ATM02,189.64
2022-06-25,ATM02,339.05
2022-06-26,ATM02,272.57
2022-06-27,ATM02,206.67
2022-06-28,ATM02,180.48
2022-06-29,ATM02,213.1
2022-06-30,ATM02,219.58
2022-07-01,ATM02,299.19
2022-07-02,ATM02,355.62
2022-07-03,ATM02,297.1
2022-07-04,ATM02,176.66
2022-07-05,ATM02,212.83
2022-07-06,ATM02,225.97
2022-07-07,ATM02,204.42
2022-07-08,ATM02,231.73
2022-07-09,ATM02,254.04
2022-07-10,ATM02,372.9
2022-07-11,ATM02,146.65
2022-07-12,ATM02,178.92
2022-07-13,ATM02,193.45
2022-07-14,ATM02,250.32
2022-07-15,ATM02,223.46
2022-07-16,ATM02,284.23
2022-07-17,ATM02,361.53
2022-07-18,ATM02,225.07
2022-07-19,ATM02,184.94
2022-07-20,ATM02,198.33
2022-07-21,ATM02,194.65
2022-07-22,ATM02,232.22
2022-07-23,ATM02,270.72
2022-07-24,ATM02,287.26
2022-07-25,ATM02,179.11
2022-07-26,ATM02,202.05
2022-07-27,ATM02,233.8
2022-07-28,ATM02,225.85
2022-07-29,ATM02,222.68
2022-07-30,ATM02,353.43
2022-07-31,ATM02,376.2
2022-08-01,ATM02,204.96
2022-08-02,ATM02,205.01
2022-08-03,ATM02,167.67
2022-08-04,ATM02,166.3
2022-08-05,ATM02,203.95
2022-08-06,ATM02,325.66
2022-08-07,ATM02,303.14
2022-08-08,ATM02,201.81
2022-08-09,ATM02,184.76
2022-08-10,ATM02,193.38
2022-08-11,ATM02,189.2
2022-08-12,ATM02,244.36
2022-08-13,ATM02,281.68
2022-08-14,ATM02,248.1
2022-08-15,ATM02,142.91
2022-08-16,ATM02,153.24
2022-08-17,ATM02,201.14
2022-08-18,ATM02,181.76
2022-08-19,ATM02,207.04
2022-08-20,ATM02,359.9
2022-08-21,ATM02,271.92
2022-08-22,ATM02,177.24
2022-08-23,ATM02,158.05
2022-08-24,ATM02,170.41
2022-08-25,ATM02,221.07
2022-08-26,ATM02,203.63
2022-08-27,ATM02,312.01
2022-08-28,ATM02,420.55
2022-08-29,ATM02,221.69
2022-08-30,ATM02,225.0
2022-08-31,ATM02,260.87
2022-09-01,ATM02,238.42
2022-09-02,ATM02,255.13
2022-09-03,ATM02,231.29
2022-09-04,ATM02,298.68
2022-09-05,ATM02,184.21
2022-09-06,ATM02,168.03
2022-09-07,ATM02,193.48
2022-09-08,ATM02,185.81
2022-09-09,ATM02,214.16
2022-09-10,ATM02,292.67
2022-09-11,ATM02,258.55
2022-09-12,ATM02,189.87
2022-09-13,ATM02,158.05
2022-09-14,ATM02,167.06
2022-09-15,ATM02,221.83
2022-09-16,ATM02,269.38
2022-09-17,ATM02,314.85
2022-09-18,ATM02,279.03
2022-09-19,ATM02,165.14
2022-09-20,ATM02,174.43
2022-09-21,ATM02,188.54
2022-09-22,ATM02,187.62
2022-09-23,ATM02,219.84
2022-09-24,ATM02,277.53
2022-09-25,ATM02,299.25
2022-09-26,ATM02,188.58
2022-09-27,ATM02,224.45
2022-09-28,ATM02,199.93
2022-09-29,ATM02,210.57
2022-09-30,ATM02,234.61
2022-10-01,ATM02,327.3
2022-10-02,ATM02,333.26
2022-10-03,ATM02,217.64
2022-10-04,ATM02,213.71
2022-10-05,ATM02,183.73
2022-10-06,ATM02,208.06
2022-10-07,ATM02,218.95
2022-10-08,ATM02,274.63
2022-10-09,ATM02,310.62
2022-10-10,ATM02,169.3
2022-10-11,ATM02,192.79
2022-10-12,ATM02,180.15
2022-10-13,ATM02,173.22
2022-10-14,ATM02,197.73
2022-10-15,ATM02,254.25
2022-10-16,ATM02,316.65
2022-10-17,ATM02,198.23
2022-10-18,ATM02,226.34
2022-10-19,ATM02,270.48
2022-10-20,ATM02,198.69
2022-10-21,ATM02,227.73
2022-10-22,ATM02,253.23
2022-10-23,ATM02,257.01
2022-10-24,ATM02,157.06
2022-10-25,ATM02,180.33
2022-10-26,ATM02,187.28
2022-10-27,ATM02,205.14
2022-10-28,ATM02,221.59
2022-10-29,ATM02,345.11
2022-10-30,ATM02,321.46
2022-10-31,ATM02,280.2
2022-11-01,ATM02,230.32
2022-11-02,ATM02,236.5
2022-11-03,ATM02,177.26
2022-11-04,ATM02,267.18
2022-11-05,ATM02,361.38
2022-11-06,ATM02,350.22
2022-11-07,ATM02,172.13
2022-11-08,ATM02,185.75
2022-11-09,ATM02,175.78
2022-11-10,ATM02,209.47
2022-11-11,ATM02,252.63
2022-11-12,ATM02,304.79
2022-11-13,ATM02,232.48
2022-11-14,ATM02,144.22
2022-11-15,ATM02,175.0
2022-11-16,ATM02,214.16
2022-11-17,ATM02,225.96
2022-11-18,ATM02,200.64
2022-11-19,ATM02,280.95
2022-11-20,ATM02,327.48
2022-11-21,ATM02,156.16
2022-11-22,ATM02,167.94
2022-11-23,ATM02,189.51
2022-11-24,ATM02,183.07
2022-11-25,ATM02,212.73
2022-11-26,ATM02,297.49
2022-11-27,ATM02,320.32
2022-11-28,ATM02,201.72
2022-11-29,ATM02,195.9
2022-11-30,ATM02,207.42
2022-12-01,ATM02,216.82
2022-12-02,ATM02,272.09
2022-12-03,ATM02,294.12
2022-12-04,ATM02,294.85
2022-12-05,ATM02,186.31
2022-12-06,ATM02,152.0
2022-12-07,ATM02,191.16
2022-12-08,ATM02,195.97
2022-12-09,ATM02,232.22
2022-12-10,ATM02,313.87
2022-12-11,ATM02,248.02
2022-12-12,ATM02,132.93
2022-12-13,ATM02,160.92
2022-12-14,ATM02,180.02
2022-12-15,ATM02,235.19
2022-12-16,ATM02,261.08
2022-12-17,ATM02,371.53
2022-12-18,ATM02,415.34
2022-12-19,ATM02,248.27
2022-12-20,ATM02,227.12
2022-12-21,ATM02,188.55
2022-12-22,ATM02,231.9
2022-12-23,ATM02,312.09
2022-12-24,ATM02,401.55
2022-12-25,ATM02,549.49
2022-12-26,ATM02,282.34
2022-12-27,ATM02,300.84
2022-12-28,ATM02,353.91
2022-12-29,ATM02,283.87
2022-12-30,ATM02,322.09
2022-12-31,ATM02,455.18
2023-01-01,ATM02,474.79
2023-01-02,ATM02,191.94
2023-01-03,ATM02,188.04
2023-01-04,ATM02,212.38
2023-01-05,ATM02,207.14
2023-01-06,ATM02,242.43
2023-01-07,ATM02,296.13
2023-01-08,ATM02,363.26
2023-01-09,ATM02,183.08
2023-01-10,ATM02,164.4
2023-01-11,ATM02,181.82
2023-01-12,ATM02,203.98
2023-01-13,ATM02,192.96
2023-01-14,ATM02,230.43
2023-01-15,ATM02,213.36
2023-01-16,ATM02,154.58
2023-01-17,ATM02,147.46
2023-01-18,ATM02,165.69
2023-01-19,ATM02,190.92
2023-01-20,ATM02,205.7
2023-01-21,ATM02,280.86
2023-01-22,ATM02,366.95
2023-01-23,ATM02,188.02
2023-01-24,ATM02,191.82
2023-01-25,ATM02,216.28
2023-01-26,ATM02,217.09
2023-01-27,ATM02,289.88
2023-01-28,ATM02,368.68
2023-01-29,ATM02,312.44
2023-01-30,ATM02,217.08
2023-01-31,ATM02,190.47
2023-02-01,ATM02,250.24
2023-02-02,ATM02,264.21
2023-02-03,ATM02,257.35
2023-02-04,ATM02,317.9
2023-02-05,ATM02,310.98
2023-02-06,ATM02,202.77
2023-02-07,ATM02,186.54
2023-02-08,ATM02,203.35
2023-02-09,ATM02,220.96
2023-02-10,ATM02,215.61
2023-02-11,ATM02,261.01
2023-02-12,ATM02,247.19
2023-02-13,ATM02,146.14
2023-02-14,ATM02,132.75
2023-02-15,ATM02,178.35
2023-02-16,ATM02,223.53
2023-02-17,ATM02,276.73
2023-02-18,ATM02,261.22
2023-02-19,ATM02,305.27
2023-02-20,ATM02,211.16
2023-02-21,ATM02,182.1
2023-02-22,ATM02,191.8
2023-02-23,ATM02,151.71
2023-02-24,ATM02,204.54
2023-02-25,ATM02,290.94
2023-02-26,ATM02,334.21
2023-02-27,ATM02,175.05
2023-02-28,ATM02,206.44
2023-03-01,ATM02,248.21
2023-03-02,ATM02,215.42
2023-03-03,ATM02,200.33
2023-03-04,ATM02,219.83
2023-03-05,ATM02,261.32
2023-03-06,ATM02,162.95
2023-03-07,ATM02,148.23
2023-03-08,ATM02,187.49
2023-03-09,ATM02,183.89
2023-03-10,ATM02,187.28
2023-03-11,ATM02,246.23
2023-03-12,ATM02,308.42
2023-03-13,ATM02,193.61
2023-03-14,ATM02,181.31
2023-03-15,ATM02,202.38
2023-03-16,ATM02,170.38
2023-03-17,ATM02,209.76
2023-03-18,ATM02,279.79
2023-03-19,ATM02,275.62
2023-03-20,ATM02,180.62
2023-03-21,ATM02,163.53
2023-03-22,ATM02,190.81
2023-03-23,ATM02,200.25
2023-03-24,ATM02,163.0
2023-03-25,ATM02,336.03
2023-03-26,ATM02,249.07
2023-03-27,ATM02,169.87
2023-03-28,ATM02,214.4
2023-03-29,ATM02,217.46
2023-03-30,ATM02,187.96
2023-03-31,ATM02,213.94
2023-04-01,ATM02,350.84
2023-04-02,ATM02,296.79
2023-04-03,ATM02,205.37
2023-04-04,ATM02,204.38
2023-04-05,ATM02,192.55
2023-04-06,ATM02,197.38
2023-04-07,ATM02,224.26
2023-04-08,ATM02,354.01
2023-04-09,ATM02,400.65
2023-04-10,ATM02,184.02
2023-04-11,ATM02,194.39
2023-04-12,ATM02,202.42
2023-04-13,ATM02,257.04
2023-04-14,ATM02,251.89
2023-04-15,ATM02,418.07
2023-04-16,ATM02,409.71
2023-04-17,ATM02,216.02
2023-04-18,ATM02,215.64
2023-04-19,ATM02,226.91
2023-04-20,ATM02,216.57
2023-04-21,ATM02,289.95
2023-04-22,ATM02,274.83
2023-04-23,ATM02,246.42
2023-04-24,ATM02,131.4
2023-04-25,ATM02,143.11
2023-04-26,ATM02,162.82
2023-04-27,ATM02,165.29
2023-04-28,ATM02,194.94
2023-04-29,ATM02,350.23
2023-04-30,ATM02,343.41
2023-05-01,ATM02,271.82
2023-05-02,ATM02,168.81
2023-05-03,ATM02,163.39
2023-05-04,ATM02,183.85
2023-05-05,ATM02,198.71
2023-05-06,ATM02,307.4
2023-05-07,ATM02,273.1
2023-05-08,ATM02,171.06
2023-05-09,ATM02,167.83
2023-05-10,ATM02,180.51
2023-05-11,ATM02,170.8
2023-05-12,ATM02,202.41
2023-05-13,ATM02,263.08
2023-05-14,ATM02,259.52
2023-05-15,ATM02,176.17
2023-05-16,ATM02,180.27
2023-05-17,ATM02,186.03
2023-05-18,ATM02,177.1
2023-05-19,ATM02,231.28
2023-05-20,ATM02,279.24
2023-05-21,ATM02,279.3
2023-05-22,ATM02,174.55
2023-05-23,ATM02,210.67
2023-05-24,ATM02,173.81
2023-05-25,ATM02,235.11
2023-05-26,ATM02,215.96
2023-05-27,ATM02,314.48
2023-05-28,ATM02,400.46
2023-05-29,ATM02,236.62
2023-05-30,ATM02,225.69
2023-05-31,ATM02,215.85
2023-06-01,ATM02,286.05
2023-06-02,ATM02,250.99
2023-06-03,ATM02,266.06
2023-06-04,ATM02,282.47
2023-06-05,ATM02,182.88
2023-06-06,ATM02,169.26
2023-06-07,ATM02,172.33
2023-06-08,ATM02,159.3
2023-06-09,ATM02,217.48
2023-06-10,ATM02,287.96
2023-06-11,ATM02,300.09
2023-06-12,ATM02,197.93
2023-06-13,ATM02,186.53
2023-06-14,ATM02,198.84
2023-06-15,ATM02,197.5
2023-06-16,ATM02,219.93
2023-06-17,ATM02,263.82
2023-06-18,ATM02,358.65
2023-06-19,ATM02,183.43
2023-06-20,ATM02,165.84
2023-06-21,ATM02,189.38
2023-06-22,ATM02,192.04
2023-06-23,ATM02,187.88
2023-06-24,ATM02,294.67
2023-06-25,ATM02,350.75
2023-06-26,ATM02,186.64
2023-06-27,ATM02,226.49
2023-06-28,ATM02,245.91
2023-06-29,ATM02,262.6
2023-06-30,ATM02,301.4
2023-07-01,ATM02,382.75
2023-07-02,ATM02,366.7
2023-07-03,ATM02,226.29
2023-07-04,ATM02,205.93
2023-07-05,ATM02,204.7
2023-07-06,ATM02,185.59
2023-07-07,ATM02,237.5
2023-07-08,ATM02,314.66
2023-07-09,ATM02,314.34
2023-07-10,ATM02,162.03
2023-07-11,ATM02,170.97
2023-07-12,ATM02,181.42
2023-07-13,ATM02,158.02
2023-07-14,ATM02,170.62
2023-07-15,ATM02,265.05
2023-07-16,ATM02,211.23
2023-07-17,ATM02,155.12
2023-07-18,ATM02,156.74
2023-07-19,ATM02,202.93
2023-07-20,ATM02,182.2
2023-07-21,ATM02,229.87
2023-07-22,ATM02,272.55
2023-07-23,ATM02,288.25
2023-07-24,ATM02,189.08
2023-07-25,ATM02,205.87
2023-07-26,ATM02,244.97
2023-07-27,ATM02,207.4
2023-07-28,ATM02,258.67
2023-07-29,ATM02,367.2
2023-07-30,ATM02,386.8
2023-07-31,ATM02,271.54
2023-08-01,ATM02,215.85
2023-08-02,ATM02,192.61
2023-08-03,ATM02,164.34
2023-08-04,ATM02,226.42
2023-08-05,ATM02,308.16
2023-08-06,ATM02,313.89
2023-08-07,ATM02,165.19
2023-08-08,ATM02,190.69
2023-08-09,ATM02,172.99
2023-08-10,ATM02,197.86
2023-08-11,ATM02,303.43
2023-08-12,ATM02,335.44
2023-08-13,ATM02,332.83
2023-08-14,ATM02,175.97
2023-08-15,ATM02,143.04
2023-08-16,ATM02,157.56
2023-08-17,ATM02,197.55
2023-08-18,ATM02,167.75
2023-08-19,ATM02,298.11
2023-08-20,ATM02,304.9
2023-08-21,ATM02,186.13
2023-08-22,ATM02,172.96
2023-08-23,ATM02,179.85
2023-08-24,ATM02,202.16
2023-08-25,ATM02,267.31
2023-08-26,ATM02,356.35
2023-08-27,ATM02,346.74
2023-08-28,ATM02,201.29
2023-08-29,ATM02,175.46
2023-08-30,ATM02,164.01
2023-08-31,ATM02,187.27
2023-09-01,ATM02,240.16
2023-09-02,ATM02,277.95
2023-09-03,ATM02,278.67
2023-09-04,ATM02,177.92
2023-09-05,ATM02,142.71
2023-09-06,ATM02,156.83
2023-09-07,ATM02,184.44
2023-09-08,ATM02,230.94
2023-09-09,ATM02,258.72
2023-09-10,ATM02,274.83
2023-09-11,ATM02,190.4
2023-09-12,ATM02,196.67
2023-09-13,ATM02,191.94
2023-09-14,ATM02,177.59
2023-09-15,ATM02,196.54
2023-09-16,ATM02,278.4
2023-09-17,ATM02,292.64
2023-09-18,ATM02,187.5
2023-09-19,ATM02,181.85
2023-09-20,ATM02,204.81
2023-09-21,ATM02,194.45
2023-09-22,ATM02,239.08
2023-09-23,ATM02,317.71
2023-09-24,ATM02,278.11
2023-09-25,ATM02,168.11
2023-09-26,ATM02,223.45
2023-09-27,ATM02,233.42
2023-09-28,ATM02,186.76
2023-09-29,ATM02,220.01
2023-09-30,ATM02,334.52
2023-10-01,ATM02,333.22
2023-10-02,ATM02,193.65
2023-10-03,ATM02,207.0
2023-10-04,ATM02,182.42
2023-10-05,ATM02,172.61
2023-10-06,ATM02,219.49
2023-10-07,ATM02,299.18
2023-10-08,ATM02,322.23
2023-10-09,ATM02,208.28
2023-10-10,ATM02,186.86
2023-10-11,ATM02,199.7
2023-10-12,ATM02,184.67
2023-10-13,ATM02,215.49
2023-10-14,ATM02,278.43
2023-10-15,ATM02,292.81
2023-10-16,ATM02,190.2
2023-10-17,ATM02,191.43
2023-10-18,ATM02,192.15
2023-10-19,ATM02,170.78
2023-10-20,ATM02,208.06
2023-10-21,ATM02,269.89
2023-10-22,ATM02,287.92
2023-10-23,ATM02,220.92
2023-10-24,ATM02,181.78
2023-10-25,ATM02,234.75
2023-10-26,ATM02,253.87
2023-10-27,ATM02,275.73
2023-10-28,ATM02,439.16
2023-10-29,ATM02,371.95
2023-10-30,ATM02,222.71
2023-10-31,ATM02,195.59
2023-11-01,ATM02,205.18
2023-11-02,ATM02,218.26
2023-11-03,ATM02,246.96
2023-11-04,ATM02,312.49
2023-11-05,ATM02,356.76
2023-11-06,ATM02,194.87
2023-11-07,ATM02,181.02
2023-11-08,ATM02,258.91
2023-11-09,ATM02,229.91
2023-11-10,ATM02,212.2
2023-11-11,ATM02,252.74
2023-11-12,ATM02,246.39
2023-11-13,ATM02,178.89
2023-11-14,ATM02,168.02
2023-11-15,ATM02,182.56
2023-11-16,ATM02,180.84
2023-11-17,ATM02,229.28
2023-11-18,ATM02,257.23
2023-11-19,ATM02,244.65
2023-11-20,ATM02,164.81
2023-11-21,ATM02,180.0
2023-11-22,ATM02,192.52
2023-11-23,ATM02,170.56
2023-11-24,ATM02,221.9
2023-11-25,ATM02,307.5
2023-11-26,ATM02,311.35
2023-11-27,ATM02,178.51
2023-11-28,ATM02,222.69
2023-11-29,ATM02,242.0
2023-11-30,ATM02,244.07
2023-12-01,ATM02,306.74
2023-12-02,ATM02,484.41
2023-12-03,ATM02,295.99
2023-12-04,ATM02,166.64
2023-12-05,ATM02,163.24
2023-12-06,ATM02,166.88
2023-12-07,ATM02,160.21
2023-12-08,ATM02,199.89
2023-12-09,ATM02,239.45
2023-12-10,ATM02,269.15
2023-12-11,ATM02,168.6
2023-12-12,ATM02,179.24
2023-12-13,ATM02,195.65
2023-12-14,ATM02,200.42
2023-12-15,ATM02,265.36
2023-12-16,ATM02,429.78
2023-12-17,ATM02,401.79
2023-12-18,ATM02,184.85
2023-12-19,ATM02,179.34
2023-12-20,ATM02,172.7
2023-12-21,ATM02,200.77
2023-12-22,ATM02,246.84
2023-12-23,ATM02,312.76
2023-12-24,ATM02,423.22
2023-12-25,ATM02,384.7
2023-12-26,ATM02,296.19
2023-12-27,ATM02,261.45
2023-12-28,ATM02,239.08
2023-12-29,ATM02,300.25
2023-12-30,ATM02,405.04
2023-12-31,ATM02,343.34
2024-01-01,ATM02,238.05
2024-01-02,ATM02,195.11
2024-01-03,ATM02,183.08
2024-01-04,ATM02,171.66
2024-01-05,ATM02,200.49
2024-01-06,ATM02,268.38
2024-01-07,ATM02,291.87
2024-01-08,ATM02,191.55
2024-01-09,ATM02,209.04
2024-01-10,ATM02,186.68
2024-01-11,ATM02,174.36
2024-01-12,ATM02,217.63
2024-01-13,ATM02,293.97
2024-01-14,ATM02,277.85
2024-01-15,ATM02,185.11
2024-01-16,ATM02,197.06
2024-01-17,ATM02,222.09
2024-01-18,ATM02,240.96
2024-01-19,ATM02,218.01
2024-01-20,ATM02,275.39
2024-01-21,ATM02,283.23
2024-01-22,ATM02,169.26
2024-01-23,ATM02,158.16
2024-01-24,ATM02,148.15
2024-01-25,ATM02,200.12
2024-01-26,ATM02,223.99
2024-01-27,ATM02,310.49
2024-01-28,ATM02,302.33
2024-01-29,ATM02,172.52
2024-01-30,ATM02,194.27
2024-01-31,ATM02,215.0
2024-02-01,ATM02,229.88
2024-02-02,ATM02,329.81
2024-02-03,ATM02,333.23
2024-02-04,ATM02,335.42
2024-02-05,ATM02,169.19
2024-02-06,ATM02,152.09
2024-02-07,ATM02,210.47
2024-02-08,ATM02,180.2
2024-02-09,ATM02,193.45
2024-02-10,ATM02,328.14
2024-02-11,ATM02,268.98
2024-02-12,ATM02,151.18
2024-02-13,ATM02,155.93
2024-02-14,ATM02,198.18
2024-02-15,ATM02,171.99
2024-02-16,ATM02,176.46
2024-02-17,ATM02,276.86
2024-02-18,ATM02,298.83
2024-02-19,ATM02,163.44
2024-02-20,ATM02,140.27
2024-02-21,ATM02,152.02
2024-02-22,ATM02,165.72
2024-02-23,ATM02,229.87
2024-02-24,ATM02,250.73
2024-02-25,ATM02,321.73
2024-02-26,ATM02,215.3
2024-02-27,ATM02,160.7
2024-02-28,ATM02,217.17
2024-02-29,ATM02,189.92
2024-03-01,ATM02,246.41
2024-03-02,ATM02,329.19
2024-03-03,ATM02,336.41
2024-03-04,ATM02,202.31
2024-03-05,ATM02,145.96
2024-03-06,ATM02,158.97
2024-03-07,ATM02,178.19
2024-03-08,ATM02,210.96
2024-03-09,ATM02,293.98
2024-03-10,ATM02,308.61
2024-03-11,ATM02,189.58
2024-03-12,ATM02,174.09
2024-03-13,ATM02,148.23
2024-03-14,ATM02,156.59
2024-03-15,ATM02,206.08
2024-03-16,ATM02,236.99
2024-03-17,ATM02,282.45
2024-03-18,ATM02,188.21
2024-03-19,ATM02,180.08
2024-03-20,ATM02,134.4
2024-03-21,ATM02,141.32
2024-03-22,ATM02,241.49
2024-03-23,ATM02,285.14
2024-03-24,ATM02,245.53
2024-03-25,ATM02,236.87
2024-03-26,ATM02,237.36
2024-03-27,ATM02,286.48
2024-03-28,ATM02,280.13
2024-03-29,ATM02,333.25
2024-03-30,ATM02,431.77
2024-03-31,ATM02,470.49
2024-04-01,ATM02,350.71
2024-04-02,ATM02,336.14
2024-04-03,ATM02,235.03
2024-04-04,ATM02,259.94
2024-04-05,ATM02,345.46
2024-04-06,ATM02,478.16
2024-04-07,ATM02,432.06
2024-04-08,ATM02,296.13
2024-04-09,ATM02,307.14
2024-04-10,ATM02,299.53
2024-04-11,ATM02,226.43
2024-04-12,ATM02,184.0
2024-04-13,ATM02,231.29
2024-04-14,ATM02,232.65
2024-04-15,ATM02,133.33
2024-04-16,ATM02,105.72
2024-04-17,ATM02,132.07
2024-04-18,ATM02,156.57
2024-04-19,ATM02,180.66
2024-04-20,ATM02,304.07
2024-04-21,ATM02,290.17
2024-04-22,ATM02,196.67
2024-04-23,ATM02,185.8
2024-04-24,ATM02,205.45
2024-04-25,ATM02,235.36
2024-04-26,ATM02,303.14
2024-04-27,ATM02,352.67
2024-04-28,ATM02,366.97
2024-04-29,ATM02,219.96
2024-04-30,ATM02,203.49
2024-05-01,ATM02,291.87
2024-05-02,ATM02,279.68
2024-05-03,ATM02,241.54
2024-05-04,ATM02,309.41
2024-05-05,ATM02,351.25
2024-05-06,ATM02,219.26
2024-05-07,ATM02,196.08
2024-05-08,ATM02,151.7
2024-05-09,ATM02,181.21
2024-05-10,ATM02,159.89
2024-05-11,ATM02,279.24
2024-05-12,ATM02,288.06
2024-05-13,ATM02,191.15
2024-05-14,ATM02,161.39
2024-05-15,ATM02,147.41
2024-05-16,ATM02,168.36
2024-05-17,ATM02,201.87
2024-05-18,ATM02,249.84
2024-05-19,ATM02,271.33
2024-05-20,ATM02,225.92
2024-05-21,ATM02,210.53
2024-05-22,ATM02,221.1
2024-05-23,ATM02,215.35
2024-05-24,ATM02,266.24
2024-05-25,ATM02,350.87
2024-05-26,ATM02,276.08
2024-05-27,ATM02,181.76
2024-05-28,ATM02,210.42
2024-05-29,ATM02,195.61
2024-05-30,ATM02,201.29
2024-05-31,ATM02,224.76
2024-06-01,ATM02,468.83
2024-06-02,ATM02,380.35
2024-06-03,ATM02,203.32
2024-06-04,ATM02,202.35
2024-06-05,ATM02,198.83
2024-06-06,ATM02,197.27
2024-06-07,ATM02,196.97
2024-06-08,ATM02,211.47
2024-06-09,ATM02,261.47
2024-06-10,ATM02,165.21
2024-06-11,ATM02,190.33
2024-06-12,ATM02,223.49
2024-06-13,ATM02,234.09
2024-06-14,ATM02,210.22
2024-06-15,ATM02,257.93
2024-06-16,ATM02,287.01
2024-06-17,ATM02,293.02
2024-06-18,ATM02,225.41
2024-06-19,ATM02,229.37
2024-06-20,ATM02,190.87
2024-06-21,ATM02,194.13
2024-06-22,ATM02,282.02
2024-06-23,ATM02,250.98
2024-06-24,ATM02,156.39
2024-06-25,ATM02,192.46
2024-06-26,ATM02,248.68
2024-06-27,ATM02,219.53
2024-06-28,ATM02,192.51
2024-06-29,ATM02,300.9
2024-06-30,ATM02,298.44
2024-07-01,ATM02,192.68
2024-07-02,ATM02,195.28
2024-07-03,ATM02,179.99
2024-07-04,ATM02,201.0
2024-07-05,ATM02,190.86
2024-07-06,ATM02,250.1
2024-07-07,ATM02,298.53
2024-07-08,ATM02,167.38
2024-07-09,ATM02,144.75
2024-07-10,ATM02,173.98
2024-07-11,ATM02,198.78
2024-07-12,ATM02,216.53
2024-07-13,ATM02,218.63
2024-07-14,ATM02,272.67
2024-07-15,ATM02,138.66
2024-07-16,ATM02,158.97
2024-07-17,ATM02,156.93
2024-07-18,ATM02,147.56
2024-07-19,ATM02,181.19
2024-07-20,ATM02,245.26
2024-07-21,ATM02,247.41
2024-07-22,ATM02,169.9
2024-07-23,ATM02,160.25
2024-07-24,ATM02,193.33
2024-07-25,ATM02,227.8
2024-07-26,ATM02,236.68
2024-07-27,ATM02,283.52
2024-07-28,ATM02,261.33
2024-07-29,ATM02,186.21
2024-07-30,ATM02,186.4
2024-07-31,ATM02,158.15
2024-08-01,ATM02,175.17
2024-08-02,ATM02,205.55
2024-08-03,ATM02,307.33
2024-08-04,ATM02,251.48
2024-08-05,ATM02,141.23
2024-08-06,ATM02,180.54
2024-08-07,ATM02,219.35
2024-08-08,ATM02,185.18
2024-08-09,ATM02,202.68
2024-08-10,ATM02,274.02
2024-08-11,ATM02,215.85
2024-08-12,ATM02,121.88
2024-08-13,ATM02,140.35
2024-08-14,ATM02,193.67
2024-08-15,ATM02,175.36
2024-08-16,ATM02,207.53
2024-08-17,ATM02,391.09
2024-08-18,ATM02,366.46
2024-08-19,ATM02,178.05
2024-08-20,ATM02,171.29
2024-08-21,ATM02,218.17
2024-08-22,ATM02,164.11
2024-08-23,ATM02,222.95
2024-08-24,ATM02,245.1
2024-08-25,ATM02,321.54
2024-08-26,ATM02,192.45
2024-08-27,ATM02,176.74
2024-08-28,ATM02,179.59
2024-08-29,ATM02,202.48
2024-08-30,ATM02,269.84
2024-08-31,ATM02,325.43
2024-09-01,ATM02,335.18
2024-09-02,ATM02,214.36
2024-09-03,ATM02,163.56
2024-09-04,ATM02,195.72
2024-09-05,ATM02,208.6
2024-09-06,ATM02,304.74
2024-09-07,ATM02,312.36
2024-09-08,ATM02,289.88
2024-09-09,ATM02,191.6
2024-09-10,ATM02,188.82
2024-09-11,ATM02,175.67
2024-09-12,ATM02,168.15
2024-09-13,ATM02,213.39
2024-09-14,ATM02,245.1
2024-09-15,ATM02,252.92
2024-09-16,ATM02,161.88
2024-09-17,ATM02,183.13
2024-09-18,ATM02,171.87
2024-09-19,ATM02,142.06
2024-09-20,ATM02,150.88
2024-09-21,ATM02,199.89
2024-09-22,ATM02,208.85
2024-09-23,ATM02,144.52
2024-09-24,ATM02,136.78
2024-09-25,ATM02,178.85
2024-09-26,ATM02,179.75
2024-09-27,ATM02,218.02
2024-09-28,ATM02,346.28
2024-09-29,ATM02,367.24
2024-09-30,ATM02,209.77
2024-10-01,ATM02,193.64
2024-10-02,ATM02,198.37
2024-10-03,ATM02,187.71
2024-10-04,ATM02,232.33
2024-10-05,ATM02,260.32
2024-10-06,ATM02,281.51
2024-10-07,ATM02,138.72
2024-10-08,ATM02,161.62
2024-10-09,ATM02,194.74
2024-10-10,ATM02,173.62
2024-10-11,ATM02,248.67
2024-10-12,ATM02,260.58
2024-10-13,ATM02,278.12
2024-10-14,ATM02,166.35
2024-10-15,ATM02,164.05
2024-10-16,ATM02,172.35
2024-10-17,ATM02,175.96
2024-10-18,ATM02,224.8
2024-10-19,ATM02,319.12
2024-10-20,ATM02,297.27
2024-10-21,ATM02,188.15
2024-10-22,ATM02,162.23
2024-10-23,ATM02,188.84
2024-10-24,ATM02,166.56
2024-10-25,ATM02,270.18
2024-10-26,ATM02,419.81
2024-10-27,ATM02,366.77
2024-10-28,ATM02,164.15
2024-10-29,ATM02,171.47
2024-10-30,ATM02,225.18
2024-10-31,ATM02,230.23
2024-11-01,ATM02,262.35
2024-11-02,ATM02,362.83
2024-11-03,ATM02,324.19
2024-11-04,ATM02,210.97
2024-11-05,ATM02,210.63
2024-11-06,ATM02,238.1
2024-11-07,ATM02,215.76
2024-11-08,ATM02,255.71
2024-11-09,ATM02,289.74
2024-11-10,ATM02,259.25
2024-11-11,ATM02,194.9
2024-11-12,ATM02,182.11
2024-11-13,ATM02,199.52
2024-11-14,ATM02,187.97
2024-11-15,ATM02,197.44
2024-11-16,ATM02,258.56
2024-11-17,ATM02,316.24
2024-11-18,ATM02,187.69
2024-11-19,ATM02,144.77
2024-11-20,ATM02,160.78
2024-11-21,ATM02,204.62
2024-11-22,ATM02,213.62
2024-11-23,ATM02,219.4
2024-11-24,ATM02,308.72
2024-11-25,ATM02,225.85
2024-11-26,ATM02,208.28
2024-11-27,ATM02,205.69
2024-11-28,ATM02,233.9
2024-11-29,ATM02,241.8
2024-11-30,ATM02,354.57
2024-12-01,ATM02,364.92
2024-12-02,ATM02,213.69
2024-12-03,ATM02,183.68
2024-12-04,ATM02,185.45
2024-12-05,ATM02,207.59
2024-12-06,ATM02,206.48
2024-12-07,ATM02,227.34
2024-12-08,ATM02,281.18
2024-12-09,ATM02,185.13
2024-12-10,ATM02,178.15
2024-12-11,ATM02,188.79
2024-12-12,ATM02,174.31
2024-12-13,ATM02,221.61
2024-12-14,ATM02,270.22
2024-12-15,ATM02,325.78
2024-12-16,ATM02,195.16
2024-12-17,ATM02,250.72
2024-12-18,ATM02,196.57
2024-12-19,ATM02,219.55
2024-12-20,ATM02,211.82
2024-12-21,ATM02,297.17
2024-12-22,ATM02,309.22
2024-12-23,ATM02,156.79
2024-12-24,ATM02,189.79
2024-12-25,ATM02,313.89
2024-12-26,ATM02,199.95
2024-12-27,ATM02,296.06
2024-12-28,ATM02,452.41
2024-12-29,ATM02,510.13
2024-12-30,ATM02,283.97
2024-12-31,ATM02,263.83
2025-01-01,ATM02,323.62
2025-01-02,ATM02,271.69
2025-01-03,ATM02,274.15
2025-01-04,ATM02,277.88
2025-01-05,ATM02,293.59
2025-01-06,ATM02,184.51
2025-01-07,ATM02,146.32
2025-01-08,ATM02,179.33
2025-01-09,ATM02,233.54
2025-01-10,ATM02,241.88
2025-01-11,ATM02,331.62
2025-01-12,ATM02,307.13
2025-01-13,ATM02,172.28
2025-01-14,ATM02,174.77
2025-01-15,ATM02,163.26
2025-01-16,ATM02,151.81
2025-01-17,ATM02,219.05
2025-01-18,ATM02,313.51
2025-01-19,ATM02,263.07
2025-01-20,ATM02,180.11
2025-01-21,ATM02,169.28
2025-01-22,ATM02,182.67
2025-01-23,ATM02,186.68
2025-01-24,ATM02,233.22
2025-01-25,ATM02,335.66
2025-01-26,ATM02,390.39
2025-01-27,ATM02,221.1
2025-01-28,ATM02,221.82
2025-01-29,ATM02,260.47
2025-01-30,ATM02,259.22
2025-01-31,ATM02,281.99
2025-02-01,ATM02,360.83
2025-02-02,ATM02,289.23
2025-02-03,ATM02,150.6
2025-02-04,ATM02,186.41
2025-02-05,ATM02,195.67
2025-02-06,ATM02,152.99
2025-02-07,ATM02,221.07
2025-02-08,ATM02,262.96
2025-02-09,ATM02,326.47
2025-02-10,ATM02,171.93
2025-02-11,ATM02,170.96
2025-02-12,ATM02,200.97
2025-02-13,ATM02,167.63
2025-02-14,ATM02,178.34
2025-02-15,ATM02,240.1
2025-02-16,ATM02,284.49
2025-02-17,ATM02,144.64
2025-02-18,ATM02,128.67
2025-02-19,ATM02,169.99
2025-02-20,ATM02,160.51
2025-02-21,ATM02,186.76
2025-02-22,ATM02,204.13
2025-02-23,ATM02,223.98
2025-02-24,ATM02,150.17
2025-02-25,ATM02,208.9
2025-02-26,ATM02,196.03
2025-02-27,ATM02,242.5
2025-02-28,ATM02,240.62
2025-03-01,ATM02,287.65
2025-03-02,ATM02,368.55
2025-03-03,ATM02,187.87
2025-03-04,ATM02,168.83
2025-03-05,ATM02,177.96
2025-03-06,ATM02,209.63
2025-03-07,ATM02,266.56
2025-03-08,ATM02,277.13
2025-03-09,ATM02,284.39
2025-03-10,ATM02,168.03
2025-03-11,ATM02,153.06
2025-03-12,ATM02,174.04
2025-03-13,ATM02,182.88
2025-03-14,ATM02,249.79
2025-03-15,ATM02,350.93
2025-03-16,ATM02,323.09
2025-03-17,ATM02,190.18
2025-03-18,ATM02,208.6
2025-03-19,ATM02,202.62
2025-03-20,ATM02,223.87
2025-03-21,ATM02,255.94
2025-03-22,ATM02,298.65
2025-03-23,ATM02,299.56
2025-03-24,ATM02,235.47
2025-03-25,ATM02,268.38
2025-03-26,ATM02,341.23
2025-03-27,ATM02,294.82
2025-03-28,ATM02,354.8
2025-03-29,ATM02,587.65
2025-03-30,ATM02,471.06
2025-03-31,ATM02,186.11
2025-04-01,ATM02,239.8
2025-04-02,ATM02,173.48
2025-04-03,ATM02,158.75
2025-04-04,ATM02,176.82
2025-04-05,ATM02,244.56
2025-04-06,ATM02,229.2
2025-04-07,ATM02,146.72
2025-04-08,ATM02,162.22
2025-04-09,ATM02,154.19
2025-04-10,ATM02,144.37
2025-04-11,ATM02,175.73
2025-04-12,ATM02,205.9
2025-04-13,ATM02,230.33
2025-04-14,ATM02,154.62
2025-04-15,ATM02,151.93
2025-04-16,ATM02,161.86
2025-04-17,ATM02,166.85
2025-04-18,ATM02,183.99
2025-04-19,ATM02,267.45
2025-04-20,ATM02,318.12
2025-04-21,ATM02,166.67
2025-04-22,ATM02,173.14
2025-04-23,ATM02,172.19
2025-04-24,ATM02,178.91
2025-04-25,ATM02,290.78
2025-04-26,ATM02,355.92
2025-04-27,ATM02,280.85
2025-04-28,ATM02,192.64
2025-04-29,ATM02,221.71
2025-04-30,ATM02,213.09
2025-05-01,ATM02,303.18
2025-05-02,ATM02,235.39
2025-05-03,ATM02,229.47
2025-05-04,ATM02,265.67
2025-05-05,ATM02,137.56
2025-05-06,ATM02,151.28
2025-05-07,ATM02,197.75
2025-05-08,ATM02,152.95
2025-05-09,ATM02,170.36
2025-05-10,ATM02,207.95
2025-05-11,ATM02,240.56
2025-05-12,ATM02,148.39
2025-05-13,ATM02,181.47
2025-05-14,ATM02,200.3
2025-05-15,ATM02,194.02
2025-05-16,ATM02,214.7
2025-05-17,ATM02,276.98
2025-05-18,ATM02,250.56
2025-05-19,ATM02,172.83
2025-05-20,ATM02,147.38
2025-05-21,ATM02,179.95
2025-05-22,ATM02,199.4
2025-05-23,ATM02,218.84
2025-05-24,ATM02,262.3
2025-05-25,ATM02,336.96
2025-05-26,ATM02,144.95
2025-05-27,ATM02,175.79
2025-05-28,ATM02,193.93
2025-05-29,ATM02,198.9
2025-05-30,ATM02,255.08
2025-05-31,ATM02,314.02
2025-06-01,ATM02,369.22
2025-06-02,ATM02,180.96
2025-06-03,ATM02,167.14
2025-06-04,ATM02,181.5
2025-06-05,ATM02,184.51
2025-06-06,ATM02,310.48
2025-06-07,ATM02,254.66
2025-06-08,ATM02,278.9
2025-06-09,ATM02,196.15
2025-06-10,ATM02,141.75
2025-06-11,ATM02,164.31
2025-06-12,ATM02,157.32
2025-06-13,ATM02,184.27
2025-06-14,ATM02,223.79
2025-06-15,ATM02,245.24
2025-06-16,ATM02,190.41
2025-06-17,ATM02,151.14
2025-06-18,ATM02,145.73
2025-06-19,ATM02,137.69
2025-06-20,ATM02,218.51
2025-06-21,ATM02,253.57
2025-06-22,ATM02,263.45
2025-06-23,ATM02,153.57
2025-06-24,ATM02,142.05
2025-06-25,ATM02,188.4
2025-06-26,ATM02,258.29
2025-06-27,ATM02,308.85
2025-06-28,ATM02,313.64
2025-06-29,ATM02,344.97
2025-06-30,ATM02,182.76
2025-07-01,ATM02,154.91
2025-07-02,ATM02,207.08
2025-07-03,ATM02,206.3
2025-07-04,ATM02,250.89
2025-07-05,ATM02,278.16
2025-07-06,ATM02,279.0
2025-07-07,ATM02,184.56
2025-07-08,ATM02,184.39
2025-07-09,ATM02,179.0
2025-07-10,ATM02,141.91
2025-07-11,ATM02,185.24
2025-07-12,ATM02,278.55
2025-07-13,ATM02,241.28
2025-07-14,ATM02,165.33
2025-07-15,ATM02,168.76
2025-07-16,ATM02,188.84
2025-07-17,ATM02,196.19
2025-07-18,ATM02,195.99
2025-07-19,ATM02,212.3
2025-07-20,ATM02,229.61
2025-07-21,ATM02,166.12
2025-07-22,ATM02,153.57
2025-07-23,ATM02,154.34
2025-07-24,ATM02,133.17
2025-07-25,ATM02,258.47
2025-07-26,ATM02,347.61
2025-07-27,ATM02,365.58
2025-07-28,ATM02,228.27
2025-07-29,ATM02,221.42
2025-07-30,ATM02,211.27
2025-07-31,ATM02,203.38
2025-08-01,ATM02,226.57
2025-08-02,ATM02,399.56
2025-08-03,ATM02,335.68
2025-08-04,ATM02,175.21
2025-08-05,ATM02,181.3
2025-08-06,ATM02,165.7
2025-08-07,ATM02,204.51
2025-08-08,ATM02,206.69
2025-08-09,ATM02,283.07
2025-08-10,ATM02,303.17
2025-08-11,ATM02,177.87
2025-08-12,ATM02,169.63
2025-08-13,ATM02,174.2
2025-08-14,ATM02,170.54
2025-08-15,ATM02,186.1
2025-08-16,ATM02,235.44
2025-08-17,ATM02,389.57
2025-08-18,ATM02,167.52
2025-08-19,ATM02,149.82
2025-08-20,ATM02,155.38
2025-08-21,ATM02,183.89
2025-08-22,ATM02,220.86
2025-08-23,ATM02,284.05
2025-08-24,ATM02,269.25
2025-08-25,ATM02,206.41
2025-08-26,ATM02,184.72
2025-08-27,ATM02,194.07
2025-08-28,ATM02,221.38
2025-08-29,ATM02,271.17
2025-08-30,ATM02,290.53
2025-08-31,ATM02,281.43
2025-09-01,ATM02,184.23
2025-09-02,ATM02,227.68
2025-09-03,ATM02,156.91
2025-09-04,ATM02,174.08
2025-09-05,ATM02,177.4
2025-09-06,ATM02,232.84
2025-09-07,ATM02,251.04
2025-09-08,ATM02,154.15
2025-09-09,ATM02,153.01
2025-09-10,ATM02,161.65
2025-09-11,ATM02,156.18
2025-09-12,ATM02,161.99
2025-09-13,ATM02,252.79
2025-09-14,ATM02,285.16
2025-09-15,ATM02,181.6
2025-09-16,ATM02,142.73
2025-09-17,ATM02,166.02
2025-09-18,ATM02,180.51
2025-09-19,ATM02,181.22
2025-09-20,ATM02,244.16
2025-09-21,ATM02,255.04
2025-09-22,ATM02,192.68
2025-09-23,ATM02,214.52
2025-09-24,ATM02,160.62
2025-09-25,ATM02,260.54
2025-09-26,ATM02,239.25
2025-09-27,ATM02,340.21
2025-09-28,ATM02,368.73
2025-09-29,ATM02,183.94
2025-09-30,ATM02,198.33
2025-10-01,ATM02,203.33
2025-10-02,ATM02,215.52
2025-10-03,ATM02,220.02
2025-10-04,ATM02,313.22
2025-10-05,ATM02,300.6
2025-10-06,ATM02,171.59
2025-10-07,ATM02,191.77
2025-10-08,ATM02,201.69
2025-10-09,ATM02,204.44
2025-10-10,ATM02,194.14
2025-10-11,ATM02,223.99
2025-10-12,ATM02,233.15
2025-10-13,ATM02,140.96
2025-10-14,ATM02,164.23
2025-10-15,ATM02,190.18
2025-10-16,ATM02,174.83
2025-10-17,ATM02,233.81
2025-10-18,ATM02,317.45
2025-10-19,ATM02,298.09
2025-10-20,ATM02,153.93
2025-10-21,ATM02,186.28
2025-10-22,ATM02,179.51
2025-10-23,ATM02,175.62
2025-10-24,ATM02,192.74
2025-10-25,ATM02,272.3
2025-10-26,ATM02,254.65
2025-10-27,ATM02,185.95
2025-10-28,ATM02,172.9
2025-10-29,ATM02,270.36
2025-10-30,ATM02,204.21
2025-10-31,ATM02,206.05
2025-11-01,ATM02,301.41
2025-11-02,ATM02,370.54
2025-11-03,ATM02,182.6
2025-11-04,ATM02,185.86
2025-11-05,ATM02,152.06
2025-11-06,ATM02,153.93
2025-11-07,ATM02,172.86
2025-11-08,ATM02,199.58
2025-11-09,ATM02,246.02
2025-11-10,ATM02,117.49
2025-11-11,ATM02,119.78
2025-11-12,ATM02,139.47
2025-11-13,ATM02,140.92
2025-11-14,ATM02,189.05
2025-11-15,ATM02,256.23
2025-11-16,ATM02,290.28
2025-11-17,ATM02,180.55
2025-11-18,ATM02,190.48
2025-11-19,ATM02,182.19
2025-11-20,ATM02,179.98
2025-11-21,ATM02,213.65
2025-11-22,ATM02,265.78
2025-11-23,ATM02,255.93
2025-11-24,ATM02,151.35
2025-11-25,ATM02,170.14
2025-11-26,ATM02,200.48
2025-11-27,ATM02,198.74
2025-11-28,ATM02,216.93
2025-11-29,ATM02,270.69
2025-11-30,ATM02,260.74
2025-12-01,ATM02,194.82
2025-12-02,ATM02,193.71
2025-12-03,ATM02,162.93
2025-12-04,ATM02,186.67
2025-12-05,ATM02,199.14
2025-12-06,ATM02,224.07
2025-12-07,ATM02,285.8
2025-12-08,ATM02,160.45
2025-12-09,ATM02,157.08
2025-12-10,ATM02,163.29
2025-12-11,ATM02,187.65
2025-12-12,ATM02,205.98
2025-12-13,ATM02,225.31
2025-12-14,ATM02,263.17
2025-12-15,ATM02,188.15
2025-12-16,ATM02,237.78
2025-12-17,ATM02,227.24
2025-12-18,ATM02,169.71
2025-12-19,ATM02,230.89
2025-12-20,ATM02,378.79
2025-12-21,ATM02,420.91
2025-12-22,ATM02,271.1
2025-12-23,ATM02,203.45
2025-12-24,ATM02,234.13
2025-12-25,ATM02,316.78
2025-12-26,ATM02,295.89
2025-12-27,ATM02,328.49
2025-12-28,ATM02,341.69
2025-12-29,ATM02,207.0
2025-12-30,ATM02,245.9
2025-12-31,ATM02,278.31
2022-01-01,ATM03,383.67
2022-01-02,ATM03,336.73
2022-01-03,ATM03,195.0
2022-01-04,ATM03,199.15
2022-01-05,ATM03,174.4
2022-01-06,ATM03,128.7
2022-01-07,ATM03,145.74
2022-01-08,ATM03,262.52
2022-01-09,ATM03,259.25
2022-01-10,ATM03,139.77
2022-01-11,ATM03,176.96
2022-01-12,ATM03,199.86
2022-01-13,ATM03,179.48
2022-01-14,ATM03,192.63
2022-01-15,ATM03,242.78
2022-01-16,ATM03,259.56
2022-01-17,ATM03,185.79
2022-01-18,ATM03,175.75
2022-01-19,ATM03,187.63
2022-01-20,ATM03,197.72
2022-01-21,ATM03,182.58
2022-01-22,ATM03,261.1
2022-01-23,ATM03,253.05
2022-01-24,ATM03,116.71
2022-01-25,ATM03,129.13
2022-01-26,ATM03,148.93
2022-01-27,ATM03,183.51
2022-01-28,ATM03,224.61
2022-01-29,ATM03,297.35
2022-01-30,ATM03,379.42
2022-01-31,ATM03,177.45
2022-02-01,ATM03,235.11
2022-02-02,ATM03,200.3
2022-02-03,ATM03,161.0
2022-02-04,ATM03,195.81
2022-02-05,ATM03,214.42
2022-02-06,ATM03,288.02
2022-02-07,ATM03,156.07
2022-02-08,ATM03,199.83
2022-02-09,ATM03,188.42
2022-02-10,ATM03,189.58
2022-02-11,ATM03,202.13
2022-02-12,ATM03,250.15
2022-02-13,ATM03,239.91
2022-02-14,ATM03,151.92
2022-02-15,ATM03,158.23
2022-02-16,ATM03,151.14
2022-02-17,ATM03,155.13
2022-02-18,ATM03,173.58
2022-02-19,ATM03,301.62
2022-02-20,ATM03,275.37
2022-02-21,ATM03,188.96
2022-02-22,ATM03,164.85
2022-02-23,ATM03,172.55
2022-02-24,ATM03,144.25
2022-02-25,ATM03,205.09
2022-02-26,ATM03,285.42
2022-02-27,ATM03,356.79
2022-02-28,ATM03,202.77
2022-03-01,ATM03,223.64
2022-03-02,ATM03,228.02
2022-03-03,ATM03,220.71
2022-03-04,ATM03,222.86
2022-03-05,ATM03,351.48
2022-03-06,ATM03,291.2
2022-03-07,ATM03,154.93
2022-03-08,ATM03,139.03
2022-03-09,ATM03,206.96
2022-03-10,ATM03,192.71
2022-03-11,ATM03,196.85
2022-03-12,ATM03,283.72
2022-03-13,ATM03,291.17
2022-03-14,ATM03,202.5
2022-03-15,ATM03,146.24
2022-03-16,ATM03,153.99
2022-03-17,ATM03,150.3
2022-03-18,ATM03,146.86
2022-03-19,ATM03,243.39
2022-03-20,ATM03,244.4
2022-03-21,ATM03,163.42
2022-03-22,ATM03,203.94
2022-03-23,ATM03,177.0
2022-03-24,ATM03,160.63
2022-03-25,ATM03,228.42
2022-03-26,ATM03,325.36
2022-03-27,ATM03,297.79
2022-03-28,ATM03,169.69
2022-03-29,ATM03,198.55
2022-03-30,ATM03,209.38
2022-03-31,ATM03,160.08
2022-04-01,ATM03,181.09
2022-04-02,ATM03,309.91
2022-04-03,ATM03,286.07
2022-04-04,ATM03,153.32
2022-04-05,ATM03,154.69
2022-04-06,ATM03,167.78
2022-04-07,ATM03,183.62
2022-04-08,ATM03,177.18
2022-04-09,ATM03,221.37
2022-04-10,ATM03,241.65
2022-04-11,ATM03,151.09
2022-04-12,ATM03,166.69
2022-04-13,ATM03,152.96
2022-04-14,ATM03,172.61
2022-04-15,ATM03,232.95
2022-04-16,ATM03,302.3
2022-04-17,ATM03,306.06
2022-04-18,ATM03,180.92
2022-04-19,ATM03,166.41
2022-04-20,ATM03,186.31
2022-04-21,ATM03,223.28
2022-04-22,ATM03,245.08
2022-04-23,ATM03,284.21
2022-04-24,ATM03,296.57
2022-04-25,ATM03,235.9
2022-04-26,ATM03,232.38
2022-04-27,ATM03,270.89
2022-04-28,ATM03,286.43
2022-04-29,ATM03,359.69
2022-04-30,ATM03,511.11
2022-05-01,ATM03,693.17
2022-05-02,ATM03,210.38
2022-05-03,ATM03,169.14
2022-05-04,ATM03,144.62
2022-05-05,ATM03,141.83
2022-05-06,ATM03,152.06
2022-05-07,ATM03,203.18
2022-05-08,ATM03,213.59
2022-05-09,ATM03,129.44
2022-05-10,ATM03,127.81
2022-05-11,ATM03,163.98
2022-05-12,ATM03,161.68
2022-05-13,ATM03,242.34
2022-05-14,ATM03,272.66
2022-05-15,ATM03,254.86
2022-05-16,ATM03,153.56
2022-05-17,ATM03,156.43
2022-05-18,ATM03,170.32
2022-05-19,ATM03,206.58
2022-05-20,ATM03,190.6
2022-05-21,ATM03,265.94
2022-05-22,ATM03,266.32
2022-05-23,ATM03,130.87
2022-05-24,ATM03,153.93
2022-05-25,ATM03,222.2
2022-05-26,ATM03,186.27
2022-05-27,ATM03,220.33
2022-05-28,ATM03,235.98
2022-05-29,ATM03,237.26
2022-05-30,ATM03,183.07
2022-05-31,ATM03,172.61
2022-06-01,ATM03,215.57
2022-06-02,ATM03,183.88
2022-06-03,ATM03,182.74
2022-06-04,ATM03,232.44
2022-06-05,ATM03,274.01
2022-06-06,ATM03,142.97
2022-06-07,ATM03,137.35
2022-06-08,ATM03,160.46
2022-06-09,ATM03,183.45
2022-06-10,ATM03,220.85
2022-06-11,ATM03,239.78
2022-06-12,ATM03,274.83
2022-06-13,ATM03,144.42
2022-06-14,ATM03,180.33
2022-06-15,ATM03,152.34
2022-06-16,ATM03,180.42
2022-06-17,ATM03,182.56
2022-06-18,ATM03,295.28
2022-06-19,ATM03,290.34
2022-06-20,ATM03,144.2
2022-06-21,ATM03,139.07
2022-06-22,ATM03,167.19
2022-06-23,ATM03,182.37
2022-06-24,ATM03,195.52
2022-06-25,ATM03,294.07
2022-06-26,ATM03,326.07
2022-06-27,ATM03,190.42
2022-06-28,ATM03,159.95
2022-06-29,ATM03,165.05
2022-06-30,ATM03,183.07
2022-07-01,ATM03,249.23
2022-07-02,ATM03,358.93
2022-07-03,ATM03,315.56
2022-07-04,ATM03,178.15
2022-07-05,ATM03,181.37
2022-07-06,ATM03,165.67
2022-07-07,ATM03,164.0
2022-07-08,ATM03,176.9
2022-07-09,ATM03,209.51
2022-07-10,ATM03,305.58
2022-07-11,ATM03,149.33
2022-07-12,ATM03,161.04
2022-07-13,ATM03,173.66
2022-07-14,ATM03,169.33
2022-07-15,ATM03,202.16
2022-07-16,ATM03,245.85
2022-07-17,ATM03,261.4
2022-07-18,ATM03,141.59
2022-07-19,ATM03,151.71
2022-07-20,ATM03,171.22
2022-07-21,ATM03,152.08
2022-07-22,ATM03,182.08
2022-07-23,ATM03,219.87
2022-07-24,ATM03,224.02
2022-07-25,ATM03,151.59
2022-07-26,ATM03,190.72
2022-07-27,ATM03,219.03
2022-07-28,ATM03,214.33
2022-07-29,ATM03,289.93
2022-07-30,ATM03,314.09
2022-07-31,ATM03,429.74
2022-08-01,ATM03,206.49
2022-08-02,ATM03,195.98
2022-08-03,ATM03,166.61
2022-08-04,ATM03,173.7
2022-08-05,ATM03,217.25
2022-08-06,ATM03,259.6
2022-08-07,ATM03,320.67
2022-08-08,ATM03,177.84
2022-08-09,ATM03,171.32
2022-08-10,ATM03,147.78
2022-08-11,ATM03,160.08
2022-08-12,ATM03,182.16
2022-08-13,ATM03,219.8
2022-08-14,ATM03,217.43
2022-08-15,ATM03,188.84
2022-08-16,ATM03,160.61
2022-08-17,ATM03,180.24
2022-08-18,ATM03,137.46
2022-08-19,ATM03,171.52
2022-08-20,ATM03,242.73
2022-08-21,ATM03,263.03
2022-08-22,ATM03,165.07
2022-08-23,ATM03,144.86
2022-08-24,ATM03,161.17
2022-08-25,ATM03,172.97
2022-08-26,ATM03,197.38
2022-08-27,ATM03,243.13
2022-08-28,ATM03,240.04
2022-08-29,ATM03,182.61
2022-08-30,ATM03,193.92
2022-08-31,ATM03,217.72
2022-09-01,ATM03,201.62
2022-09-02,ATM03,246.41
2022-09-03,ATM03,216.12
2022-09-04,ATM03,266.27
2022-09-05,ATM03,161.98
2022-09-06,ATM03,170.34
2022-09-07,ATM03,179.52
2022-09-08,ATM03,154.12
2022-09-09,ATM03,158.68
2022-09-10,ATM03,198.35
2022-09-11,ATM03,239.93
2022-09-12,ATM03,158.26
2022-09-13,ATM03,130.99
2022-09-14,ATM03,132.9
2022-09-15,ATM03,134.11
2022-09-16,ATM03,163.53
2022-09-17,ATM03,192.02
2022-09-18,ATM03,189.89
2022-09-19,ATM03,120.54
2022-09-20,ATM03,135.88
2022-09-21,ATM03,132.08
2022-09-22,ATM03,142.87
2022-09-23,ATM03,196.47
2022-09-24,ATM03,209.78
2022-09-25,ATM03,270.85
2022-09-26,ATM03,191.41
2022-09-27,ATM03,174.85
2022-09-28,ATM03,174.72
2022-09-29,ATM03,206.05
2022-09-30,ATM03,220.24
2022-10-01,ATM03,317.89
2022-10-02,ATM03,322.37
2022-10-03,ATM03,157.21
2022-10-04,ATM03,164.87
2022-10-05,ATM03,175.24
2022-10-06,ATM03,189.58
2022-10-07,ATM03,192.79
2022-10-08,ATM03,248.61
2022-10-09,ATM03,255.23
2022-10-10,ATM03,158.3
2022-10-11,ATM03,135.64
2022-10-12,ATM03,167.69
2022-10-13,ATM03,169.22
2022-10-14,ATM03,162.91
2022-10-15,ATM03,253.58
2022-10-16,ATM03,320.8
2022-10-17,ATM03,185.98
2022-10-18,ATM03,190.85
2022-10-19,ATM03,176.37
2022-10-20,ATM03,136.88
2022-10-21,ATM03,139.63
2022-10-22,ATM03,212.88
2022-10-23,ATM03,217.13
2022-10-24,ATM03,126.27
2022-10-25,ATM03,163.2
2022-10-26,ATM03,192.49
2022-10-27,ATM03,160.93
2022-10-28,ATM03,193.42
2022-10-29,ATM03,312.6
2022-10-30,ATM03,270.36
2022-10-31,ATM03,187.34
2022-11-01,ATM03,171.28
2022-11-02,ATM03,195.08
2022-11-03,ATM03,189.18
2022-11-04,ATM03,221.32
2022-11-05,ATM03,290.19
2022-11-06,ATM03,242.0
2022-11-07,ATM03,170.87
2022-11-08,ATM03,147.3
2022-11-09,ATM03,164.85
2022-11-10,ATM03,159.41
2022-11-11,ATM03,192.79
2022-11-12,ATM03,247.82
2022-11-13,ATM03,225.65
2022-11-14,ATM03,122.2
2022-11-15,ATM03,148.2
2022-11-16,ATM03,158.69
2022-11-17,ATM03,177.3
2022-11-18,ATM03,190.65
2022-11-19,ATM03,203.43
2022-11-20,ATM03,251.77
2022-11-21,ATM03,142.88
2022-11-22,ATM03,149.88
2022-11-23,ATM03,145.42
2022-11-24,ATM03,179.87
2022-11-25,ATM03,209.98
2022-11-26,ATM03,263.95
2022-11-27,ATM03,284.53
2022-11-28,ATM03,154.03
2022-11-29,ATM03,171.05
2022-11-30,ATM03,218.58
2022-12-01,ATM03,188.74
2022-12-02,ATM03,227.19
2022-12-03,ATM03,185.14
2022-12-04,ATM03,222.77
2022-12-05,ATM03,140.31
2022-12-06,ATM03,134.91
2022-12-07,ATM03,172.95
2022-12-08,ATM03,161.44
2022-12-09,ATM03,185.59
2022-12-10,ATM03,218.74
2022-12-11,ATM03,189.02
2022-12-12,ATM03,115.24
2022-12-13,ATM03,145.33
2022-12-14,ATM03,121.83
2022-12-15,ATM03,158.92
2022-12-16,ATM03,196.76
2022-12-17,ATM03,328.87
2022-12-18,ATM03,344.73
2022-12-19,ATM03,181.75
2022-12-20,ATM03,209.31
2022-12-21,ATM03,188.57
2022-12-22,ATM03,212.54
2022-12-23,ATM03,201.65
2022-12-24,ATM03,308.67
2022-12-25,ATM03,458.96
2022-12-26,ATM03,192.69
2022-12-27,ATM03,200.8
2022-12-28,ATM03,228.67
2022-12-29,ATM03,217.03
2022-12-30,ATM03,277.52
2022-12-31,ATM03,328.1
2023-01-01,ATM03,388.94
2023-01-02,ATM03,185.85
2023-01-03,ATM03,156.91
2023-01-04,ATM03,156.11
2023-01-05,ATM03,162.01
2023-01-06,ATM03,200.79
2023-01-07,ATM03,313.23
2023-01-08,ATM03,313.17
2023-01-09,ATM03,187.77
2023-01-10,ATM03,222.2
2023-01-11,ATM03,196.3
2023-01-12,ATM03,180.3
2023-01-13,ATM03,207.37
2023-01-14,ATM03,219.4
2023-01-15,ATM03,221.76
2023-01-16,ATM03,132.17
2023-01-17,ATM03,148.79
2023-01-18,ATM03,151.8
2023-01-19,ATM03,154.48
2023-01-20,ATM03,201.63
2023-01-21,ATM03,265.98
2023-01-22,ATM03,324.05
2023-01-23,ATM03,136.72
2023-01-24,ATM03,159.29
2023-01-25,ATM03,208.32
2023-01-26,ATM03,162.42
2023-01-27,ATM03,195.28
2023-01-28,ATM03,268.23
2023-01-29,ATM03,306.53
2023-01-30,ATM03,197.23
2023-01-31,ATM03,188.95
2023-02-01,ATM03,202.84
2023-02-02,ATM03,192.71
2023-02-03,ATM03,178.92
2023-02-04,ATM03,229.65
2023-02-05,ATM03,245.4
2023-02-06,ATM03,150.11
2023-02-07,ATM03,122.86
2023-02-08,ATM03,140.0
2023-02-09,ATM03,152.09
2023-02-10,ATM03,167.41
2023-02-11,ATM03,216.04
2023-02-12,ATM03,243.28
2023-02-13,ATM03,129.0
2023-02-14,ATM03,114.25
2023-02-15,ATM03,131.84
2023-02-16,ATM03,154.87
2023-02-17,ATM03,215.0
2023-02-18,ATM03,270.56
2023-02-19,ATM03,216.93
2023-02-20,ATM03,134.38
2023-02-21,ATM03,143.07
2023-02-22,ATM03,154.46
2023-02-23,ATM03,162.12
2023-02-24,ATM03,164.68
2023-02-25,ATM03,265.92
2023-02-26,ATM03,292.68
2023-02-27,ATM03,190.82
2023-02-28,ATM03,164.66
2023-03-01,ATM03,171.61
2023-03-02,ATM03,131.44
2023-03-03,ATM03,151.04
2023-03-04,ATM03,206.13
2023-03-05,ATM03,207.91
2023-03-06,ATM03,142.01
2023-03-07,ATM03,146.12
2023-03-08,ATM03,122.97
2023-03-09,ATM03,145.58
2023-03-10,ATM03,152.42
2023-03-11,ATM03,223.83
2023-03-12,ATM03,202.87
2023-03-13,ATM03,133.91
2023-03-14,ATM03,134.32
2023-03-15,ATM03,151.89
2023-03-16,ATM03,153.39
2023-03-17,ATM03,172.38
2023-03-18,ATM03,189.26
2023-03-19,ATM03,183.98
2023-03-20,ATM03,119.69
2023-03-21,ATM03,131.53
2023-03-22,ATM03,136.01
2023-03-23,ATM03,154.1
2023-03-24,ATM03,172.16
2023-03-25,ATM03,241.53
2023-03-26,ATM03,258.79
2023-03-27,ATM03,168.52
2023-03-28,ATM03,175.8
2023-03-29,ATM03,225.06
2023-03-30,ATM03,185.2
2023-03-31,ATM03,211.31
2023-04-01,ATM03,290.22
2023-04-02,ATM03,298.38
2023-04-03,ATM03,152.91
2023-04-04,ATM03,134.92
2023-04-05,ATM03,152.97
2023-04-06,ATM03,149.81
2023-04-07,ATM03,162.78
2023-04-08,ATM03,226.78
2023-04-09,ATM03,239.5
2023-04-10,ATM03,167.07
2023-04-11,ATM03,184.64
2023-04-12,ATM03,174.9
2023-04-13,ATM03,180.18
2023-04-14,ATM03,180.31
2023-04-15,ATM03,253.58
2023-04-16,ATM03,304.7
2023-04-17,ATM03,208.92
2023-04-18,ATM03,187.89
2023-04-19,ATM03,232.21
2023-04-20,ATM03,189.22
2023-04-21,ATM03,209.01
2023-04-22,ATM03,260.61
2023-04-23,ATM03,326.3
2023-04-24,ATM03,145.71
2023-04-25,ATM03,161.56
2023-04-26,ATM03,130.24
2023-04-27,ATM03,117.4
2023-04-28,ATM03,165.6
2023-04-29,ATM03,222.83
2023-04-30,ATM03,218.83
2023-05-01,ATM03,193.1
2023-05-02,ATM03,158.16
2023-05-03,ATM03,167.87
2023-05-04,ATM03,163.72
2023-05-05,ATM03,214.42
2023-05-06,ATM03,255.65
2023-05-07,ATM03,251.36
2023-05-08,ATM03,169.62
2023-05-09,ATM03,142.07
2023-05-10,ATM03,198.85
2023-05-11,ATM03,176.96
2023-05-12,ATM03,196.0
2023-05-13,ATM03,250.09
2023-05-14,ATM03,299.88
2023-05-15,ATM03,172.49
2023-05-16,ATM03,129.3
2023-05-17,ATM03,167.41
2023-05-18,ATM03,151.26
2023-05-19,ATM03,177.09
2023-05-20,ATM03,195.77
2023-05-21,ATM03,231.33
2023-05-22,ATM03,130.84
2023-05-23,ATM03,137.64
2023-05-24,ATM03,142.91
2023-05-25,ATM03,216.72
2023-05-26,ATM03,282.68
2023-05-27,ATM03,308.83
2023-05-28,ATM03,298.18
2023-05-29,ATM03,167.05
2023-05-30,ATM03,189.57
2023-05-31,ATM03,181.43
2023-06-01,ATM03,223.08
2023-06-02,ATM03,227.72
2023-06-03,ATM03,231.92
2023-06-04,ATM03,241.93
2023-06-05,ATM03,124.27
2023-06-06,ATM03,148.19
2023-06-07,ATM03,194.57
2023-06-08,ATM03,187.42
2023-06-09,ATM03,233.22
2023-06-10,ATM03,225.9
2023-06-11,ATM03,238.46
2023-06-12,ATM03,128.17
2023-06-13,ATM03,131.25
2023-06-14,ATM03,156.78
2023-06-15,ATM03,153.74
2023-06-16,ATM03,150.49
2023-06-17,ATM03,180.7
2023-06-18,ATM03,180.38
2023-06-19,ATM03,132.26
2023-06-20,ATM03,171.16
2023-06-21,ATM03,188.39
2023-06-22,ATM03,133.94
2023-06-23,ATM03,193.03
2023-06-24,ATM03,258.73
2023-06-25,ATM03,249.67
2023-06-26,ATM03,154.97
2023-06-27,ATM03,182.53
2023-06-28,ATM03,195.91
2023-06-29,ATM03,208.82
2023-06-30,ATM03,211.67
2023-07-01,ATM03,212.45
2023-07-02,ATM03,243.26
2023-07-03,ATM03,158.42
2023-07-04,ATM03,152.84
2023-07-05,ATM03,150.41
2023-07-06,ATM03,169.54
2023-07-07,ATM03,210.69
2023-07-08,ATM03,289.13
2023-07-09,ATM03,294.29
2023-07-10,ATM03,170.98
2023-07-11,ATM03,165.59
2023-07-12,ATM03,164.15
2023-07-13,ATM03,156.28
2023-07-14,ATM03,172.02
2023-07-15,ATM03,193.52
2023-07-16,ATM03,194.39
2023-07-17,ATM03,125.27
2023-07-18,ATM03,136.28
2023-07-19,ATM03,171.0
2023-07-20,ATM03,156.78
2023-07-21,ATM03,197.32
2023-07-22,ATM03,264.67
2023-07-23,ATM03,242.17
2023-07-24,ATM03,152.18
2023-07-25,ATM03,169.11
2023-07-26,ATM03,205.46
2023-07-27,ATM03,202.67
2023-07-28,ATM03,192.2
2023-07-29,ATM03,261.19
2023-07-30,ATM03,327.0
2023-07-31,ATM03,176.69
2023-08-01,ATM03,179.65
2023-08-02,ATM03,193.71
2023-08-03,ATM03,144.94
2023-08-04,ATM03,186.02
2023-08-05,ATM03,202.45
2023-08-06,ATM03,211.93
2023-08-07,ATM03,155.79
2023-08-08,ATM03,156.87
2023-08-09,ATM03,154.91
2023-08-10,ATM03,153.8
2023-08-11,ATM03,173.64
2023-08-12,ATM03,221.73
2023-08-13,ATM03,246.03
2023-08-14,ATM03,132.23
2023-08-15,ATM03,136.19
2023-08-16,ATM03,140.55
2023-08-17,ATM03,157.0
2023-08-18,ATM03,141.57
2023-08-19,ATM03,239.83
2023-08-20,ATM03,247.19
2023-08-21,ATM03,124.01
2023-08-22,ATM03,111.11
2023-08-23,ATM03,131.01
2023-08-24,ATM03,165.28
2023-08-25,ATM03,211.94
2023-08-26,ATM03,308.69
2023-08-27,ATM03,304.8
2023-08-28,ATM03,183.39
2023-08-29,ATM03,149.7
2023-08-30,ATM03,185.76
2023-08-31,ATM03,173.43
2023-09-01,ATM03,223.78
2023-09-02,ATM03,250.32
2023-09-03,ATM03,240.16
2023-09-04,ATM03,151.76
2023-09-05,ATM03,146.13
2023-09-06,ATM03,161.74
2023-09-07,ATM03,153.24
2023-09-08,ATM03,167.29
2023-09-09,ATM03,267.47
2023-09-10,ATM03,271.47
2023-09-11,ATM03,137.31
2023-09-12,ATM03,146.37
2023-09-13,ATM03,138.07
2023-09-14,ATM03,124.84
2023-09-15,ATM03,177.65
2023-09-16,ATM03,184.79
2023-09-17,ATM03,232.65
2023-09-18,ATM03,135.36
2023-09-19,ATM03,133.38
2023-09-20,ATM03,150.2
2023-09-21,ATM03,157.35
2023-09-22,ATM03,160.55
2023-09-23,ATM03,230.29
2023-09-24,ATM03,234.71
2023-09-25,ATM03,145.93
2023-09-26,ATM03,153.11
2023-09-27,ATM03,196.46
2023-09-28,ATM03,221.25
2023-09-29,ATM03,245.01
2023-09-30,ATM03,249.44
2023-10-01,ATM03,280.16
2023-10-02,ATM03,183.42
2023-10-03,ATM03,165.3
2023-10-04,ATM03,177.75
2023-10-05,ATM03,170.86
2023-10-06,ATM03,186.64
2023-10-07,ATM03,219.6
2023-10-08,ATM03,189.87
2023-10-09,ATM03,135.85
2023-10-10,ATM03,135.66
2023-10-11,ATM03,153.49
2023-10-12,ATM03,128.37
2023-10-13,ATM03,171.86
2023-10-14,ATM03,274.46
2023-10-15,ATM03,252.47
2023-10-16,ATM03,143.0
2023-10-17,ATM03,144.35
2023-10-18,ATM03,185.51
2023-10-19,ATM03,144.6
2023-10-20,ATM03,172.59
2023-10-21,ATM03,200.75
2023-10-22,ATM03,204.59
2023-10-23,ATM03,130.16
2023-10-24,ATM03,155.0
2023-10-25,ATM03,223.91
2023-10-26,ATM03,204.41
2023-10-27,ATM03,209.02
2023-10-28,ATM03,347.21
2023-10-29,ATM03,293.02
2023-10-30,ATM03,159.59
2023-10-31,ATM03,133.12
2023-11-01,ATM03,184.1
2023-11-02,ATM03,198.04
2023-11-03,ATM03,247.35
2023-11-04,ATM03,228.08
2023-11-05,ATM03,278.55
2023-11-06,ATM03,156.25
2023-11-07,ATM03,163.47
2023-11-08,ATM03,134.84
2023-11-09,ATM03,169.76
2023-11-10,ATM03,192.26
2023-11-11,ATM03,228.63
2023-11-12,ATM03,246.77
2023-11-13,ATM03,130.61
2023-11-14,ATM03,125.31
2023-11-15,ATM03,131.89
2023-11-16,ATM03,112.89
2023-11-17,ATM03,165.5
2023-11-18,ATM03,244.52
2023-11-19,ATM03,219.18
2023-11-20,ATM03,139.86
2023-11-21,ATM03,133.67
2023-11-22,ATM03,148.03
2023-11-23,ATM03,135.96
2023-11-24,ATM03,148.41
2023-11-25,ATM03,274.92
2023-11-26,ATM03,273.77
2023-11-27,ATM03,205.28
2023-11-28,ATM03,181.62
2023-11-29,ATM03,163.52
2023-11-30,ATM03,192.61
2023-12-01,ATM03,226.52
2023-12-02,ATM03,295.37
2023-12-03,ATM03,286.51
2023-12-04,ATM03,145.71
2023-12-05,ATM03,142.54
2023-12-06,ATM03,148.7
2023-12-07,ATM03,130.59
2023-12-08,ATM03,160.87
2023-12-09,ATM03,252.72
2023-12-10,ATM03,239.74
2023-12-11,ATM03,120.59
2023-12-12,ATM03,108.26
2023-12-13,ATM03,155.61
2023-12-14,ATM03,147.19
2023-12-15,ATM03,196.88
2023-12-16,ATM03,253.66
2023-12-17,ATM03,230.64
2023-12-18,ATM03,181.56
2023-12-19,ATM03,167.1
2023-12-20,ATM03,206.84
2023-12-21,ATM03,191.99
2023-12-22,ATM03,252.01
2023-12-23,ATM03,300.29
2023-12-24,ATM03,321.31
2023-12-25,ATM03,304.09
2023-12-26,ATM03,231.36
2023-12-27,ATM03,236.46
2023-12-28,ATM03,218.3
2023-12-29,ATM03,311.16
2023-12-30,ATM03,320.91
2023-12-31,ATM03,333.1
2024-01-01,ATM03,210.64
2024-01-02,ATM03,169.18
2024-01-03,ATM03,147.22
2024-01-04,ATM03,154.65
2024-01-05,ATM03,174.9
2024-01-06,ATM03,189.8
2024-01-07,ATM03,217.24
2024-01-08,ATM03,122.02
2024-01-09,ATM03,109.88
2024-01-10,ATM03,128.61
2024-01-11,ATM03,143.55
2024-01-12,ATM03,176.69
2024-01-13,ATM03,233.74
2024-01-14,ATM03,186.47
2024-01-15,ATM03,107.13
2024-01-16,ATM03,150.79
2024-01-17,ATM03,133.55
2024-01-18,ATM03,147.88
2024-01-19,ATM03,156.58
2024-01-20,ATM03,209.65
2024-01-21,ATM03,204.7
2024-01-22,ATM03,137.93
2024-01-23,ATM03,137.94
2024-01-24,ATM03,136.94
2024-01-25,ATM03,149.39
2024-01-26,ATM03,193.0
2024-01-27,ATM03,220.73
2024-01-28,ATM03,260.07
2024-01-29,ATM03,212.98
2024-01-30,ATM03,211.74
2024-01-31,ATM03,208.57
2024-02-01,ATM03,184.79
2024-02-02,ATM03,166.49
2024-02-03,ATM03,180.12
2024-02-04,ATM03,243.37
2024-02-05,ATM03,132.5
2024-02-06,ATM03,127.4
2024-02-07,ATM03,140.54
2024-02-08,ATM03,129.7
2024-02-09,ATM03,143.31
2024-02-10,ATM03,250.94
2024-02-11,ATM03,191.29
2024-02-12,ATM03,115.68
2024-02-13,ATM03,114.95
2024-02-14,ATM03,140.06
2024-02-15,ATM03,137.3
2024-02-16,ATM03,159.68
2024-02-17,ATM03,223.24
2024-02-18,ATM03,221.61
2024-02-19,ATM03,129.95
2024-02-20,ATM03,138.91
2024-02-21,ATM03,154.87
2024-02-22,ATM03,144.9
2024-02-23,ATM03,168.2
2024-02-24,ATM03,196.23
2024-02-25,ATM03,231.69
2024-02-26,ATM03,164.34
2024-02-27,ATM03,170.07
2024-02-28,ATM03,183.05
2024-02-29,ATM03,180.89
2024-03-01,ATM03,204.54
2024-03-02,ATM03,278.5
2024-03-03,ATM03,268.73
2024-03-04,ATM03,166.56
2024-03-05,ATM03,150.39
2024-03-06,ATM03,179.11
2024-03-07,ATM03,166.23
2024-03-08,ATM03,196.03
2024-03-09,ATM03,243.66
2024-03-10,ATM03,233.85
2024-03-11,ATM03,126.32
2024-03-12,ATM03,140.37
2024-03-13,ATM03,197.27
2024-03-14,ATM03,157.23
2024-03-15,ATM03,173.93
2024-03-16,ATM03,206.24
2024-03-17,ATM03,205.27
2024-03-18,ATM03,152.98
2024-03-19,ATM03,131.43
2024-03-20,ATM03,135.68
2024-03-21,ATM03,120.01
2024-03-22,ATM03,146.74
2024-03-23,ATM03,175.42
2024-03-24,ATM03,230.14
2024-03-25,ATM03,239.02
2024-03-26,ATM03,199.91
2024-03-27,ATM03,170.98
2024-03-28,ATM03,207.99
2024-03-29,ATM03,223.73
2024-03-30,ATM03,349.83
2024-03-31,ATM03,336.01
2024-04-01,ATM03,191.38
2024-04-02,ATM03,197.22
2024-04-03,ATM03,209.07
2024-04-04,ATM03,200.19
2024-04-05,ATM03,224.25
2024-04-06,ATM03,294.98
2024-04-07,ATM03,276.92
2024-04-08,ATM03,194.73
2024-04-09,ATM03,164.93
2024-04-10,ATM03,142.02
2024-04-11,ATM03,167.0
2024-04-12,ATM03,153.3
2024-04-13,ATM03,205.49
2024-04-14,ATM03,202.01
2024-04-15,ATM03,137.14
2024-04-16,ATM03,140.36
2024-04-17,ATM03,144.43
2024-04-18,ATM03,151.45
2024-04-19,ATM03,178.3
2024-04-20,ATM03,203.37
2024-04-21,ATM03,182.19
2024-04-22,ATM03,126.62
2024-04-23,ATM03,137.37
2024-04-24,ATM03,161.27
2024-04-25,ATM03,161.29
2024-04-26,ATM03,173.91
2024-04-27,ATM03,250.77
2024-04-28,ATM03,258.27
2024-04-29,ATM03,128.02
2024-04-30,ATM03,149.84
2024-05-01,ATM03,173.25
2024-05-02,ATM03,136.13
2024-05-03,ATM03,182.33
2024-05-04,ATM03,277.83
2024-05-05,ATM03,222.58
2024-05-06,ATM03,132.62
2024-05-07,ATM03,136.99
2024-05-08,ATM03,178.17
2024-05-09,ATM03,152.18
2024-05-10,ATM03,156.28
2024-05-11,ATM03,243.35
2024-05-12,ATM03,222.6
2024-05-13,ATM03,144.09
2024-05-14,ATM03,116.43
2024-05-15,ATM03,129.29
2024-05-16,ATM03,112.13
2024-05-17,ATM03,131.11
2024-05-18,ATM03,207.82
2024-05-19,ATM03,214.72
2024-05-20,ATM03,126.34
2024-05-21,ATM03,118.81
2024-05-22,ATM03,129.67
2024-05-23,ATM03,139.2
2024-05-24,ATM03,180.7
2024-05-25,ATM03,196.68
2024-05-26,ATM03,212.32
2024-05-27,ATM03,146.36
2024-05-28,ATM03,150.61
2024-05-29,ATM03,170.7
2024-05-30,ATM03,173.38
2024-05-31,ATM03,191.25
2024-06-01,ATM03,304.14
2024-06-02,ATM03,244.68
2024-06-03,ATM03,153.54
2024-06-04,ATM03,133.98
2024-06-05,ATM03,143.59
2024-06-06,ATM03,148.33
2024-06-07,ATM03,204.29
2024-06-08,ATM03,230.62
2024-06-09,ATM03,259.05
2024-06-10,ATM03,158.48
2024-06-11,ATM03,141.55
2024-06-12,ATM03,140.15
2024-06-13,ATM03,134.2
2024-06-14,ATM03,154.77
2024-06-15,ATM03,223.65
2024-06-16,ATM03,228.23
2024-06-17,ATM03,178.9
2024-06-18,ATM03,118.11
2024-06-19,ATM03,118.78
2024-06-20,ATM03,163.39
2024-06-21,ATM03,170.44
2024-06-22,ATM03,195.11
2024-06-23,ATM03,244.74
2024-06-24,ATM03,142.64
2024-06-25,ATM03,173.59
2024-06-26,ATM03,170.94
2024-06-27,ATM03,162.18
2024-06-28,ATM03,187.82
2024-06-29,ATM03,210.59
2024-06-30,ATM03,236.75
2024-07-01,ATM03,155.47
2024-07-02,ATM03,191.08
2024-07-03,ATM03,161.48
2024-07-04,ATM03,118.2
2024-07-05,ATM03,153.31
2024-07-06,ATM03,282.32
2024-07-07,ATM03,280.04
2024-07-08,ATM03,138.56
2024-07-09,ATM03,147.43
2024-07-10,ATM03,130.77
2024-07-11,ATM03,115.88
2024-07-12,ATM03,142.99
2024-07-13,ATM03,197.87
2024-07-14,ATM03,170.88
2024-07-15,ATM03,103.45
2024-07-16,ATM03,117.35
2024-07-17,ATM03,125.58
2024-07-18,ATM03,137.82
2024-07-19,ATM03,140.44
2024-07-20,ATM03,210.04
2024-07-21,ATM03,189.2
2024-07-22,ATM03,147.12
2024-07-23,ATM03,113.64
2024-07-24,ATM03,114.72
2024-07-25,ATM03,159.06
2024-07-26,ATM03,227.13
2024-07-27,ATM03,275.69
2024-07-28,ATM03,286.26
2024-07-29,ATM03,163.75
2024-07-30,ATM03,142.12
2024-07-31,ATM03,149.74
2024-08-01,ATM03,137.99
2024-08-02,ATM03,154.03
2024-08-03,ATM03,206.28
2024-08-04,ATM03,194.8
2024-08-05,ATM03,132.87
2024-08-06,ATM03,117.14
2024-08-07,ATM03,139.7
2024-08-08,ATM03,135.17
2024-08-09,ATM03,191.38
2024-08-10,ATM03,224.8
2024-08-11,ATM03,254.0
2024-08-12,ATM03,128.74
2024-08-13,ATM03,129.76
2024-08-14,ATM03,123.01
2024-08-15,ATM03,124.56
2024-08-16,ATM03,148.58
2024-08-17,ATM03,238.34
2024-08-18,ATM03,176.83
2024-08-19,ATM03,101.67
2024-08-20,ATM03,89.59
2024-08-21,ATM03,103.18
2024-08-22,ATM03,128.96
2024-08-23,ATM03,130.19
2024-08-24,ATM03,160.85
2024-08-25,ATM03,278.28
2024-08-26,ATM03,150.02
2024-08-27,ATM03,157.99
2024-08-28,ATM03,177.36
2024-08-29,ATM03,182.48
2024-08-30,ATM03,169.55
2024-08-31,ATM03,226.78
2024-09-01,ATM03,205.5
2024-09-02,ATM03,183.59
2024-09-03,ATM03,123.7
2024-09-04,ATM03,123.13
2024-09-05,ATM03,119.83
2024-09-06,ATM03,131.34
2024-09-07,ATM03,224.59
2024-09-08,ATM03,297.85
2024-09-09,ATM03,146.84
2024-09-10,ATM03,114.93
2024-09-11,ATM03,101.15
2024-09-12,ATM03,115.87
2024-09-13,ATM03,142.55
2024-09-14,ATM03,180.9
2024-09-15,ATM03,205.27
2024-09-16,ATM03,132.27
2024-09-17,ATM03,134.78
2024-09-18,ATM03,134.13
2024-09-19,ATM03,119.63
2024-09-20,ATM03,161.0
2024-09-21,ATM03,205.41
2024-09-22,ATM03,233.72
2024-09-23,ATM03,146.35
2024-09-24,ATM03,116.33
2024-09-25,ATM03,133.11
2024-09-26,ATM03,136.81
2024-09-27,ATM03,156.31
2024-09-28,ATM03,242.98
2024-09-29,ATM03,262.49
2024-09-30,ATM03,176.22
2024-10-01,ATM03,170.65
2024-10-02,ATM03,174.43
2024-10-03,ATM03,169.11
2024-10-04,ATM03,189.83
2024-10-05,ATM03,229.49
2024-10-06,ATM03,270.36
2024-10-07,ATM03,149.58
2024-10-08,ATM03,136.97
2024-10-09,ATM03,131.44
2024-10-10,ATM03,140.52
2024-10-11,ATM03,183.91
2024-10-12,ATM03,216.1
2024-10-13,ATM03,249.87
2024-10-14,ATM03,111.08
2024-10-15,ATM03,119.16
2024-10-16,ATM03,130.43
2024-10-17,ATM03,122.74
2024-10-18,ATM03,196.17
2024-10-19,ATM03,221.93
2024-10-20,ATM03,209.23
2024-10-21,ATM03,127.64
2024-10-22,ATM03,102.31
2024-10-23,ATM03,112.43
2024-10-24,ATM03,138.47
2024-10-25,ATM03,178.29
2024-10-26,ATM03,215.94
2024-10-27,ATM03,275.78
2024-10-28,ATM03,184.49
2024-10-29,ATM03,176.01
2024-10-30,ATM03,163.94
2024-10-31,ATM03,158.45
2024-11-01,ATM03,171.06
2024-11-02,ATM03,207.97
2024-11-03,ATM03,184.74
2024-11-04,ATM03,115.92
2024-11-05,ATM03,112.37
2024-11-06,ATM03,110.68
2024-11-07,ATM03,130.34
2024-11-08,ATM03,163.94
2024-11-09,ATM03,256.15
2024-11-10,ATM03,210.8
2024-11-11,ATM03,131.64
2024-11-12,ATM03,133.55
2024-11-13,ATM03,133.71
2024-11-14,ATM03,145.5
2024-11-15,ATM03,176.92
2024-11-16,ATM03,220.57
2024-11-17,ATM03,211.56
2024-11-18,ATM03,122.62
2024-11-19,ATM03,107.44
2024-11-20,ATM03,114.01
2024-11-21,ATM03,116.45
2024-11-22,ATM03,129.77
2024-11-23,ATM03,194.11
2024-11-24,ATM03,234.16
2024-11-25,ATM03,144.86
2024-11-26,ATM03,153.41
2024-11-27,ATM03,144.18
2024-11-28,ATM03,148.04
2024-11-29,ATM03,167.51
2024-11-30,ATM03,244.85
2024-12-01,ATM03,233.64
2024-12-02,ATM03,164.54
2024-12-03,ATM03,135.29
2024-12-04,ATM03,132.67
2024-12-05,ATM03,119.91
2024-12-06,ATM03,157.76
2024-12-07,ATM03,229.74
2024-12-08,ATM03,235.3
2024-12-09,ATM03,176.33
2024-12-10,ATM03,167.29
2024-12-11,ATM03,146.67
2024-12-12,ATM03,134.57
2024-12-13,ATM03,164.68
2024-12-14,ATM03,187.32
2024-12-15,ATM03,286.46
2024-12-16,ATM03,171.46
2024-12-17,ATM03,168.39
2024-12-18,ATM03,185.41
2024-12-19,ATM03,211.45
2024-12-20,ATM03,220.63
2024-12-21,ATM03,261.44
2024-12-22,ATM03,312.36
2024-12-23,ATM03,190.42
2024-12-24,ATM03,165.54
2024-12-25,ATM03,266.09
2024-12-26,ATM03,206.45
2024-12-27,ATM03,246.22
2024-12-28,ATM03,264.64
2024-12-29,ATM03,248.02
2024-12-30,ATM03,154.62
2024-12-31,ATM03,155.13
2025-01-01,ATM03,177.2
2025-01-02,ATM03,159.49
2025-01-03,ATM03,161.45
2025-01-04,ATM03,214.34
2025-01-05,ATM03,192.87
2025-01-06,ATM03,119.45
2025-01-07,ATM03,135.25
2025-01-08,ATM03,151.55
2025-01-09,ATM03,134.45
2025-01-10,ATM03,154.56
2025-01-11,ATM03,253.52
2025-01-12,ATM03,229.86
2025-01-13,ATM03,121.95
2025-01-14,ATM03,121.51
2025-01-15,ATM03,132.24
2025-01-16,ATM03,130.34
2025-01-17,ATM03,153.06
2025-01-18,ATM03,168.96
2025-01-19,ATM03,172.47
2025-01-20,ATM03,113.69
2025-01-21,ATM03,117.75
2025-01-22,ATM03,121.19
2025-01-23,ATM03,124.87
2025-01-24,ATM03,151.56
2025-01-25,ATM03,260.72
2025-01-26,ATM03,254.66
2025-01-27,ATM03,158.97
2025-01-28,ATM03,145.13
2025-01-29,ATM03,216.71
2025-01-30,ATM03,169.2
2025-01-31,ATM03,209.72
2025-02-01,ATM03,272.45
2025-02-02,ATM03,279.97
2025-02-03,ATM03,138.63
2025-02-04,ATM03,138.87
2025-02-05,ATM03,161.01
2025-02-06,ATM03,138.86
2025-02-07,ATM03,151.94
2025-02-08,ATM03,207.47
2025-02-09,ATM03,226.79
2025-02-10,ATM03,116.05
2025-02-11,ATM03,119.78
2025-02-12,ATM03,128.35
2025-02-13,ATM03,102.18
2025-02-14,ATM03,133.98
2025-02-15,ATM03,182.78
2025-02-16,ATM03,194.59
2025-02-17,ATM03,142.17
2025-02-18,ATM03,115.67
2025-02-19,ATM03,116.51
2025-02-20,ATM03,93.58
2025-02-21,ATM03,125.04
2025-02-22,ATM03,172.48
2025-02-23,ATM03,182.29
2025-02-24,ATM03,133.35
2025-02-25,ATM03,169.34
2025-02-26,ATM03,168.73
2025-02-27,ATM03,156.26
2025-02-28,ATM03,205.35
2025-03-01,ATM03,248.24
2025-03-02,ATM03,229.32
2025-03-03,ATM03,105.76
2025-03-04,ATM03,113.68
2025-03-05,ATM03,141.81
2025-03-06,ATM03,180.47
2025-03-07,ATM03,183.91
2025-03-08,ATM03,203.12
2025-03-09,ATM03,187.83
2025-03-10,ATM03,126.32
2025-03-11,ATM03,106.42
2025-03-12,ATM03,136.04
2025-03-13,ATM03,154.13
2025-03-14,ATM03,184.32
2025-03-15,ATM03,225.25
2025-03-16,ATM03,251.42
2025-03-17,ATM03,152.59
2025-03-18,ATM03,138.79
2025-03-19,ATM03,189.82
2025-03-20,ATM03,168.75
2025-03-21,ATM03,213.34
2025-03-22,ATM03,201.95
2025-03-23,ATM03,276.43
2025-03-24,ATM03,195.94
2025-03-25,ATM03,217.05
2025-03-26,ATM03,236.98
2025-03-27,ATM03,242.28
2025-03-28,ATM03,252.22
2025-03-29,ATM03,354.01
2025-03-30,ATM03,331.63
2025-03-31,ATM03,157.57
2025-04-01,ATM03,188.1
2025-04-02,ATM03,163.13
2025-04-03,ATM03,123.2
2025-04-04,ATM03,133.53
2025-04-05,ATM03,167.68
2025-04-06,ATM03,200.2
2025-04-07,ATM03,108.51
2025-04-08,ATM03,120.58
2025-04-09,ATM03,140.75
2025-04-10,ATM03,127.47
2025-04-11,ATM03,165.91
2025-04-12,ATM03,195.27
2025-04-13,ATM03,197.89
2025-04-14,ATM03,110.07
2025-04-15,ATM03,131.02
2025-04-16,ATM03,123.3
2025-04-17,ATM03,132.19
2025-04-18,ATM03,151.91
2025-04-19,ATM03,174.12
2025-04-20,ATM03,180.03
2025-04-21,ATM03,135.88
2025-04-22,ATM03,131.59
2025-04-23,ATM03,120.2
2025-04-24,ATM03,129.95
2025-04-25,ATM03,179.28
2025-04-26,ATM03,340.22
2025-04-27,ATM03,296.62
2025-04-28,ATM03,154.79
2025-04-29,ATM03,176.25
2025-04-30,ATM03,138.19
2025-05-01,ATM03,194.15
2025-05-02,ATM03,222.35
2025-05-03,ATM03,223.4
2025-05-04,ATM03,183.5
2025-05-05,ATM03,116.2
2025-05-06,ATM03,145.14
2025-05-07,ATM03,150.83
2025-05-08,ATM03,130.85
2025-05-09,ATM03,145.62
2025-05-10,ATM03,175.31
2025-05-11,ATM03,200.48
2025-05-12,ATM03,141.61
2025-05-13,ATM03,146.89
2025-05-14,ATM03,148.06
2025-05-15,ATM03,118.95
2025-05-16,ATM03,125.79
2025-05-17,ATM03,189.88
2025-05-18,ATM03,172.12
2025-05-19,ATM03,111.24
2025-05-20,ATM03,121.27
2025-05-21,ATM03,113.9
2025-05-22,ATM03,109.26
2025-05-23,ATM03,138.57
2025-05-24,ATM03,197.54
2025-05-25,ATM03,273.79
2025-05-26,ATM03,165.96
2025-05-27,ATM03,156.37
2025-05-28,ATM03,147.28
2025-05-29,ATM03,134.8
2025-05-30,ATM03,160.72
2025-05-31,ATM03,230.88
2025-06-01,ATM03,324.53
2025-06-02,ATM03,118.12
2025-06-03,ATM03,107.76
2025-06-04,ATM03,144.08
2025-06-05,ATM03,141.39
2025-06-06,ATM03,180.34
2025-06-07,ATM03,249.82
2025-06-08,ATM03,231.9
2025-06-09,ATM03,140.17
2025-06-10,ATM03,132.17
2025-06-11,ATM03,128.58
2025-06-12,ATM03,118.96
2025-06-13,ATM03,183.31
2025-06-14,ATM03,236.18
2025-06-15,ATM03,240.3
2025-06-16,ATM03,140.78
2025-06-17,ATM03,116.42
2025-06-18,ATM03,145.43
2025-06-19,ATM03,124.05
2025-06-20,ATM03,152.49
2025-06-21,ATM03,162.45
2025-06-22,ATM03,148.09
2025-06-23,ATM03,109.97
2025-06-24,ATM03,106.35
2025-06-25,ATM03,116.89
2025-06-26,ATM03,144.63
2025-06-27,ATM03,220.91
2025-06-28,ATM03,295.86
2025-06-29,ATM03,260.69
2025-06-30,ATM03,151.45
2025-07-01,ATM03,163.52
2025-07-02,ATM03,183.88
2025-07-03,ATM03,142.03
2025-07-04,ATM03,162.58
2025-07-05,ATM03,213.4
2025-07-06,ATM03,229.66
2025-07-07,ATM03,131.45
2025-07-08,ATM03,128.17
2025-07-09,ATM03,158.24
2025-07-10,ATM03,156.97
2025-07-11,ATM03,172.81
2025-07-12,ATM03,248.11
2025-07-13,ATM03,214.48
2025-07-14,ATM03,149.64
2025-07-15,ATM03,141.43
2025-07-16,ATM03,197.08
2025-07-17,ATM03,136.47
2025-07-18,ATM03,142.62
2025-07-19,ATM03,197.1
2025-07-20,ATM03,210.63
2025-07-21,ATM03,153.75
2025-07-22,ATM03,125.22
2025-07-23,ATM03,143.72
2025-07-24,ATM03,153.29
2025-07-25,ATM03,210.06
2025-07-26,ATM03,222.68
2025-07-27,ATM03,274.71
2025-07-28,ATM03,176.82
2025-07-29,ATM03,169.36
2025-07-30,ATM03,168.38
2025-07-31,ATM03,164.05
2025-08-01,ATM03,182.9
2025-08-02,ATM03,249.36
2025-08-03,ATM03,219.3
2025-08-04,ATM03,118.65
2025-08-05,ATM03,110.19
2025-08-06,ATM03,116.59
2025-08-07,ATM03,129.72
2025-08-08,ATM03,154.47
2025-08-09,ATM03,205.84
2025-08-10,ATM03,211.16
2025-08-11,ATM03,115.67
2025-08-12,ATM03,139.01
2025-08-13,ATM03,132.12
2025-08-14,ATM03,123.56
2025-08-15,ATM03,154.68
2025-08-16,ATM03,159.05
2025-08-17,ATM03,217.54
2025-08-18,ATM03,124.25
2025-08-19,ATM03,100.86
2025-08-20,ATM03,133.08
2025-08-21,ATM03,153.42
2025-08-22,ATM03,155.14
2025-08-23,ATM03,201.13
2025-08-24,ATM03,229.28
2025-08-25,ATM03,146.4
2025-08-26,ATM03,159.75
2025-08-27,ATM03,148.52
2025-08-28,ATM03,143.07
2025-08-29,ATM03,158.41
2025-08-30,ATM03,225.54
2025-08-31,ATM03,267.82
2025-09-01,ATM03,149.09
2025-09-02,ATM03,127.21
2025-09-03,ATM03,113.08
2025-09-04,ATM03,130.02
2025-09-05,ATM03,189.42
2025-09-06,ATM03,229.43
2025-09-07,ATM03,212.54
2025-09-08,ATM03,139.22
2025-09-09,ATM03,128.96
2025-09-10,ATM03,122.56
2025-09-11,ATM03,112.42
2025-09-12,ATM03,163.67
2025-09-13,ATM03,150.57
2025-09-14,ATM03,193.86
2025-09-15,ATM03,112.91
2025-09-16,ATM03,111.46
2025-09-17,ATM03,147.86
2025-09-18,ATM03,125.57
2025-09-19,ATM03,136.61
2025-09-20,ATM03,180.79
2025-09-21,ATM03,201.64
2025-09-22,ATM03,115.12
2025-09-23,ATM03,98.86
2025-09-24,ATM03,105.65
2025-09-25,ATM03,161.21
2025-09-26,ATM03,183.48
2025-09-27,ATM03,243.13
2025-09-28,ATM03,236.29
2025-09-29,ATM03,133.35
2025-09-30,ATM03,166.84
2025-10-01,ATM03,159.13
2025-10-02,ATM03,147.6
2025-10-03,ATM03,174.17
2025-10-04,ATM03,194.83
2025-10-05,ATM03,192.44
2025-10-06,ATM03,122.16
2025-10-07,ATM03,124.48
2025-10-08,ATM03,136.76
2025-10-09,ATM03,170.07
2025-10-10,ATM03,170.21
2025-10-11,ATM03,155.53
2025-10-12,ATM03,186.22
2025-10-13,ATM03,116.84
2025-10-14,ATM03,118.64
2025-10-15,ATM03,129.32
2025-10-16,ATM03,127.11
2025-10-17,ATM03,146.75
2025-10-18,ATM03,202.03
2025-10-19,ATM03,190.26
2025-10-20,ATM03,105.77
2025-10-21,ATM03,157.34
2025-10-22,ATM03,132.0
2025-10-23,ATM03,130.02
2025-10-24,ATM03,126.4
2025-10-25,ATM03,214.48
2025-10-26,ATM03,206.81
2025-10-27,ATM03,128.25
2025-10-28,ATM03,152.47
2025-10-29,ATM03,163.84
2025-10-30,ATM03,166.67
2025-10-31,ATM03,151.47
2025-11-01,ATM03,258.81
2025-11-02,ATM03,218.59
2025-11-03,ATM03,144.16
2025-11-04,ATM03,149.62
2025-11-05,ATM03,153.39
2025-11-06,ATM03,129.13
2025-11-07,ATM03,155.73
2025-11-08,ATM03,189.76
2025-11-09,ATM03,202.93
2025-11-10,ATM03,114.28
2025-11-11,ATM03,93.15
2025-11-12,ATM03,127.34
2025-11-13,ATM03,125.14
2025-11-14,ATM03,138.55
2025-11-15,ATM03,172.52
2025-11-16,ATM03,195.09
2025-11-17,ATM03,107.3
2025-11-18,ATM03,88.34
2025-11-19,ATM03,114.86
2025-11-20,ATM03,127.52
2025-11-21,ATM03,144.07
2025-11-22,ATM03,164.48
2025-11-23,ATM03,185.23
2025-11-24,ATM03,98.37
2025-11-25,ATM03,116.61
2025-11-26,ATM03,126.57
2025-11-27,ATM03,152.51
2025-11-28,ATM03,169.44
2025-11-29,ATM03,211.09
2025-11-30,ATM03,281.09
2025-12-01,ATM03,160.11
2025-12-02,ATM03,155.32
2025-12-03,ATM03,132.54
2025-12-04,ATM03,124.04
2025-12-05,ATM03,117.91
2025-12-06,ATM03,195.59
2025-12-07,ATM03,214.79
2025-12-08,ATM03,124.88
2025-12-09,ATM03,123.02
2025-12-10,ATM03,134.35
2025-12-11,ATM03,108.69
2025-12-12,ATM03,128.16
2025-12-13,ATM03,155.9
2025-12-14,ATM03,217.11
2025-12-15,ATM03,170.47
2025-12-16,ATM03,123.37
2025-12-17,ATM03,121.81
2025-12-18,ATM03,137.4
2025-12-19,ATM03,162.99
2025-12-20,ATM03,192.23
2025-12-21,ATM03,274.71
2025-12-22,ATM03,160.99
2025-12-23,ATM03,161.29
2025-12-24,ATM03,150.32
2025-12-25,ATM03,258.64
2025-12-26,ATM03,214.85
2025-12-27,ATM03,269.63
2025-12-28,ATM03,305.15
2025-12-29,ATM03,150.6
2025-12-30,ATM03,195.62
2025-12-31,ATM03,199.4
2022-01-01,ATM04,493.16
2022-01-02,ATM04,346.14
2022-01-03,ATM04,204.68
2022-01-04,ATM04,209.56
2022-01-05,ATM04,211.53
2022-01-06,ATM04,194.86
2022-01-07,ATM04,213.07
2022-01-08,ATM04,304.19
2022-01-09,ATM04,315.82
2022-01-10,ATM04,176.65
2022-01-11,ATM04,223.4
2022-01-12,ATM04,219.74
2022-01-13,ATM04,246.64
2022-01-14,ATM04,248.54
2022-01-15,ATM04,325.87
2022-01-16,ATM04,329.82
2022-01-17,ATM04,165.32
2022-01-18,ATM04,213.88
2022-01-19,ATM04,214.08
2022-01-20,ATM04,229.97
2022-01-21,ATM04,234.95
2022-01-22,ATM04,303.53
2022-01-23,ATM04,291.98
2022-01-24,ATM04,215.96
2022-01-25,ATM04,255.81
2022-01-26,ATM04,270.9
2022-01-27,ATM04,302.11
2022-01-28,ATM04,362.02
2022-01-29,ATM04,451.21
2022-01-30,ATM04,362.73
2022-01-31,ATM04,212.69
2022-02-01,ATM04,263.1
2022-02-02,ATM04,253.49
2022-02-03,ATM04,227.13
2022-02-04,ATM04,224.59
2022-02-05,ATM04,305.9
2022-02-06,ATM04,281.99
2022-02-07,ATM04,190.25
2022-02-08,ATM04,167.24
2022-02-09,ATM04,212.46
2022-02-10,ATM04,213.95
2022-02-11,ATM04,304.14
2022-02-12,ATM04,380.32
2022-02-13,ATM04,338.66
2022-02-14,ATM04,220.05
2022-02-15,ATM04,177.78
2022-02-16,ATM04,179.38
2022-02-17,ATM04,202.39
2022-02-18,ATM04,189.53
2022-02-19,ATM04,278.71
2022-02-20,ATM04,275.54
2022-02-21,ATM04,185.21
2022-02-22,ATM04,170.29
2022-02-23,ATM04,204.79
2022-02-24,ATM04,207.4
2022-02-25,ATM04,339.9
2022-02-26,ATM04,402.4
2022-02-27,ATM04,369.18
2022-02-28,ATM04,224.63
2022-03-01,ATM04,199.27
2022-03-02,ATM04,242.33
2022-03-03,ATM04,232.46
2022-03-04,ATM04,346.05
2022-03-05,ATM04,353.36
2022-03-06,ATM04,343.44
2022-03-07,ATM04,195.75
2022-03-08,ATM04,207.48
2022-03-09,ATM04,229.73
2022-03-10,ATM04,210.78
2022-03-11,ATM04,275.26
2022-03-12,ATM04,308.68
2022-03-13,ATM04,359.03
2022-03-14,ATM04,218.48
2022-03-15,ATM04,205.83
2022-03-16,ATM04,205.2
2022-03-17,ATM04,269.98
2022-03-18,ATM04,249.4
2022-03-19,ATM04,326.32
2022-03-20,ATM04,303.91
2022-03-21,ATM04,232.34
2022-03-22,ATM04,233.45
2022-03-23,ATM04,208.51
2022-03-24,ATM04,220.15
2022-03-25,ATM04,307.09
2022-03-26,ATM04,361.95
2022-03-27,ATM04,415.26
2022-03-28,ATM04,253.33
2022-03-29,ATM04,249.05
2022-03-30,ATM04,254.35
2022-03-31,ATM04,263.59
2022-04-01,ATM04,305.62
2022-04-02,ATM04,384.53
2022-04-03,ATM04,322.95
2022-04-04,ATM04,243.75
2022-04-05,ATM04,198.77
2022-04-06,ATM04,225.88
2022-04-07,ATM04,214.74
2022-04-08,ATM04,307.82
2022-04-09,ATM04,323.91
2022-04-10,ATM04,294.95
2022-04-11,ATM04,172.58
2022-04-12,ATM04,197.86
2022-04-13,ATM04,186.9
2022-04-14,ATM04,198.0
2022-04-15,ATM04,199.28
2022-04-16,ATM04,315.16
2022-04-17,ATM04,334.03
2022-04-18,ATM04,185.54
2022-04-19,ATM04,238.91
2022-04-20,ATM04,219.92
2022-04-21,ATM04,262.75
2022-04-22,ATM04,284.25
2022-04-23,ATM04,459.23
2022-04-24,ATM04,484.88
2022-04-25,ATM04,296.12
2022-04-26,ATM04,278.66
2022-04-27,ATM04,342.33
2022-04-28,ATM04,335.48
2022-04-29,ATM04,395.07
2022-04-30,ATM04,602.62
2022-05-01,ATM04,708.13
2022-05-02,ATM04,273.27
2022-05-03,ATM04,268.27
2022-05-04,ATM04,225.47
2022-05-05,ATM04,205.55
2022-05-06,ATM04,226.75
2022-05-07,ATM04,242.36
2022-05-08,ATM04,249.29
2022-05-09,ATM04,177.84
2022-05-10,ATM04,172.82
2022-05-11,ATM04,191.21
2022-05-12,ATM04,218.41
2022-05-13,ATM04,213.25
2022-05-14,ATM04,282.92
2022-05-15,ATM04,313.96
2022-05-16,ATM04,179.34
2022-05-17,ATM04,219.42
2022-05-18,ATM04,240.16
2022-05-19,ATM04,227.72
2022-05-20,ATM04,306.03
2022-05-21,ATM04,291.86
2022-05-22,ATM04,311.74
2022-05-23,ATM04,199.84
2022-05-24,ATM04,177.85
2022-05-25,ATM04,245.08
2022-05-26,ATM04,217.72
2022-05-27,ATM04,293.44
2022-05-28,ATM04,419.15
2022-05-29,ATM04,417.99
2022-05-30,ATM04,197.35
2022-05-31,ATM04,194.26
2022-06-01,ATM04,314.18
2022-06-02,ATM04,244.76
2022-06-03,ATM04,188.17
2022-06-04,ATM04,326.92
2022-06-05,ATM04,343.71
2022-06-06,ATM04,189.0
2022-06-07,ATM04,220.66
2022-06-08,ATM04,208.39
2022-06-09,ATM04,197.68
2022-06-10,ATM04,238.37
2022-06-11,ATM04,373.4
2022-06-12,ATM04,415.91
2022-06-13,ATM04,226.9
2022-06-14,ATM04,218.67
2022-06-15,ATM04,236.09
2022-06-16,ATM04,190.1
2022-06-17,ATM04,247.95
2022-06-18,ATM04,288.02
2022-06-19,ATM04,320.35
2022-06-20,ATM04,189.0
2022-06-21,ATM04,202.14
2022-06-22,ATM04,211.47
2022-06-23,ATM04,148.05
2022-06-24,ATM04,210.37
2022-06-25,ATM04,373.2
2022-06-26,ATM04,403.28
2022-06-27,ATM04,234.8
2022-06-28,ATM04,279.13
2022-06-29,ATM04,275.94
2022-06-30,ATM04,271.26
2022-07-01,ATM04,335.69
2022-07-02,ATM04,411.14
2022-07-03,ATM04,320.74
2022-07-04,ATM04,152.91
2022-07-05,ATM04,170.15
2022-07-06,ATM04,216.59
2022-07-07,ATM04,208.14
2022-07-08,ATM04,270.79
2022-07-09,ATM04,340.3
2022-07-10,ATM04,485.54
2022-07-11,ATM04,200.61
2022-07-12,ATM04,206.45
2022-07-13,ATM04,222.35
2022-07-14,ATM04,249.97
2022-07-15,ATM04,215.98
2022-07-16,ATM04,278.26
2022-07-17,ATM04,333.46
2022-07-18,ATM04,233.27
2022-07-19,ATM04,215.34
2022-07-20,ATM04,207.41
2022-07-21,ATM04,223.07
2022-07-22,ATM04,272.21
2022-07-23,ATM04,311.96
2022-07-24,ATM04,331.39
2022-07-25,ATM04,267.97
2022-07-26,ATM04,303.62
2022-07-27,ATM04,299.7
2022-07-28,ATM04,268.89
2022-07-29,ATM04,295.52
2022-07-30,ATM04,395.57
2022-07-31,ATM04,387.88
2022-08-01,ATM04,237.46
2022-08-02,ATM04,207.76
2022-08-03,ATM04,237.07
2022-08-04,ATM04,198.27
2022-08-05,ATM04,230.71
2022-08-06,ATM04,314.02
2022-08-07,ATM04,411.43
2022-08-08,ATM04,212.78
2022-08-09,ATM04,192.72
2022-08-10,ATM04,186.44
2022-08-11,ATM04,234.32
2022-08-12,ATM04,185.26
2022-08-13,ATM04,243.95
2022-08-14,ATM04,385.58
2022-08-15,ATM04,223.59
2022-08-16,ATM04,181.71
2022-08-17,ATM04,256.1
2022-08-18,ATM04,201.49
2022-08-19,ATM04,258.69
2022-08-20,ATM04,387.29
2022-08-21,ATM04,366.63
2022-08-22,ATM04,192.89
2022-08-23,ATM04,209.25
2022-08-24,ATM04,195.16
2022-08-25,ATM04,213.17
2022-08-26,ATM04,220.07
2022-08-27,ATM04,273.56
2022-08-28,ATM04,300.72
2022-08-29,ATM04,181.7
2022-08-30,ATM04,213.6
2022-08-31,ATM04,205.94
2022-09-01,ATM04,159.4
2022-09-02,ATM04,208.77
2022-09-03,ATM04,265.96
2022-09-04,ATM04,286.17
2022-09-05,ATM04,223.15
2022-09-06,ATM04,197.5
2022-09-07,ATM04,233.28
2022-09-08,ATM04,221.93
2022-09-09,ATM04,252.5
2022-09-10,ATM04,277.5
2022-09-11,ATM04,299.81
2022-09-12,ATM04,171.53
2022-09-13,ATM04,185.09
2022-09-14,ATM04,193.92
2022-09-15,ATM04,178.51
2022-09-16,ATM04,248.26
2022-09-17,ATM04,324.6
2022-09-18,ATM04,308.03
2022-09-19,ATM04,191.8
2022-09-20,ATM04,189.14
2022-09-21,ATM04,182.56
2022-09-22,ATM04,194.12
2022-09-23,ATM04,215.75
2022-09-24,ATM04,261.88
2022-09-25,ATM04,294.71
2022-09-26,ATM04,196.51
2022-09-27,ATM04,226.92
2022-09-28,ATM04,223.11
2022-09-29,ATM04,307.32
2022-09-30,ATM04,345.91
2022-10-01,ATM04,458.21
2022-10-02,ATM04,455.33
2022-10-03,ATM04,269.08
2022-10-04,ATM04,210.23
2022-10-05,ATM04,163.87
2022-10-06,ATM04,180.15
2022-10-07,ATM04,244.92
2022-10-08,ATM04,322.55
2022-10-09,ATM04,342.74
2022-10-10,ATM04,222.64
2022-10-11,ATM04,212.48
2022-10-12,ATM04,230.61
2022-10-13,ATM04,192.58
2022-10-14,ATM04,203.64
2022-10-15,ATM04,337.43
2022-10-16,ATM04,332.07
2022-10-17,ATM04,181.82
2022-10-18,ATM04,173.58
2022-10-19,ATM04,179.43
2022-10-20,ATM04,176.32
2022-10-21,ATM04,191.58
2022-10-22,ATM04,232.91
2022-10-23,ATM04,271.86
2022-10-24,ATM04,166.61
2022-10-25,ATM04,242.05
2022-10-26,ATM04,255.35
2022-10-27,ATM04,254.13
2022-10-28,ATM04,264.76
2022-10-29,ATM04,346.39
2022-10-30,ATM04,381.72
2022-10-31,ATM04,247.65
2022-11-01,ATM04,233.38
2022-11-02,ATM04,273.7
2022-11-03,ATM04,224.99
2022-11-04,ATM04,277.02
2022-11-05,ATM04,316.86
2022-11-06,ATM04,269.51
2022-11-07,ATM04,188.14
2022-11-08,ATM04,210.65
2022-11-09,ATM04,230.82
2022-11-10,ATM04,217.42
2022-11-11,ATM04,232.85
2022-11-12,ATM04,273.89
2022-11-13,ATM04,316.83
2022-11-14,ATM04,199.27
2022-11-15,ATM04,181.61
2022-11-16,ATM04,221.6
2022-11-17,ATM04,189.71
2022-11-18,ATM04,213.27
2022-11-19,ATM04,344.21
2022-11-20,ATM04,363.36
2022-11-21,ATM04,194.3
2022-11-22,ATM04,196.98
2022-11-23,ATM04,206.81
2022-11-24,ATM04,149.73
2022-11-25,ATM04,221.89
2022-11-26,ATM04,321.53
2022-11-27,ATM04,340.21
2022-11-28,ATM04,222.72
2022-11-29,ATM04,253.87
2022-11-30,ATM04,243.02
2022-12-01,ATM04,214.16
2022-12-02,ATM04,274.78
2022-12-03,ATM04,303.16
2022-12-04,ATM04,316.16
2022-12-05,ATM04,189.57
2022-12-06,ATM04,249.07
2022-12-07,ATM04,182.1
2022-12-08,ATM04,188.97
2022-12-09,ATM04,233.83
2022-12-10,ATM04,267.34
2022-12-11,ATM04,324.76
2022-12-12,ATM04,209.7
2022-12-13,ATM04,196.09
2022-12-14,ATM04,196.55
2022-12-15,ATM04,243.9
2022-12-16,ATM04,283.82
2022-12-17,ATM04,365.51
2022-12-18,ATM04,374.74
2022-12-19,ATM04,237.57
2022-12-20,ATM04,255.93
2022-12-21,ATM04,225.27
2022-12-22,ATM04,211.41
2022-12-23,ATM04,221.96
2022-12-24,ATM04,362.83
2022-12-25,ATM04,611.04
2022-12-26,ATM04,298.82
2022-12-27,ATM04,246.57
2022-12-28,ATM04,340.97
2022-12-29,ATM04,295.46
2022-12-30,ATM04,351.98
2022-12-31,ATM04,492.6
2023-01-01,ATM04,450.7
2023-01-02,ATM04,205.16
2023-01-03,ATM04,194.01
2023-01-04,ATM04,284.37
2023-01-05,ATM04,248.47
2023-01-06,ATM04,314.89
2023-01-07,ATM04,402.06
2023-01-08,ATM04,379.02
2023-01-09,ATM04,189.86
2023-01-10,ATM04,205.78
2023-01-11,ATM04,175.03
2023-01-12,ATM04,223.0
2023-01-13,ATM04,248.67
2023-01-14,ATM04,228.95
2023-01-15,ATM04,263.37
2023-01-16,ATM04,186.89
2023-01-17,ATM04,181.74
2023-01-18,ATM04,210.99
2023-01-19,ATM04,185.12
2023-01-20,ATM04,193.64
2023-01-21,ATM04,271.49
2023-01-22,ATM04,384.86
2023-01-23,ATM04,176.31
2023-01-24,ATM04,207.84
2023-01-25,ATM04,226.26
2023-01-26,ATM04,239.84
2023-01-27,ATM04,279.59
2023-01-28,ATM04,300.5
2023-01-29,ATM04,295.08
2023-01-30,ATM04,202.35
2023-01-31,ATM04,265.42
2023-02-01,ATM04,272.12
2023-02-02,ATM04,208.12
2023-02-03,ATM04,163.22
2023-02-04,ATM04,283.22
2023-02-05,ATM04,306.8
2023-02-06,ATM04,217.64
2023-02-07,ATM04,186.86
2023-02-08,ATM04,211.5
2023-02-09,ATM04,230.14
2023-02-10,ATM04,228.2
2023-02-11,ATM04,280.56
2023-02-12,ATM04,299.65
2023-02-13,ATM04,195.13
2023-02-14,ATM04,189.39
2023-02-15,ATM04,220.56
2023-02-16,ATM04,196.56
2023-02-17,ATM04,197.92
2023-02-18,ATM04,342.55
2023-02-19,ATM04,305.66
2023-02-20,ATM04,174.12
2023-02-21,ATM04,178.79
2023-02-22,ATM04,194.39
2023-02-23,ATM04,187.12
2023-02-24,ATM04,223.46
2023-02-25,ATM04,347.53
2023-02-26,ATM04,370.3
2023-02-27,ATM04,172.24
2023-02-28,ATM04,243.49
2023-03-01,ATM04,241.01
2023-03-02,ATM04,253.28
2023-03-03,ATM04,215.16
2023-03-04,ATM04,280.18
2023-03-05,ATM04,285.8
2023-03-06,ATM04,217.98
2023-03-07,ATM04,192.64
2023-03-08,ATM04,223.66
2023-03-09,ATM04,199.65
2023-03-10,ATM04,213.36
2023-03-11,ATM04,276.92
2023-03-12,ATM04,341.21
2023-03-13,ATM04,157.89
2023-03-14,ATM04,148.81
2023-03-15,ATM04,143.12
2023-03-16,ATM04,150.63
2023-03-17,ATM04,185.36
2023-03-18,ATM04,223.45
2023-03-19,ATM04,247.96
2023-03-20,ATM04,134.8
2023-03-21,ATM04,143.12
2023-03-22,ATM04,198.67
2023-03-23,ATM04,205.57
2023-03-24,ATM04,237.8
2023-03-25,ATM04,320.61
2023-03-26,ATM04,295.05
2023-03-27,ATM04,177.32
2023-03-28,ATM04,199.11
2023-03-29,ATM04,245.51
2023-03-30,ATM04,263.89
2023-03-31,ATM04,308.64
2023-04-01,ATM04,349.05
2023-04-02,ATM04,375.71
2023-04-03,ATM04,199.42
2023-04-04,ATM04,203.29
2023-04-05,ATM04,280.65
2023-04-06,ATM04,210.38
2023-04-07,ATM04,257.61
2023-04-08,ATM04,400.84
2023-04-09,ATM04,340.68
2023-04-10,ATM04,197.19
2023-04-11,ATM04,202.52
2023-04-12,ATM04,226.53
2023-04-13,ATM04,201.47
2023-04-14,ATM04,286.29
2023-04-15,ATM04,408.98
2023-04-16,ATM04,440.84
2023-04-17,ATM04,236.02
2023-04-18,ATM04,249.87
2023-04-19,ATM04,245.56
2023-04-20,ATM04,254.8
2023-04-21,ATM04,400.49
2023-04-22,ATM04,376.31
2023-04-23,ATM04,324.08
2023-04-24,ATM04,161.8
2023-04-25,ATM04,169.04
2023-04-26,ATM04,170.99
2023-04-27,ATM04,170.43
2023-04-28,ATM04,212.0
2023-04-29,ATM04,331.08
2023-04-30,ATM04,362.89
2023-05-01,ATM04,293.98
2023-05-02,ATM04,192.78
2023-05-03,ATM04,179.68
2023-05-04,ATM04,197.56
2023-05-05,ATM04,219.35
2023-05-06,ATM04,288.57
2023-05-07,ATM04,325.4
2023-05-08,ATM04,188.05
2023-05-09,ATM04,195.91
2023-05-10,ATM04,231.65
2023-05-11,ATM04,205.8
2023-05-12,ATM04,264.11
2023-05-13,ATM04,331.05
2023-05-14,ATM04,271.56
2023-05-15,ATM04,154.43
2023-05-16,ATM04,154.43
2023-05-17,ATM04,163.12
2023-05-18,ATM04,177.22
2023-05-19,ATM04,231.9
2023-05-20,ATM04,336.84
2023-05-21,ATM04,332.49
2023-05-22,ATM04,181.71
2023-05-23,ATM04,144.74
2023-05-24,ATM04,175.29
2023-05-25,ATM04,222.34
2023-05-26,ATM04,270.55
2023-05-27,ATM04,438.0
2023-05-28,ATM04,458.04
2023-05-29,ATM04,265.48
2023-05-30,ATM04,214.51
2023-05-31,ATM04,216.78
2023-06-01,ATM04,288.93
2023-06-02,ATM04,243.28
2023-06-03,ATM04,308.91
2023-06-04,ATM04,331.54
2023-06-05,ATM04,174.36
2023-06-06,ATM04,210.14
2023-06-07,ATM04,214.52
2023-06-08,ATM04,172.51
2023-06-09,ATM04,219.41
2023-06-10,ATM04,286.96
2023-06-11,ATM04,332.15
2023-06-12,ATM04,183.43
2023-06-13,ATM04,199.79
2023-06-14,ATM04,204.86
2023-06-15,ATM04,171.15
2023-06-16,ATM04,182.12
2023-06-17,ATM04,296.96
2023-06-18,ATM04,345.47
2023-06-19,ATM04,200.63
2023-06-20,ATM04,223.72
2023-06-21,ATM04,237.03
2023-06-22,ATM04,227.54
2023-06-23,ATM04,218.67
2023-06-24,ATM04,344.55
2023-06-25,ATM04,411.94
2023-06-26,ATM04,221.92
2023-06-27,ATM04,203.84
2023-06-28,ATM04,229.97
2023-06-29,ATM04,248.81
2023-06-30,ATM04,266.81
2023-07-01,ATM04,309.83
2023-07-02,ATM04,355.0
2023-07-03,ATM04,180.5
2023-07-04,ATM04,181.26
2023-07-05,ATM04,182.12
2023-07-06,ATM04,189.91
2023-07-07,ATM04,282.87
2023-07-08,ATM04,384.02
2023-07-09,ATM04,364.33
2023-07-10,ATM04,192.27
2023-07-11,ATM04,203.89
2023-07-12,ATM04,228.71
2023-07-13,ATM04,189.2
2023-07-14,ATM04,220.14
2023-07-15,ATM04,233.31
2023-07-16,ATM04,306.63
2023-07-17,ATM04,229.7
2023-07-18,ATM04,202.94
2023-07-19,ATM04,159.44
2023-07-20,ATM04,188.29
2023-07-21,ATM04,200.44
2023-07-22,ATM04,253.9
2023-07-23,ATM04,301.39
2023-07-24,ATM04,186.64
2023-07-25,ATM04,208.23
2023-07-26,ATM04,209.59
2023-07-27,ATM04,223.08
2023-07-28,ATM04,252.35
2023-07-29,ATM04,296.23
2023-07-30,ATM04,321.15
2023-07-31,ATM04,214.16
2023-08-01,ATM04,211.01
2023-08-02,ATM04,193.72
2023-08-03,ATM04,209.0
2023-08-04,ATM04,177.03
2023-08-05,ATM04,253.57
2023-08-06,ATM04,270.81
2023-08-07,ATM04,181.28
2023-08-08,ATM04,198.22
2023-08-09,ATM04,232.48
2023-08-10,ATM04,187.57
2023-08-11,ATM04,235.27
2023-08-12,ATM04,299.33
2023-08-13,ATM04,250.46
2023-08-14,ATM04,205.4
2023-08-15,ATM04,162.85
2023-08-16,ATM04,190.54
2023-08-17,ATM04,258.22
2023-08-18,ATM04,233.14
2023-08-19,ATM04,276.12
2023-08-20,ATM04,319.12
2023-08-21,ATM04,156.43
2023-08-22,ATM04,167.44
2023-08-23,ATM04,173.04
2023-08-24,ATM04,169.02
2023-08-25,ATM04,264.41
2023-08-26,ATM04,383.76
2023-08-27,ATM04,359.44
2023-08-28,ATM04,235.87
2023-08-29,ATM04,225.37
2023-08-30,ATM04,210.74
2023-08-31,ATM04,213.68
2023-09-01,ATM04,249.68
2023-09-02,ATM04,307.47
2023-09-03,ATM04,312.62
2023-09-04,ATM04,194.71
2023-09-05,ATM04,161.11
2023-09-06,ATM04,155.59
2023-09-07,ATM04,187.56
2023-09-08,ATM04,207.65
2023-09-09,ATM04,294.84
2023-09-10,ATM04,317.91
2023-09-11,ATM04,160.89
2023-09-12,ATM04,145.95
2023-09-13,ATM04,207.66
2023-09-14,ATM04,205.05
2023-09-15,ATM04,218.51
2023-09-16,ATM04,254.85
2023-09-17,ATM04,264.99
2023-09-18,ATM04,149.45
2023-09-19,ATM04,181.6
2023-09-20,ATM04,174.85
2023-09-21,ATM04,205.78
2023-09-22,ATM04,219.16
2023-09-23,ATM04,251.97
2023-09-24,ATM04,265.91
2023-09-25,ATM04,153.31
2023-09-26,ATM04,181.72
2023-09-27,ATM04,206.56
2023-09-28,ATM04,237.9
2023-09-29,ATM04,219.48
2023-09-30,ATM04,355.01
2023-10-01,ATM04,393.15
2023-10-02,ATM04,257.78
2023-10-03,ATM04,204.19
2023-10-04,ATM04,231.46
2023-10-05,ATM04,181.56
2023-10-06,ATM04,241.46
2023-10-07,ATM04,279.66
2023-10-08,ATM04,251.14
2023-10-09,ATM04,151.43
2023-10-10,ATM04,161.25
2023-10-11,ATM04,164.55
2023-10-12,ATM04,184.67
2023-10-13,ATM04,178.44
2023-10-14,ATM04,203.49
2023-10-15,ATM04,293.78
2023-10-16,ATM04,196.58
2023-10-17,ATM04,165.65
2023-10-18,ATM04,182.19
2023-10-19,ATM04,207.37
2023-10-20,ATM04,240.03
2023-10-21,ATM04,298.46
2023-10-22,ATM04,338.33
2023-10-23,ATM04,174.89
2023-10-24,ATM04,176.88
2023-10-25,ATM04,224.65
2023-10-26,ATM04,218.38
2023-10-27,ATM04,248.31
2023-10-28,ATM04,332.03
2023-10-29,ATM04,348.94
2023-10-30,ATM04,189.18
2023-10-31,ATM04,220.34
2023-11-01,ATM04,205.46
2023-11-02,ATM04,210.9
2023-11-03,ATM04,218.04
2023-11-04,ATM04,301.63
2023-11-05,ATM04,246.14
2023-11-06,ATM04,186.81
2023-11-07,ATM04,173.81
2023-11-08,ATM04,219.47
2023-11-09,ATM04,197.07
2023-11-10,ATM04,216.62
2023-11-11,ATM04,345.39
2023-11-12,ATM04,310.06
2023-11-13,ATM04,208.41
2023-11-14,ATM04,191.19
2023-11-15,ATM04,202.93
2023-11-16,ATM04,195.57
2023-11-17,ATM04,244.42
2023-11-18,ATM04,273.8
2023-11-19,ATM04,258.22
2023-11-20,ATM04,156.03
2023-11-21,ATM04,168.84
2023-11-22,ATM04,178.81
2023-11-23,ATM04,198.09
2023-11-24,ATM04,258.33
2023-11-25,ATM04,326.04
2023-11-26,ATM04,317.2
2023-11-27,ATM04,173.2
2023-11-28,ATM04,241.76
2023-11-29,ATM04,245.98
2023-11-30,ATM04,246.28
2023-12-01,ATM04,235.31
2023-12-02,ATM04,320.39
2023-12-03,ATM04,318.52
2023-12-04,ATM04,184.49
2023-12-05,ATM04,209.02
2023-12-06,ATM04,268.18
2023-12-07,ATM04,204.29
2023-12-08,ATM04,209.11
2023-12-09,ATM04,257.52
2023-12-10,ATM04,324.71
2023-12-11,ATM04,207.68
2023-12-12,ATM04,186.75
2023-12-13,ATM04,192.09
2023-12-14,ATM04,172.6
2023-12-15,ATM04,289.39
2023-12-16,ATM04,344.49
2023-12-17,ATM04,349.63
2023-12-18,ATM04,231.29
2023-12-19,ATM04,220.19
2023-12-20,ATM04,226.85
2023-12-21,ATM04,230.19
2023-12-22,ATM04,294.66
2023-12-23,ATM04,433.74
2023-12-24,ATM04,425.34
2023-12-25,ATM04,402.33
2023-12-26,ATM04,276.96
2023-12-27,ATM04,263.78
2023-12-28,ATM04,292.11
2023-12-29,ATM04,338.32
2023-12-30,ATM04,363.8
2023-12-31,ATM04,392.63
2024-01-01,ATM04,259.29
2024-01-02,ATM04,194.15
2024-01-03,ATM04,223.33
2024-01-04,ATM04,219.52
2024-01-05,ATM04,280.35
2024-01-06,ATM04,332.24
2024-01-07,ATM04,325.53
2024-01-08,ATM04,172.23
2024-01-09,ATM04,179.67
2024-01-10,ATM04,182.93
2024-01-11,ATM04,158.5
2024-01-12,ATM04,189.87
2024-01-13,ATM04,252.97
2024-01-14,ATM04,289.05
2024-01-15,ATM04,184.27
2024-01-16,ATM04,167.93
2024-01-17,ATM04,191.4
2024-01-18,ATM04,184.16
2024-01-19,ATM04,157.1
2024-01-20,ATM04,228.05
2024-01-21,ATM04,296.63
2024-01-22,ATM04,147.18
2024-01-23,ATM04,163.71
2024-01-24,ATM04,213.8
2024-01-25,ATM04,217.82
2024-01-26,ATM04,256.7
2024-01-27,ATM04,287.16
2024-01-28,ATM04,386.1
2024-01-29,ATM04,218.26
2024-01-30,ATM04,214.38
2024-01-31,ATM04,259.98
2024-02-01,ATM04,256.05
2024-02-02,ATM04,250.5
2024-02-03,ATM04,269.49
2024-02-04,ATM04,309.22
2024-02-05,ATM04,173.71
2024-02-06,ATM04,142.33
2024-02-07,ATM04,172.87
2024-02-08,ATM04,157.16
2024-02-09,ATM04,246.91
2024-02-10,ATM04,379.91
2024-02-11,ATM04,266.08
2024-02-12,ATM04,155.85
2024-02-13,ATM04,134.51
2024-02-14,ATM04,145.37
2024-02-15,ATM04,185.16
2024-02-16,ATM04,275.28
2024-02-17,ATM04,334.46
2024-02-18,ATM04,308.99
2024-02-19,ATM04,171.54
2024-02-20,ATM04,155.52
2024-02-21,ATM04,219.53
2024-02-22,ATM04,195.09
2024-02-23,ATM04,278.07
2024-02-24,ATM04,361.32
2024-02-25,ATM04,320.01
2024-02-26,ATM04,187.63
2024-02-27,ATM04,184.62
2024-02-28,ATM04,207.04
2024-02-29,ATM04,212.9
2024-03-01,ATM04,352.01
2024-03-02,ATM04,338.22
2024-03-03,ATM04,313.73
2024-03-04,ATM04,199.88
2024-03-05,ATM04,190.81
2024-03-06,ATM04,200.29
2024-03-07,ATM04,175.69
2024-03-08,ATM04,219.3
2024-03-09,ATM04,303.87
2024-03-10,ATM04,301.29
2024-03-11,ATM04,188.99
2024-03-12,ATM04,210.38
2024-03-13,ATM04,221.84
2024-03-14,ATM04,201.29
2024-03-15,ATM04,196.04
2024-03-16,ATM04,247.44
2024-03-17,ATM04,265.34
2024-03-18,ATM04,172.24
2024-03-19,ATM04,163.77
2024-03-20,ATM04,164.64
2024-03-21,ATM04,158.19
2024-03-22,ATM04,174.15
2024-03-23,ATM04,257.65
2024-03-24,ATM04,251.08
2024-03-25,ATM04,189.24
2024-03-26,ATM04,207.49
2024-03-27,ATM04,208.5
2024-03-28,ATM04,248.36
2024-03-29,ATM04,329.29
2024-03-30,ATM04,392.82
2024-03-31,ATM04,402.46
2024-04-01,ATM04,272.98
2024-04-02,ATM04,252.28
2024-04-03,ATM04,228.0
2024-04-04,ATM04,281.54
2024-04-05,ATM04,351.95
2024-04-06,ATM04,456.3
2024-04-07,ATM04,496.29
2024-04-08,ATM04,225.52
2024-04-09,ATM04,287.84
2024-04-10,ATM04,231.36
2024-04-11,ATM04,247.32
2024-04-12,ATM04,213.53
2024-04-13,ATM04,259.93
2024-04-14,ATM04,253.76
2024-04-15,ATM04,160.9
2024-04-16,ATM04,152.26
2024-04-17,ATM04,181.51
2024-04-18,ATM04,147.23
2024-04-19,ATM04,176.64
2024-04-20,ATM04,307.85
2024-04-21,ATM04,274.81
2024-04-22,ATM04,163.89
2024-04-23,ATM04,152.5
2024-04-24,ATM04,179.94
2024-04-25,ATM04,200.35
2024-04-26,ATM04,240.08
2024-04-27,ATM04,350.02
2024-04-28,ATM04,323.96
2024-04-29,ATM04,220.07
2024-04-30,ATM04,232.32
2024-05-01,ATM04,336.13
2024-05-02,ATM04,239.1
2024-05-03,ATM04,334.54
2024-05-04,ATM04,388.02
2024-05-05,ATM04,354.49
2024-05-06,ATM04,178.13
2024-05-07,ATM04,178.2
2024-05-08,ATM04,223.13
2024-05-09,ATM04,248.21
2024-05-10,ATM04,279.37
2024-05-11,ATM04,336.17
2024-05-12,ATM04,270.31
2024-05-13,ATM04,177.28
2024-05-14,ATM04,151.74
2024-05-15,ATM04,145.79
2024-05-16,ATM04,168.73
2024-05-17,ATM04,216.88
2024-05-18,ATM04,303.69
2024-05-19,ATM04,312.93
2024-05-20,ATM04,190.15
2024-05-21,ATM04,160.98
2024-05-22,ATM04,174.2
2024-05-23,ATM04,150.75
2024-05-24,ATM04,156.03
2024-05-25,ATM04,308.45
2024-05-26,ATM04,303.4
2024-05-27,ATM04,215.08
2024-05-28,ATM04,236.65
2024-05-29,ATM04,216.29
2024-05-30,ATM04,231.22
2024-05-31,ATM04,242.21
2024-06-01,ATM04,338.52
2024-06-02,ATM04,309.39
2024-06-03,ATM04,165.22
2024-06-04,ATM04,165.45
2024-06-05,ATM04,228.62
2024-06-06,ATM04,175.32
2024-06-07,ATM04,223.9
2024-06-08,ATM04,257.64
2024-06-09,ATM04,313.33
2024-06-10,ATM04,180.28
2024-06-11,ATM04,182.24
2024-06-12,ATM04,167.61
2024-06-13,ATM04,160.43
2024-06-14,ATM04,221.06
2024-06-15,ATM04,336.07
2024-06-16,ATM04,326.05
2024-06-17,ATM04,214.6
2024-06-18,ATM04,174.27
2024-06-19,ATM04,237.88
2024-06-20,ATM04,206.48
2024-06-21,ATM04,262.47
2024-06-22,ATM04,275.25
2024-06-23,ATM04,281.2
2024-06-24,ATM04,182.37
2024-06-25,ATM04,219.97
2024-06-26,ATM04,205.38
2024-06-27,ATM04,193.14
2024-06-28,ATM04,267.09
2024-06-29,ATM04,379.05
2024-06-30,ATM04,425.66
2024-07-01,ATM04,276.57
2024-07-02,ATM04,237.29
2024-07-03,ATM04,197.22
2024-07-04,ATM04,224.51
2024-07-05,ATM04,258.82
2024-07-06,ATM04,274.64
2024-07-07,ATM04,259.75
2024-07-08,ATM04,178.93
2024-07-09,ATM04,175.93
2024-07-10,ATM04,177.31
2024-07-11,ATM04,200.88
2024-07-12,ATM04,239.47
2024-07-13,ATM04,331.01
2024-07-14,ATM04,247.7
2024-07-15,ATM04,165.12
2024-07-16,ATM04,180.76
2024-07-17,ATM04,156.12
2024-07-18,ATM04,156.76
2024-07-19,ATM04,179.51
2024-07-20,ATM04,251.61
2024-07-21,ATM04,323.66
2024-07-22,ATM04,226.1
2024-07-23,ATM04,176.26
2024-07-24,ATM04,193.34
2024-07-25,ATM04,236.54
2024-07-26,ATM04,273.15
2024-07-27,ATM04,349.99
2024-07-28,ATM04,358.58
2024-07-29,ATM04,252.1
2024-07-30,ATM04,252.49
2024-07-31,ATM04,210.87
2024-08-01,ATM04,232.41
2024-08-02,ATM04,286.28
2024-08-03,ATM04,312.64
2024-08-04,ATM04,348.46
2024-08-05,ATM04,196.98
2024-08-06,ATM04,190.99
2024-08-07,ATM04,197.69
2024-08-08,ATM04,154.63
2024-08-09,ATM04,199.88
2024-08-10,ATM04,237.97
2024-08-11,ATM04,231.14
2024-08-12,ATM04,181.76
2024-08-13,ATM04,184.33
2024-08-14,ATM04,185.19
2024-08-15,ATM04,170.51
2024-08-16,ATM04,210.69
2024-08-17,ATM04,390.07
2024-08-18,ATM04,266.72
2024-08-19,ATM04,165.37
2024-08-20,ATM04,183.75
2024-08-21,ATM04,149.85
2024-08-22,ATM04,163.8
2024-08-23,ATM04,190.92
2024-08-24,ATM04,253.45
2024-08-25,ATM04,307.26
2024-08-26,ATM04,197.78
2024-08-27,ATM04,247.11
2024-08-28,ATM04,225.85
2024-08-29,ATM04,226.17
2024-08-30,ATM04,318.4
2024-08-31,ATM04,336.68
2024-09-01,ATM04,414.7
2024-09-02,ATM04,222.93
2024-09-03,ATM04,226.64
2024-09-04,ATM04,228.2
2024-09-05,ATM04,212.45
2024-09-06,ATM04,230.35
2024-09-07,ATM04,269.47
2024-09-08,ATM04,289.22
2024-09-09,ATM04,195.18
2024-09-10,ATM04,174.69
2024-09-11,ATM04,174.68
2024-09-12,ATM04,171.47
2024-09-13,ATM04,227.43
2024-09-14,ATM04,317.79
2024-09-15,ATM04,277.82
2024-09-16,ATM04,156.16
2024-09-17,ATM04,169.24
2024-09-18,ATM04,210.8
2024-09-19,ATM04,217.44
2024-09-20,ATM04,197.59
2024-09-21,ATM04,253.06
2024-09-22,ATM04,243.43
2024-09-23,ATM04,153.67
2024-09-24,ATM04,192.14
2024-09-25,ATM04,193.47
2024-09-26,ATM04,170.51
2024-09-27,ATM04,204.99
2024-09-28,ATM04,302.0
2024-09-29,ATM04,345.37
2024-09-30,ATM04,214.74
2024-10-01,ATM04,235.38
2024-10-02,ATM04,187.98
2024-10-03,ATM04,202.33
2024-10-04,ATM04,218.74
2024-10-05,ATM04,304.78
2024-10-06,ATM04,261.39
2024-10-07,ATM04,168.6
2024-10-08,ATM04,177.71
2024-10-09,ATM04,213.16
2024-10-10,ATM04,157.32
2024-10-11,ATM04,196.29
2024-10-12,ATM04,230.05
2024-10-13,ATM04,272.57
2024-10-14,ATM04,181.03
2024-10-15,ATM04,199.34
2024-10-16,ATM04,180.37
2024-10-17,ATM04,197.36
2024-10-18,ATM04,251.47
2024-10-19,ATM04,241.71
2024-10-20,ATM04,281.8
2024-10-21,ATM04,187.34
2024-10-22,ATM04,170.67
2024-10-23,ATM04,156.04
2024-10-24,ATM04,185.1
2024-10-25,ATM04,221.07
2024-10-26,ATM04,296.04
2024-10-27,ATM04,317.44
2024-10-28,ATM04,212.59
2024-10-29,ATM04,191.67
2024-10-30,ATM04,192.45
2024-10-31,ATM04,204.8
2024-11-01,ATM04,271.48
2024-11-02,ATM04,425.6
2024-11-03,ATM04,280.77
2024-11-04,ATM04,179.68
2024-11-05,ATM04,157.69
2024-11-06,ATM04,198.44
2024-11-07,ATM04,172.92
2024-11-08,ATM04,195.18
2024-11-09,ATM04,249.56
2024-11-10,ATM04,257.66
2024-11-11,ATM04,167.45
2024-11-12,ATM04,175.72
2024-11-13,ATM04,180.15
2024-11-14,ATM04,153.47
2024-11-15,ATM04,208.89
2024-11-16,ATM04,264.15
2024-11-17,ATM04,310.73
2024-11-18,ATM04,162.54
2024-11-19,ATM04,137.74
2024-11-20,ATM04,160.84
2024-11-21,ATM04,194.55
2024-11-22,ATM04,218.22
2024-11-23,ATM04,264.9
2024-11-24,ATM04,248.64
2024-11-25,ATM04,231.24
2024-11-26,ATM04,189.92
2024-11-27,ATM04,190.29
2024-11-28,ATM04,214.03
2024-11-29,ATM04,201.58
2024-11-30,ATM04,332.1
2024-12-01,ATM04,358.44
2024-12-02,ATM04,228.35
2024-12-03,ATM04,198.52
2024-12-04,ATM04,192.8
2024-12-05,ATM04,167.91
2024-12-06,ATM04,203.74
2024-12-07,ATM04,243.2
2024-12-08,ATM04,286.42
2024-12-09,ATM04,190.74
2024-12-10,ATM04,201.91
2024-12-11,ATM04,199.37
2024-12-12,ATM04,205.3
2024-12-13,ATM04,212.15
2024-12-14,ATM04,253.16
2024-12-15,ATM04,352.33
2024-12-16,ATM04,200.91
2024-12-17,ATM04,209.9
2024-12-18,ATM04,195.8
2024-12-19,ATM04,188.61
2024-12-20,ATM04,255.65
2024-12-21,ATM04,361.46
2024-12-22,ATM04,318.37
2024-12-23,ATM04,215.48
2024-12-24,ATM04,198.2
2024-12-25,ATM04,334.89
2024-12-26,ATM04,303.57
2024-12-27,ATM04,356.56
2024-12-28,ATM04,459.2
2024-12-29,ATM04,538.57
2024-12-30,ATM04,259.26
2024-12-31,ATM04,226.39
2025-01-01,ATM04,241.42
2025-01-02,ATM04,192.69
2025-01-03,ATM04,160.24
2025-01-04,ATM04,236.89
2025-01-05,ATM04,252.04
2025-01-06,ATM04,179.13
2025-01-07,ATM04,183.37
2025-01-08,ATM04,176.66
2025-01-09,ATM04,192.98
2025-01-10,ATM04,224.26
2025-01-11,ATM04,250.73
2025-01-12,ATM04,251.66
2025-01-13,ATM04,124.43
2025-01-14,ATM04,128.52
2025-01-15,ATM04,143.45
2025-01-16,ATM04,160.68
2025-01-17,ATM04,176.34
2025-01-18,ATM04,231.27
2025-01-19,ATM04,223.75
2025-01-20,ATM04,153.51
2025-01-21,ATM04,166.78
2025-01-22,ATM04,182.82
2025-01-23,ATM04,177.88
2025-01-24,ATM04,172.77
2025-01-25,ATM04,271.6
2025-01-26,ATM04,290.74
2025-01-27,ATM04,179.12
2025-01-28,ATM04,190.03
2025-01-29,ATM04,311.61
2025-01-30,ATM04,242.4
2025-01-31,ATM04,233.16
2025-02-01,ATM04,330.08
2025-02-02,ATM04,355.94
2025-02-03,ATM04,165.68
2025-02-04,ATM04,186.47
2025-02-05,ATM04,186.33
2025-02-06,ATM04,158.21
2025-02-07,ATM04,210.51
2025-02-08,ATM04,279.69
2025-02-09,ATM04,280.29
2025-02-10,ATM04,161.42
2025-02-11,ATM04,150.11
2025-02-12,ATM04,178.03
2025-02-13,ATM04,174.34
2025-02-14,ATM04,206.18
2025-02-15,ATM04,272.34
2025-02-16,ATM04,242.05
2025-02-17,ATM04,141.08
2025-02-18,ATM04,119.83
2025-02-19,ATM04,159.96
2025-02-20,ATM04,146.0
2025-02-21,ATM04,189.52
2025-02-22,ATM04,262.43
2025-02-23,ATM04,288.61
2025-02-24,ATM04,147.48
2025-02-25,ATM04,185.61
2025-02-26,ATM04,243.0
2025-02-27,ATM04,268.62
2025-02-28,ATM04,302.63
2025-03-01,ATM04,356.56
2025-03-02,ATM04,306.68
2025-03-03,ATM04,182.75
2025-03-04,ATM04,173.98
2025-03-05,ATM04,194.99
2025-03-06,ATM04,175.42
2025-03-07,ATM04,205.25
2025-03-08,ATM04,274.19
2025-03-09,ATM04,291.88
2025-03-10,ATM04,177.54
2025-03-11,ATM04,163.91
2025-03-12,ATM04,155.62
2025-03-13,ATM04,207.58
2025-03-14,ATM04,306.39
2025-03-15,ATM04,353.43
2025-03-16,ATM04,290.17
2025-03-17,ATM04,170.18
2025-03-18,ATM04,194.82
2025-03-19,ATM04,242.53
2025-03-20,ATM04,198.83
2025-03-21,ATM04,241.32
2025-03-22,ATM04,330.15
2025-03-23,ATM04,382.35
2025-03-24,ATM04,215.49
2025-03-25,ATM04,220.55
2025-03-26,ATM04,278.82
2025-03-27,ATM04,321.85
2025-03-28,ATM04,353.63
2025-03-29,ATM04,470.76
2025-03-30,ATM04,453.77
2025-03-31,ATM04,205.1
2025-04-01,ATM04,243.01
2025-04-02,ATM04,199.1
2025-04-03,ATM04,178.34
2025-04-04,ATM04,233.99
2025-04-05,ATM04,239.39
2025-04-06,ATM04,236.71
2025-04-07,ATM04,154.19
2025-04-08,ATM04,148.08
2025-04-09,ATM04,179.84
2025-04-10,ATM04,163.35
2025-04-11,ATM04,172.68
2025-04-12,ATM04,240.26
2025-04-13,ATM04,262.95
2025-04-14,ATM04,179.12
2025-04-15,ATM04,176.71
2025-04-16,ATM04,187.35
2025-04-17,ATM04,184.56
2025-04-18,ATM04,202.21
2025-04-19,ATM04,238.46
2025-04-20,ATM04,265.64
2025-04-21,ATM04,155.53
2025-04-22,ATM04,191.13
2025-04-23,ATM04,213.68
2025-04-24,ATM04,202.52
2025-04-25,ATM04,269.11
2025-04-26,ATM04,321.03
2025-04-27,ATM04,282.89
2025-04-28,ATM04,179.04
2025-04-29,ATM04,188.89
2025-04-30,ATM04,207.77
2025-05-01,ATM04,282.09
2025-05-02,ATM04,271.29
2025-05-03,ATM04,266.13
2025-05-04,ATM04,258.61
2025-05-05,ATM04,192.82
2025-05-06,ATM04,196.23
2025-05-07,ATM04,184.28
2025-05-08,ATM04,180.1
2025-05-09,ATM04,208.05
2025-05-10,ATM04,254.94
2025-05-11,ATM04,278.78
2025-05-12,ATM04,217.47
2025-05-13,ATM04,188.06
2025-05-14,ATM04,196.46
2025-05-15,ATM04,150.79
2025-05-16,ATM04,178.23
2025-05-17,ATM04,278.3
2025-05-18,ATM04,287.57
2025-05-19,ATM04,102.89
2025-05-20,ATM04,141.54
2025-05-21,ATM04,198.35
2025-05-22,ATM04,146.28
2025-05-23,ATM04,219.03
2025-05-24,ATM04,196.5
2025-05-25,ATM04,312.76
2025-05-26,ATM04,191.13
2025-05-27,ATM04,148.15
2025-05-28,ATM04,190.23
2025-05-29,ATM04,224.18
2025-05-30,ATM04,258.23
2025-05-31,ATM04,338.19
2025-06-01,ATM04,411.97
2025-06-02,ATM04,156.71
2025-06-03,ATM04,167.13
2025-06-04,ATM04,216.37
2025-06-05,ATM04,221.22
2025-06-06,ATM04,240.48
2025-06-07,ATM04,215.65
2025-06-08,ATM04,230.31
2025-06-09,ATM04,130.5
2025-06-10,ATM04,142.89
2025-06-11,ATM04,168.1
2025-06-12,ATM04,144.21
2025-06-13,ATM04,200.17
2025-06-14,ATM04,272.92
2025-06-15,ATM04,256.07
2025-06-16,ATM04,154.88
2025-06-17,ATM04,127.15
2025-06-18,ATM04,147.16
2025-06-19,ATM04,159.0
2025-06-20,ATM04,195.48
2025-06-21,ATM04,263.33
2025-06-22,ATM04,274.75
2025-06-23,ATM04,158.15
2025-06-24,ATM04,164.03
2025-06-25,ATM04,229.2
2025-06-26,ATM04,211.99
2025-06-27,ATM04,249.86
2025-06-28,ATM04,305.31
2025-06-29,ATM04,294.13
2025-06-30,ATM04,196.45
2025-07-01,ATM04,182.12
2025-07-02,ATM04,206.69
2025-07-03,ATM04,181.07
2025-07-04,ATM04,202.9
2025-07-05,ATM04,255.47
2025-07-06,ATM04,257.28
2025-07-07,ATM04,136.01
2025-07-08,ATM04,159.74
2025-07-09,ATM04,178.8
2025-07-10,ATM04,185.11
2025-07-11,ATM04,193.42
2025-07-12,ATM04,309.03
2025-07-13,ATM04,275.13
2025-07-14,ATM04,147.67
2025-07-15,ATM04,137.88
2025-07-16,ATM04,130.47
2025-07-17,ATM04,177.65
2025-07-18,ATM04,233.92
2025-07-19,ATM04,291.76
2025-07-20,ATM04,253.12
2025-07-21,ATM04,191.01
2025-07-22,ATM04,166.02
2025-07-23,ATM04,166.53
2025-07-24,ATM04,196.07
2025-07-25,ATM04,271.15
2025-07-26,ATM04,410.77
2025-07-27,ATM04,369.95
2025-07-28,ATM04,196.33
2025-07-29,ATM04,180.46
2025-07-30,ATM04,160.57
2025-07-31,ATM04,176.43
2025-08-01,ATM04,251.11
2025-08-02,ATM04,332.48
2025-08-03,ATM04,289.56
2025-08-04,ATM04,153.68
2025-08-05,ATM04,165.44
2025-08-06,ATM04,197.42
2025-08-07,ATM04,195.39
2025-08-08,ATM04,220.39
2025-08-09,ATM04,250.99
2025-08-10,ATM04,279.18
2025-08-11,ATM04,115.66
2025-08-12,ATM04,143.33
2025-08-13,ATM04,212.6
2025-08-14,ATM04,157.96
2025-08-15,ATM04,185.32
2025-08-16,ATM04,245.05
2025-08-17,ATM04,318.22
2025-08-18,ATM04,172.32
2025-08-19,ATM04,173.08
2025-08-20,ATM04,177.26
2025-08-21,ATM04,187.44
2025-08-22,ATM04,205.78
2025-08-23,ATM04,364.53
2025-08-24,ATM04,312.92
2025-08-25,ATM04,210.39
2025-08-26,ATM04,164.53
2025-08-27,ATM04,177.31
2025-08-28,ATM04,215.23
2025-08-29,ATM04,208.49
2025-08-30,ATM04,225.2
2025-08-31,ATM04,274.72
2025-09-01,ATM04,207.88
2025-09-02,ATM04,198.31
2025-09-03,ATM04,174.16
2025-09-04,ATM04,143.18
2025-09-05,ATM04,197.2
2025-09-06,ATM04,279.53
2025-09-07,ATM04,231.49
2025-09-08,ATM04,175.04
2025-09-09,ATM04,185.51
2025-09-10,ATM04,198.03
2025-09-11,ATM04,192.06
2025-09-12,ATM04,222.7
2025-09-13,ATM04,281.36
2025-09-14,ATM04,300.76
2025-09-15,ATM04,137.72
2025-09-16,ATM04,125.61
2025-09-17,ATM04,138.79
2025-09-18,ATM04,151.22
2025-09-19,ATM04,194.09
2025-09-20,ATM04,258.67
2025-09-21,ATM04,297.42
2025-09-22,ATM04,189.8
2025-09-23,ATM04,155.4
2025-09-24,ATM04,169.91
2025-09-25,ATM04,183.54
2025-09-26,ATM04,219.58
2025-09-27,ATM04,301.98
2025-09-28,ATM04,214.13
2025-09-29,ATM04,207.81
2025-09-30,ATM04,209.48
2025-10-01,ATM04,195.88
2025-10-02,ATM04,244.44
2025-10-03,ATM04,216.68
2025-10-04,ATM04,274.42
2025-10-05,ATM04,264.01
2025-10-06,ATM04,196.06
2025-10-07,ATM04,176.92
2025-10-08,ATM04,183.93
2025-10-09,ATM04,204.83
2025-10-10,ATM04,221.04
2025-10-11,ATM04,262.52
2025-10-12,ATM04,298.58
2025-10-13,ATM04,221.1
2025-10-14,ATM04,189.34
2025-10-15,ATM04,182.86
2025-10-16,ATM04,176.48
2025-10-17,ATM04,229.67
2025-10-18,ATM04,251.38
2025-10-19,ATM04,251.16
2025-10-20,ATM04,130.55
2025-10-21,ATM04,126.55
2025-10-22,ATM04,142.16
2025-10-23,ATM04,153.59
2025-10-24,ATM04,226.77
2025-10-25,ATM04,339.6
2025-10-26,ATM04,296.3
2025-10-27,ATM04,169.83
2025-10-28,ATM04,208.52
2025-10-29,ATM04,235.62
2025-10-30,ATM04,214.97
2025-10-31,ATM04,228.5
2025-11-01,ATM04,334.71
2025-11-02,ATM04,291.55
2025-11-03,ATM04,168.34
2025-11-04,ATM04,214.0
2025-11-05,ATM04,201.07
2025-11-06,ATM04,171.03
2025-11-07,ATM04,211.36
2025-11-08,ATM04,253.11
2025-11-09,ATM04,229.64
2025-11-10,ATM04,155.93
2025-11-11,ATM04,176.23
2025-11-12,ATM04,168.47
2025-11-13,ATM04,159.71
2025-11-14,ATM04,170.56
2025-11-15,ATM04,230.4
2025-11-16,ATM04,233.45
2025-11-17,ATM04,133.5
2025-11-18,ATM04,178.82
2025-11-19,ATM04,184.59
2025-11-20,ATM04,184.62
2025-11-21,ATM04,222.87
2025-11-22,ATM04,287.39
2025-11-23,ATM04,261.95
2025-11-24,ATM04,161.81
2025-11-25,ATM04,184.35
2025-11-26,ATM04,206.11
2025-11-27,ATM04,208.95
2025-11-28,ATM04,226.48
2025-11-29,ATM04,253.82
2025-11-30,ATM04,291.03
2025-12-01,ATM04,177.85
2025-12-02,ATM04,148.17
2025-12-03,ATM04,166.16
2025-12-04,ATM04,189.59
2025-12-05,ATM04,278.72
2025-12-06,ATM04,288.4
2025-12-07,ATM04,266.84
2025-12-08,ATM04,144.52
2025-12-09,ATM04,158.69
2025-12-10,ATM04,165.19
2025-12-11,ATM04,150.52
2025-12-12,ATM04,180.6
2025-12-13,ATM04,192.81
2025-12-14,ATM04,253.13
2025-12-15,ATM04,177.22
2025-12-16,ATM04,185.3
2025-12-17,ATM04,171.74
2025-12-18,ATM04,177.47
2025-12-19,ATM04,217.23
2025-12-20,ATM04,293.92
2025-12-21,ATM04,329.16
2025-12-22,ATM04,229.88
2025-12-23,ATM04,226.51
2025-12-24,ATM04,244.31
2025-12-25,ATM04,405.28
2025-12-26,ATM04,339.52
2025-12-27,ATM04,395.86
2025-12-28,ATM04,440.71
2025-12-29,ATM04,278.17
2025-12-30,ATM04,270.14
2025-12-31,ATM04,223.96
2022-01-01,ATM05,32.82
2022-01-02,ATM05,72.3
2022-01-03,ATM05,196.47
2022-01-04,ATM05,191.96
2022-01-05,ATM05,193.93
2022-01-06,ATM05,152.22
2022-01-07,ATM05,176.0
2022-01-08,ATM05,60.09
2022-01-09,ATM05,39.95
2022-01-10,ATM05,123.54
2022-01-11,ATM05,146.2
2022-01-12,ATM05,146.3
2022-01-13,ATM05,173.67
2022-01-14,ATM05,167.14
2022-01-15,ATM05,76.04
2022-01-16,ATM05,50.26
2022-01-17,ATM05,150.86
2022-01-18,ATM05,120.05
2022-01-19,ATM05,143.74
2022-01-20,ATM05,130.52
2022-01-21,ATM05,134.17
2022-01-22,ATM05,60.56
2022-01-23,ATM05,50.51
2022-01-24,ATM05,170.74
2022-01-25,ATM05,210.5
2022-01-26,ATM05,203.45
2022-01-27,ATM05,200.15
2022-01-28,ATM05,237.77
2022-01-29,ATM05,100.84
2022-01-30,ATM05,72.76
2022-01-31,ATM05,275.79
2022-02-01,ATM05,99.94
2022-02-02,ATM05,215.26
2022-02-03,ATM05,173.47
2022-02-04,ATM05,213.12
2022-02-05,ATM05,87.06
2022-02-06,ATM05,64.36
2022-02-07,ATM05,181.89
2022-02-08,ATM05,158.29
2022-02-09,ATM05,165.5
2022-02-10,ATM05,165.67
2022-02-11,ATM05,167.98
2022-02-12,ATM05,61.09
2022-02-13,ATM05,44.83
2022-02-14,ATM05,137.6
2022-02-15,ATM05,129.99
2022-02-16,ATM05,133.56
2022-02-17,ATM05,160.9
2022-02-18,ATM05,153.87
2022-02-19,ATM05,56.16
2022-02-20,ATM05,39.0
2022-02-21,ATM05,144.91
2022-02-22,ATM05,157.35
2022-02-23,ATM05,171.37
2022-02-24,ATM05,152.29
2022-02-25,ATM05,246.15
2022-02-26,ATM05,84.72
2022-02-27,ATM05,68.33
2022-02-28,ATM05,222.9
2022-03-01,ATM05,206.61
2022-03-02,ATM05,205.48
2022-03-03,ATM05,162.66
2022-03-04,ATM05,165.82
2022-03-05,ATM05,60.66
2022-03-06,ATM05,57.81
2022-03-07,ATM05,232.4
2022-03-08,ATM05,158.23
2022-03-09,ATM05,134.96
2022-03-10,ATM05,112.93
2022-03-11,ATM05,133.0
2022-03-12,ATM05,57.62
2022-03-13,ATM05,46.24
2022-03-14,ATM05,147.14
2022-03-15,ATM05,144.27
2022-03-16,ATM05,127.54
2022-03-17,ATM05,126.75
2022-03-18,ATM05,141.31
2022-03-19,ATM05,45.05
2022-03-20,ATM05,34.12
2022-03-21,ATM05,111.25
2022-03-22,ATM05,130.49
2022-03-23,ATM05,135.08
2022-03-24,ATM05,142.83
2022-03-25,ATM05,183.01
2022-03-26,ATM05,63.93
2022-03-27,ATM05,60.98
2022-03-28,ATM05,150.41
2022-03-29,ATM05,196.4
2022-03-30,ATM05,161.55
2022-03-31,ATM05,198.39
2022-04-01,ATM05,196.19
2022-04-02,ATM05,87.11
2022-04-03,ATM05,71.06
2022-04-04,ATM05,147.11
2022-04-05,ATM05,158.43
2022-04-06,ATM05,126.88
2022-04-07,ATM05,146.8
2022-04-08,ATM05,159.48
2022-04-09,ATM05,61.94
2022-04-10,ATM05,37.95
2022-04-11,ATM05,145.71
2022-04-12,ATM05,117.87
2022-04-13,ATM05,148.05
2022-04-14,ATM05,137.81
2022-04-15,ATM05,131.44
2022-04-16,ATM05,64.99
2022-04-17,ATM05,48.01
2022-04-18,ATM05,192.88
2022-04-19,ATM05,188.57
2022-04-20,ATM05,153.54
2022-04-21,ATM05,152.41
2022-04-22,ATM05,170.64
2022-04-23,ATM05,76.06
2022-04-24,ATM05,57.09
2022-04-25,ATM05,270.79
2022-04-26,ATM05,245.81
2022-04-27,ATM05,245.59
2022-04-28,ATM05,286.71
2022-04-29,ATM05,292.4
2022-04-30,ATM05,102.43
2022-05-01,ATM05,30.51
2022-05-02,ATM05,22.6
2022-05-03,ATM05,14.94
2022-05-04,ATM05,38.29
2022-05-05,ATM05,49.58
2022-05-06,ATM05,50.37
2022-05-07,ATM05,20.22
2022-05-08,ATM05,11.42
2022-05-09,ATM05,58.7
2022-05-10,ATM05,60.2
2022-05-11,ATM05,68.99
2022-05-12,ATM05,84.49
2022-05-13,ATM05,99.64
2022-05-14,ATM05,34.19
2022-05-15,ATM05,37.56
2022-05-16,ATM05,140.11
2022-05-17,ATM05,128.07
2022-05-18,ATM05,116.78
2022-05-19,ATM05,105.98
2022-05-20,ATM05,133.34
2022-05-21,ATM05,62.12
2022-05-22,ATM05,45.61
2022-05-23,ATM05,122.64
2022-05-24,ATM05,127.92
2022-05-25,ATM05,193.47
2022-05-26,ATM05,214.8
2022-05-27,ATM05,238.75
2022-05-28,ATM05,60.81
2022-05-29,ATM05,58.6
2022-05-30,ATM05,178.8
2022-05-31,ATM05,157.97
2022-06-01,ATM05,69.83
2022-06-02,ATM05,195.02
2022-06-03,ATM05,136.8
2022-06-04,ATM05,61.34
2022-06-05,ATM05,52.04
2022-06-06,ATM05,164.31
2022-06-07,ATM05,139.59
2022-06-08,ATM05,130.71
2022-06-09,ATM05,158.21
2022-06-10,ATM05,123.71
2022-06-11,ATM05,56.45
2022-06-12,ATM05,41.89
2022-06-13,ATM05,135.79
2022-06-14,ATM05,108.11
2022-06-15,ATM05,118.18
2022-06-16,ATM05,133.73
2022-06-17,ATM05,124.46
2022-06-18,ATM05,53.16
2022-06-19,ATM05,41.91
2022-06-20,ATM05,127.81
2022-06-21,ATM05,139.39
2022-06-22,ATM05,105.63
2022-06-23,ATM05,123.41
2022-06-24,ATM05,166.07
2022-06-25,ATM05,100.66
2022-06-26,ATM05,72.13
2022-06-27,ATM05,211.66
2022-06-28,ATM05,185.46
2022-06-29,ATM05,184.92
2022-06-30,ATM05,202.69
2022-07-01,ATM05,198.6
2022-07-02,ATM05,84.28
2022-07-03,ATM05,61.81
2022-07-04,ATM05,175.09
2022-07-05,ATM05,136.03
2022-07-06,ATM05,123.87
2022-07-07,ATM05,149.96
2022-07-08,ATM05,162.6
2022-07-09,ATM05,67.4
2022-07-10,ATM05,16.33
2022-07-11,ATM05,148.34
2022-07-12,ATM05,133.14
2022-07-13,ATM05,121.45
2022-07-14,ATM05,120.86
2022-07-15,ATM05,120.51
2022-07-16,ATM05,61.62
2022-07-17,ATM05,43.8
2022-07-18,ATM05,149.92
2022-07-19,ATM05,128.26
2022-07-20,ATM05,115.25
2022-07-21,ATM05,120.17
2022-07-22,ATM05,154.7
2022-07-23,ATM05,52.28
2022-07-24,ATM05,37.34
2022-07-25,ATM05,198.24
2022-07-26,ATM05,203.62
2022-07-27,ATM05,238.42
2022-07-28,ATM05,222.11
2022-07-29,ATM05,242.29
2022-07-30,ATM05,91.61
2022-07-31,ATM05,58.2
2022-08-01,ATM05,178.25
2022-08-02,ATM05,163.01
2022-08-03,ATM05,119.16
2022-08-04,ATM05,147.38
2022-08-05,ATM05,167.34
2022-08-06,ATM05,62.42
2022-08-07,ATM05,36.1
2022-08-08,ATM05,173.07
2022-08-09,ATM05,141.85
2022-08-10,ATM05,159.09
2022-08-11,ATM05,121.36
2022-08-12,ATM05,125.71
2022-08-13,ATM05,39.52
2022-08-14,ATM05,37.65
2022-08-15,ATM05,115.35
2022-08-16,ATM05,107.25
2022-08-17,ATM05,40.98
2022-08-18,ATM05,127.13
2022-08-19,ATM05,151.71
2022-08-20,ATM05,66.86
2022-08-21,ATM05,42.48
2022-08-22,ATM05,140.76
2022-08-23,ATM05,114.49
2022-08-24,ATM05,118.2
2022-08-25,ATM05,176.25
2022-08-26,ATM05,213.66
2022-08-27,ATM05,89.27
2022-08-28,ATM05,72.68
2022-08-29,ATM05,199.24
2022-08-30,ATM05,215.07
2022-08-31,ATM05,202.48
2022-09-01,ATM05,191.05
2022-09-02,ATM05,194.64
2022-09-03,ATM05,55.15
2022-09-04,ATM05,54.89
2022-09-05,ATM05,172.1
2022-09-06,ATM05,158.83
2022-09-07,ATM05,148.95
2022-09-08,ATM05,194.91
2022-09-09,ATM05,211.66
2022-09-10,ATM05,55.11
2022-09-11,ATM05,40.69
2022-09-12,ATM05,131.45
2022-09-13,ATM05,129.81
2022-09-14,ATM05,119.96
2022-09-15,ATM05,131.23
2022-09-16,ATM05,166.63
2022-09-17,ATM05,49.35
2022-09-18,ATM05,35.23
2022-09-19,ATM05,119.54
2022-09-20,ATM05,116.6
2022-09-21,ATM05,153.75
2022-09-22,ATM05,156.04
2022-09-23,ATM05,170.27
2022-09-24,ATM05,55.9
2022-09-25,ATM05,61.28
2022-09-26,ATM05,172.22
2022-09-27,ATM05,196.29
2022-09-28,ATM05,205.7
2022-09-29,ATM05,229.26
2022-09-30,ATM05,222.73
2022-10-01,ATM05,79.88
2022-10-02,ATM05,63.01
2022-10-03,ATM05,172.93
2022-10-04,ATM05,132.57
2022-10-05,ATM05,152.95
2022-10-06,ATM05,150.08
2022-10-07,ATM05,144.81
2022-10-08,ATM05,45.9
2022-10-09,ATM05,41.0
2022-10-10,ATM05,148.41
2022-10-11,ATM05,161.88
2022-10-12,ATM05,148.53
2022-10-13,ATM05,170.49
2022-10-14,ATM05,158.72
2022-10-15,ATM05,61.84
2022-10-16,ATM05,41.92
2022-10-17,ATM05,128.57
2022-10-18,ATM05,117.11
2022-10-19,ATM05,98.38
2022-10-20,ATM05,131.45
2022-10-21,ATM05,132.13
2022-10-22,ATM05,46.92
2022-10-23,ATM05,34.16
2022-10-24,ATM05,121.26
2022-10-25,ATM05,223.68
2022-10-26,ATM05,259.7
2022-10-27,ATM05,183.76
2022-10-28,ATM05,198.07
2022-10-29,ATM05,68.55
2022-10-30,ATM05,64.23
2022-10-31,ATM05,212.45
2022-11-01,ATM05,184.12
2022-11-02,ATM05,190.4
2022-11-03,ATM05,139.48
2022-11-04,ATM05,187.64
2022-11-05,ATM05,68.75
2022-11-06,ATM05,53.64
2022-11-07,ATM05,122.25
2022-11-08,ATM05,132.02
2022-11-09,ATM05,176.62
2022-11-10,ATM05,161.07
2022-11-11,ATM05,126.62
2022-11-12,ATM05,48.5
2022-11-13,ATM05,34.53
2022-11-14,ATM05,150.23
2022-11-15,ATM05,138.73
2022-11-16,ATM05,122.16
2022-11-17,ATM05,125.99
2022-11-18,ATM05,104.22
2022-11-19,ATM05,40.79
2022-11-20,ATM05,36.59
2022-11-21,ATM05,140.12
2022-11-22,ATM05,105.67
2022-11-23,ATM05,112.71
2022-11-24,ATM05,135.21
2022-11-25,ATM05,183.17
2022-11-26,ATM05,75.9
2022-11-27,ATM05,60.64
2022-11-28,ATM05,241.74
2022-11-29,ATM05,203.66
2022-11-30,ATM05,193.58
2022-12-01,ATM05,211.81
2022-12-02,ATM05,189.28
2022-12-03,ATM05,56.17
2022-12-04,ATM05,43.19
2022-12-05,ATM05,146.15
2022-12-06,ATM05,157.91
2022-12-07,ATM05,161.48
2022-12-08,ATM05,141.33
2022-12-09,ATM05,160.04
2022-12-10,ATM05,61.59
2022-12-11,ATM05,39.97
2022-12-12,ATM05,134.8
2022-12-13,ATM05,125.67
2022-12-14,ATM05,126.02
2022-12-15,ATM05,114.67
2022-12-16,ATM05,161.82
2022-12-17,ATM05,53.57
2022-12-18,ATM05,48.02
2022-12-19,ATM05,140.3
2022-12-20,ATM05,127.23
2022-12-21,ATM05,152.04
2022-12-22,ATM05,160.8
2022-12-23,ATM05,164.99
2022-12-24,ATM05,63.96
2022-12-25,ATM05,26.99
2022-12-26,ATM05,218.5
2022-12-27,ATM05,193.23
2022-12-28,ATM05,221.57
2022-12-29,ATM05,197.65
2022-12-30,ATM05,260.27
2022-12-31,ATM05,87.13
2023-01-01,ATM05,24.75
2023-01-02,ATM05,219.05
2023-01-03,ATM05,153.22
2023-01-04,ATM05,144.77
2023-01-05,ATM05,145.33
2023-01-06,ATM05,175.8
2023-01-07,ATM05,58.19
2023-01-08,ATM05,45.38
2023-01-09,ATM05,151.55
2023-01-10,ATM05,139.48
2023-01-11,ATM05,131.28
2023-01-12,ATM05,157.57
2023-01-13,ATM05,150.33
2023-01-14,ATM05,52.6
2023-01-15,ATM05,39.94
2023-01-16,ATM05,114.45
2023-01-17,ATM05,106.15
2023-01-18,ATM05,110.67
2023-01-19,ATM05,135.44
2023-01-20,ATM05,142.28
2023-01-21,ATM05,49.91
2023-01-22,ATM05,18.19
2023-01-23,ATM05,166.24
2023-01-24,ATM05,161.49
2023-01-25,ATM05,193.42
2023-01-26,ATM05,181.8
2023-01-27,ATM05,248.62
2023-01-28,ATM05,86.81
2023-01-29,ATM05,61.82
2023-01-30,ATM05,217.59
2023-01-31,ATM05,221.58
2023-02-01,ATM05,191.57
2023-02-02,ATM05,195.72
2023-02-03,ATM05,178.64
2023-02-04,ATM05,55.38
2023-02-05,ATM05,44.98
2023-02-06,ATM05,133.12
2023-02-07,ATM05,123.23
2023-02-08,ATM05,127.17
2023-02-09,ATM05,144.61
2023-02-10,ATM05,133.1
2023-02-11,ATM05,47.5
2023-02-12,ATM05,39.02
2023-02-13,ATM05,115.16
2023-02-14,ATM05,124.82
2023-02-15,ATM05,142.64
2023-02-16,ATM05,132.57
2023-02-17,ATM05,138.04
2023-02-18,ATM05,54.0
2023-02-19,ATM05,32.87
2023-02-20,ATM05,128.23
2023-02-21,ATM05,175.7
2023-02-22,ATM05,144.85
2023-02-23,ATM05,132.84
2023-02-24,ATM05,153.25
2023-02-25,ATM05,97.61
2023-02-26,ATM05,74.57
2023-02-27,ATM05,172.24
2023-02-28,ATM05,189.58
2023-03-01,ATM05,251.86
2023-03-02,ATM05,230.94
2023-03-03,ATM05,152.77
2023-03-04,ATM05,60.37
2023-03-05,ATM05,40.48
2023-03-06,ATM05,164.03
2023-03-07,ATM05,135.52
2023-03-08,ATM05,142.08
2023-03-09,ATM05,130.99
2023-03-10,ATM05,123.96
2023-03-11,ATM05,58.07
2023-03-12,ATM05,42.87
2023-03-13,ATM05,127.92
2023-03-14,ATM05,109.84
2023-03-15,ATM05,96.59
2023-03-16,ATM05,97.59
2023-03-17,ATM05,124.26
2023-03-18,ATM05,54.95
2023-03-19,ATM05,38.86
2023-03-20,ATM05,154.61
2023-03-21,ATM05,125.32
2023-03-22,ATM05,122.61
2023-03-23,ATM05,110.67
2023-03-24,ATM05,144.76
2023-03-25,ATM05,99.79
2023-03-26,ATM05,55.63
2023-03-27,ATM05,183.84
2023-03-28,ATM05,210.47
2023-03-29,ATM05,169.33
2023-03-30,ATM05,191.6
2023-03-31,ATM05,237.46
2023-04-01,ATM05,84.35
2023-04-02,ATM05,67.94
2023-04-03,ATM05,200.12
2023-04-04,ATM05,211.2
2023-04-05,ATM05,178.24
2023-04-06,ATM05,157.93
2023-04-07,ATM05,157.46
2023-04-08,ATM05,70.35
2023-04-09,ATM05,46.04
2023-04-10,ATM05,138.57
2023-04-11,ATM05,142.05
2023-04-12,ATM05,138.01
2023-04-13,ATM05,149.45
2023-04-14,ATM05,218.68
2023-04-15,ATM05,70.09
2023-04-16,ATM05,49.39
2023-04-17,ATM05,183.2
2023-04-18,ATM05,170.98
2023-04-19,ATM05,194.13
2023-04-20,ATM05,179.73
2023-04-21,ATM05,182.06
2023-04-22,ATM05,5.12
2023-04-23,ATM05,3.69
2023-04-24,ATM05,28.65
2023-04-25,ATM05,51.1
2023-04-26,ATM05,46.53
2023-04-27,ATM05,59.48
2023-04-28,ATM05,63.34
2023-04-29,ATM05,29.44
2023-04-30,ATM05,25.79
2023-05-01,ATM05,45.4
2023-05-02,ATM05,113.34
2023-05-03,ATM05,92.33
2023-05-04,ATM05,127.35
2023-05-05,ATM05,154.04
2023-05-06,ATM05,59.39
2023-05-07,ATM05,49.43
2023-05-08,ATM05,156.15
2023-05-09,ATM05,152.91
2023-05-10,ATM05,117.75
2023-05-11,ATM05,153.15
2023-05-12,ATM05,140.49
2023-05-13,ATM05,61.63
2023-05-14,ATM05,42.45
2023-05-15,ATM05,147.36
2023-05-16,ATM05,143.31
2023-05-17,ATM05,151.08
2023-05-18,ATM05,124.32
2023-05-19,ATM05,153.37
2023-05-20,ATM05,66.16
2023-05-21,ATM05,43.47
2023-05-22,ATM05,136.74
2023-05-23,ATM05,120.6
2023-05-24,ATM05,118.56
2023-05-25,ATM05,221.29
2023-05-26,ATM05,197.57
2023-05-27,ATM05,68.16
2023-05-28,ATM05,67.61
2023-05-29,ATM05,222.33
2023-05-30,ATM05,250.79
2023-05-31,ATM05,203.55
2023-06-01,ATM05,78.97
2023-06-02,ATM05,194.81
2023-06-03,ATM05,58.48
2023-06-04,ATM05,37.56
2023-06-05,ATM05,148.36
2023-06-06,ATM05,148.16
2023-06-07,ATM05,144.85
2023-06-08,ATM05,138.22
2023-06-09,ATM05,139.66
2023-06-10,ATM05,52.59
2023-06-11,ATM05,35.41
2023-06-12,ATM05,131.21
2023-06-13,ATM05,157.31
2023-06-14,ATM05,163.21
2023-06-15,ATM05,119.41
2023-06-16,ATM05,125.89
2023-06-17,ATM05,51.65
2023-06-18,ATM05,39.63
2023-06-19,ATM05,111.8
2023-06-20,ATM05,121.5
2023-06-21,ATM05,123.2
2023-06-22,ATM05,153.18
2023-06-23,ATM05,145.21
2023-06-24,ATM05,59.76
2023-06-25,ATM05,55.62
2023-06-26,ATM05,169.46
2023-06-27,ATM05,189.91
2023-06-28,ATM05,212.22
2023-06-29,ATM05,71.29
2023-06-30,ATM05,200.2
2023-07-01,ATM05,65.17
2023-07-02,ATM05,54.27
2023-07-03,ATM05,157.67
2023-07-04,ATM05,139.81
2023-07-05,ATM05,137.9
2023-07-06,ATM05,124.39
2023-07-07,ATM05,136.58
2023-07-08,ATM05,66.93
2023-07-09,ATM05,48.78
2023-07-10,ATM05,120.24
2023-07-11,ATM05,116.07
2023-07-12,ATM05,101.2
2023-07-13,ATM05,101.45
2023-07-14,ATM05,143.85
2023-07-15,ATM05,51.45
2023-07-16,ATM05,48.98
2023-07-17,ATM05,141.68
2023-07-18,ATM05,128.79
2023-07-19,ATM05,135.59
2023-07-20,ATM05,96.38
2023-07-21,ATM05,123.73
2023-07-22,ATM05,48.55
2023-07-23,ATM05,45.62
2023-07-24,ATM05,154.11
2023-07-25,ATM05,177.73
2023-07-26,ATM05,209.19
2023-07-27,ATM05,190.76
2023-07-28,ATM05,186.01
2023-07-29,ATM05,74.86
2023-07-30,ATM05,57.51
2023-07-31,ATM05,227.58
2023-08-01,ATM05,207.45
2023-08-02,ATM05,200.0
2023-08-03,ATM05,162.8
2023-08-04,ATM05,186.34
2023-08-05,ATM05,69.01
2023-08-06,ATM05,57.24
2023-08-07,ATM05,177.06
2023-08-08,ATM05,157.01
2023-08-09,ATM05,170.72
2023-08-10,ATM05,133.16
2023-08-11,ATM05,140.22
2023-08-12,ATM05,62.31
2023-08-13,ATM05,51.74
2023-08-14,ATM05,146.32
2023-08-15,ATM05,124.56
2023-08-16,ATM05,145.93
2023-08-17,ATM05,58.27
2023-08-18,ATM05,150.54
2023-08-19,ATM05,51.36
2023-08-20,ATM05,41.13
2023-08-21,ATM05,131.71
2023-08-22,ATM05,116.02
2023-08-23,ATM05,121.98
2023-08-24,ATM05,126.65
2023-08-25,ATM05,196.41
2023-08-26,ATM05,82.75
2023-08-27,ATM05,70.75
2023-08-28,ATM05,234.22
2023-08-29,ATM05,195.98
2023-08-30,ATM05,206.7
2023-08-31,ATM05,196.49
2023-09-01,ATM05,181.32
2023-09-02,ATM05,77.79
2023-09-03,ATM05,46.5
2023-09-04,ATM05,200.21
2023-09-05,ATM05,190.85
2023-09-06,ATM05,175.53
2023-09-07,ATM05,160.65
2023-09-08,ATM05,166.82
2023-09-09,ATM05,53.81
2023-09-10,ATM05,31.36
2023-09-11,ATM05,106.0
2023-09-12,ATM05,112.44
2023-09-13,ATM05,93.93
2023-09-14,ATM05,102.85
2023-09-15,ATM05,120.74
2023-09-16,ATM05,46.96
2023-09-17,ATM05,35.35
2023-09-18,ATM05,118.54
2023-09-19,ATM05,143.61
2023-09-20,ATM05,142.11
2023-09-21,ATM05,123.63
2023-09-22,ATM05,133.71
2023-09-23,ATM05,50.16
2023-09-24,ATM05,35.97
2023-09-25,ATM05,170.9
2023-09-26,ATM05,195.54
2023-09-27,ATM05,181.09
2023-09-28,ATM05,162.41
2023-09-29,ATM05,189.38
2023-09-30,ATM05,74.48
2023-10-01,ATM05,47.02
2023-10-02,ATM05,173.95
2023-10-03,ATM05,148.69
2023-10-04,ATM05,152.16
2023-10-05,ATM05,186.95
2023-10-06,ATM05,200.9
2023-10-07,ATM05,76.47
2023-10-08,ATM05,69.47
2023-10-09,ATM05,195.51
2023-10-10,ATM05,142.06
2023-10-11,ATM05,146.13
2023-10-12,ATM05,125.02
2023-10-13,ATM05,136.81
2023-10-14,ATM05,47.28
2023-10-15,ATM05,39.76
2023-10-16,ATM05,120.55
2023-10-17,ATM05,110.78
2023-10-18,ATM05,122.79
2023-10-19,ATM05,121.03
2023-10-20,ATM05,107.73
2023-10-21,ATM05,38.83
2023-10-22,ATM05,30.69
2023-10-23,ATM05,104.54
2023-10-24,ATM05,117.22
2023-10-25,ATM05,184.84
2023-10-26,ATM05,207.47
2023-10-27,ATM05,230.33
2023-10-28,ATM05,90.16
2023-10-29,ATM05,67.94
2023-10-30,ATM05,210.59
2023-10-31,ATM05,216.39
2023-11-01,ATM05,219.08
2023-11-02,ATM05,207.5
2023-11-03,ATM05,186.87
2023-11-04,ATM05,48.66
2023-11-05,ATM05,40.27
2023-11-06,ATM05,135.81
2023-11-07,ATM05,154.3
2023-11-08,ATM05,174.57
2023-11-09,ATM05,132.35
2023-11-10,ATM05,151.83
2023-11-11,ATM05,46.68
2023-11-12,ATM05,33.31
2023-11-13,ATM05,116.33
2023-11-14,ATM05,113.3
2023-11-15,ATM05,99.66
2023-11-16,ATM05,119.92
2023-11-17,ATM05,142.64
2023-11-18,ATM05,57.95
2023-11-19,ATM05,39.67
2023-11-20,ATM05,128.5
2023-11-21,ATM05,122.24
2023-11-22,ATM05,147.31
2023-11-23,ATM05,97.41
2023-11-24,ATM05,108.45
2023-11-25,ATM05,68.43
2023-11-26,ATM05,49.71
2023-11-27,ATM05,173.45
2023-11-28,ATM05,172.95
2023-11-29,ATM05,166.19
2023-11-30,ATM05,176.72
2023-12-01,ATM05,210.86
2023-12-02,ATM05,74.85
2023-12-03,ATM05,42.52
2023-12-04,ATM05,141.05
2023-12-05,ATM05,137.88
2023-12-06,ATM05,115.06
2023-12-07,ATM05,135.12
2023-12-08,ATM05,143.32
2023-12-09,ATM05,64.06
2023-12-10,ATM05,43.55
2023-12-11,ATM05,152.87
2023-12-12,ATM05,118.49
2023-12-13,ATM05,115.64
2023-12-14,ATM05,103.92
2023-12-15,ATM05,123.79
2023-12-16,ATM05,57.85
2023-12-17,ATM05,50.98
2023-12-18,ATM05,132.59
2023-12-19,ATM05,123.15
2023-12-20,ATM05,126.74
2023-12-21,ATM05,138.08
2023-12-22,ATM05,120.94
2023-12-23,ATM05,41.8
2023-12-24,ATM05,39.45
2023-12-25,ATM05,64.87
2023-12-26,ATM05,168.65
2023-12-27,ATM05,187.24
2023-12-28,ATM05,201.79
2023-12-29,ATM05,214.12
2023-12-30,ATM05,77.37
2023-12-31,ATM05,67.6
2024-01-01,ATM05,81.5
2024-01-02,ATM05,175.16
2024-01-03,ATM05,137.99
2024-01-04,ATM05,145.09
2024-01-05,ATM05,187.49
2024-01-06,ATM05,68.48
2024-01-07,ATM05,55.17
2024-01-08,ATM05,150.65
2024-01-09,ATM05,133.85
2024-01-10,ATM05,116.21
2024-01-11,ATM05,117.3
2024-01-12,ATM05,116.84
2024-01-13,ATM05,54.01
2024-01-14,ATM05,44.25
2024-01-15,ATM05,130.57
2024-01-16,ATM05,132.05
2024-01-17,ATM05,129.3
2024-01-18,ATM05,135.27
2024-01-19,ATM05,120.0
2024-01-20,ATM05,46.78
2024-01-21,ATM05,37.38
2024-01-22,ATM05,133.98
2024-01-23,ATM05,116.12
2024-01-24,ATM05,90.4
2024-01-25,ATM05,141.61
2024-01-26,ATM05,176.22
2024-01-27,ATM05,71.08
2024-01-28,ATM05,68.27
2024-01-29,ATM05,218.5
2024-01-30,ATM05,195.45
2024-01-31,ATM05,187.27
2024-02-01,ATM05,208.15
2024-02-02,ATM05,197.63
2024-02-03,ATM05,56.08
2024-02-04,ATM05,39.06
2024-02-05,ATM05,160.92
2024-02-06,ATM05,152.21
2024-02-07,ATM05,134.17
2024-02-08,ATM05,135.31
2024-02-09,ATM05,158.69
2024-02-10,ATM05,19.67
2024-02-11,ATM05,36.22
2024-02-12,ATM05,114.6
2024-02-13,ATM05,120.21
2024-02-14,ATM05,116.05
2024-02-15,ATM05,113.02
2024-02-16,ATM05,110.56
2024-02-17,ATM05,46.11
2024-02-18,ATM05,36.57
2024-02-19,ATM05,119.33
2024-02-20,ATM05,120.48
2024-02-21,ATM05,131.13
2024-02-22,ATM05,135.52
2024-02-23,ATM05,147.6
2024-02-24,ATM05,50.69
2024-02-25,ATM05,54.83
2024-02-26,ATM05,165.21
2024-02-27,ATM05,159.71
2024-02-28,ATM05,171.64
2024-02-29,ATM05,162.25
2024-03-01,ATM05,190.15
2024-03-02,ATM05,65.52
2024-03-03,ATM05,34.84
2024-03-04,ATM05,142.81
2024-03-05,ATM05,130.87
2024-03-06,ATM05,123.34
2024-03-07,ATM05,116.74
2024-03-08,ATM05,146.79
2024-03-09,ATM05,65.15
2024-03-10,ATM05,39.09
2024-03-11,ATM05,124.23
2024-03-12,ATM05,134.85
2024-03-13,ATM05,103.96
2024-03-14,ATM05,140.1
2024-03-15,ATM05,184.21
2024-03-16,ATM05,42.63
2024-03-17,ATM05,35.55
2024-03-18,ATM05,112.57
2024-03-19,ATM05,111.31
2024-03-20,ATM05,112.67
2024-03-21,ATM05,130.69
2024-03-22,ATM05,138.7
2024-03-23,ATM05,47.4
2024-03-24,ATM05,38.63
2024-03-25,ATM05,211.2
2024-03-26,ATM05,176.84
2024-03-27,ATM05,159.4
2024-03-28,ATM05,228.56
2024-03-29,ATM05,220.95
2024-03-30,ATM05,83.51
2024-03-31,ATM05,63.76
2024-04-01,ATM05,232.05
2024-04-02,ATM05,267.65
2024-04-03,ATM05,197.03
2024-04-04,ATM05,154.56
2024-04-05,ATM05,154.37
2024-04-06,ATM05,62.38
2024-04-07,ATM05,51.22
2024-04-08,ATM05,147.85
2024-04-09,ATM05,177.49
2024-04-10,ATM05,12.73
2024-04-11,ATM05,16.07
2024-04-12,ATM05,50.47
2024-04-13,ATM05,16.06
2024-04-14,ATM05,12.51
2024-04-15,ATM05,34.23
2024-04-16,ATM05,36.97
2024-04-17,ATM05,44.58
2024-04-18,ATM05,49.66
2024-04-19,ATM05,67.08
2024-04-20,ATM05,29.08
2024-04-21,ATM05,26.07
2024-04-22,ATM05,111.02
2024-04-23,ATM05,103.69
2024-04-24,ATM05,141.74
2024-04-25,ATM05,167.72
2024-04-26,ATM05,227.22
2024-04-27,ATM05,70.32
2024-04-28,ATM05,56.09
2024-04-29,ATM05,176.61
2024-04-30,ATM05,168.4
2024-05-01,ATM05,76.29
2024-05-02,ATM05,217.82
2024-05-03,ATM05,186.91
2024-05-04,ATM05,59.49
2024-05-05,ATM05,45.85
2024-05-06,ATM05,134.9
2024-05-07,ATM05,119.97
2024-05-08,ATM05,114.14
2024-05-09,ATM05,120.64
2024-05-10,ATM05,126.54
2024-05-11,ATM05,39.14
2024-05-12,ATM05,34.27
2024-05-13,ATM05,141.03
2024-05-14,ATM05,142.93
2024-05-15,ATM05,121.58
2024-05-16,ATM05,103.38
2024-05-17,ATM05,128.58
2024-05-18,ATM05,37.68
2024-05-19,ATM05,38.24
2024-05-20,ATM05,122.43
2024-05-21,ATM05,144.93
2024-05-22,ATM05,107.85
2024-05-23,ATM05,126.3
2024-05-24,ATM05,132.23
2024-05-25,ATM05,71.19
2024-05-26,ATM05,48.42
2024-05-27,ATM05,185.91
2024-05-28,ATM05,192.42
2024-05-29,ATM05,225.23
2024-05-30,ATM05,221.94
2024-05-31,ATM05,201.64
2024-06-01,ATM05,26.63
2024-06-02,ATM05,46.96
2024-06-03,ATM05,154.76
2024-06-04,ATM05,130.39
2024-06-05,ATM05,157.88
2024-06-06,ATM05,154.9
2024-06-07,ATM05,163.97
2024-06-08,ATM05,56.55
2024-06-09,ATM05,47.11
2024-06-10,ATM05,128.88
2024-06-11,ATM05,116.26
2024-06-12,ATM05,127.3
2024-06-13,ATM05,120.9
2024-06-14,ATM05,119.9
2024-06-15,ATM05,50.23
2024-06-16,ATM05,38.17
2024-06-17,ATM05,52.76
2024-06-18,ATM05,116.34
2024-06-19,ATM05,103.22
2024-06-20,ATM05,135.2
2024-06-21,ATM05,163.11
2024-06-22,ATM05,59.5
2024-06-23,ATM05,39.73
2024-06-24,ATM05,123.07
2024-06-25,ATM05,206.9
2024-06-26,ATM05,183.56
2024-06-27,ATM05,168.66
2024-06-28,ATM05,233.29
2024-06-29,ATM05,78.81
2024-06-30,ATM05,71.41
2024-07-01,ATM05,177.38
2024-07-02,ATM05,184.7
2024-07-03,ATM05,174.51
2024-07-04,ATM05,153.14
2024-07-05,ATM05,152.51
2024-07-06,ATM05,49.7
2024-07-07,ATM05,46.47
2024-07-08,ATM05,135.3
2024-07-09,ATM05,132.0
2024-07-10,ATM05,102.16
2024-07-11,ATM05,131.77
2024-07-12,ATM05,154.21
2024-07-13,ATM05,52.38
2024-07-14,ATM05,34.44
2024-07-15,ATM05,141.02
2024-07-16,ATM05,120.81
2024-07-17,ATM05,105.98
2024-07-18,ATM05,92.95
2024-07-19,ATM05,108.06
2024-07-20,ATM05,38.15
2024-07-21,ATM05,31.64
2024-07-22,ATM05,124.36
2024-07-23,ATM05,114.0
2024-07-24,ATM05,121.19
2024-07-25,ATM05,165.93
2024-07-26,ATM05,189.47
2024-07-27,ATM05,88.94
2024-07-28,ATM05,59.62
2024-07-29,ATM05,198.59
2024-07-30,ATM05,154.22
2024-07-31,ATM05,197.15
2024-08-01,ATM05,176.74
2024-08-02,ATM05,217.13
2024-08-03,ATM05,57.87
2024-08-04,ATM05,47.16
2024-08-05,ATM05,159.28
2024-08-06,ATM05,136.31
2024-08-07,ATM05,153.65
2024-08-08,ATM05,132.28
2024-08-09,ATM05,159.73
2024-08-10,ATM05,47.94
2024-08-11,ATM05,38.97
2024-08-12,ATM05,119.44
2024-08-13,ATM05,117.13
2024-08-14,ATM05,104.66
2024-08-15,ATM05,115.06
2024-08-16,ATM05,128.08
2024-08-17,ATM05,18.18
2024-08-18,ATM05,36.37
2024-08-19,ATM05,123.57
2024-08-20,ATM05,110.48
2024-08-21,ATM05,113.07
2024-08-22,ATM05,103.74
2024-08-23,ATM05,157.39
2024-08-24,ATM05,59.43
2024-08-25,ATM05,63.78
2024-08-26,ATM05,222.8
2024-08-27,ATM05,154.88
2024-08-28,ATM05,125.88
2024-08-29,ATM05,145.39
2024-08-30,ATM05,151.94
2024-08-31,ATM05,63.36
2024-09-01,ATM05,54.27
2024-09-02,ATM05,201.43
2024-09-03,ATM05,124.41
2024-09-04,ATM05,136.38
2024-09-05,ATM05,136.23
2024-09-06,ATM05,154.07
2024-09-07,ATM05,53.38
2024-09-08,ATM05,49.38
2024-09-09,ATM05,148.97
2024-09-10,ATM05,146.57
2024-09-11,ATM05,119.22
2024-09-12,ATM05,128.58
2024-09-13,ATM05,132.86
2024-09-14,ATM05,47.2
2024-09-15,ATM05,39.82
2024-09-16,ATM05,122.49
2024-09-17,ATM05,87.7
2024-09-18,ATM05,73.65
2024-09-19,ATM05,109.69
2024-09-20,ATM05,142.47
2024-09-21,ATM05,62.12
2024-09-22,ATM05,41.93
2024-09-23,ATM05,112.33
2024-09-24,ATM05,107.89
2024-09-25,ATM05,169.99
2024-09-26,ATM05,155.37
2024-09-27,ATM05,217.97
2024-09-28,ATM05,97.68
2024-09-29,ATM05,67.81
2024-09-30,ATM05,200.59
2024-10-01,ATM05,158.89
2024-10-02,ATM05,199.51
2024-10-03,ATM05,144.14
2024-10-04,ATM05,147.06
2024-10-05,ATM05,58.24
2024-10-06,ATM05,41.28
2024-10-07,ATM05,140.98
2024-10-08,ATM05,115.2
2024-10-09,ATM05,141.74
2024-10-10,ATM05,118.68
2024-10-11,ATM05,146.24
2024-10-12,ATM05,49.88
2024-10-13,ATM05,37.44
2024-10-14,ATM05,107.54
2024-10-15,ATM05,120.27
2024-10-16,ATM05,107.78
2024-10-17,ATM05,107.07
2024-10-18,ATM05,122.87
2024-10-19,ATM05,47.76
2024-10-20,ATM05,30.88
2024-10-21,ATM05,109.79
2024-10-22,ATM05,121.81
2024-10-23,ATM05,114.44
2024-10-24,ATM05,113.16
2024-10-25,ATM05,192.24
2024-10-26,ATM05,71.02
2024-10-27,ATM05,49.67
2024-10-28,ATM05,173.54
2024-10-29,ATM05,191.12
2024-10-30,ATM05,162.59
2024-10-31,ATM05,162.86
2024-11-01,ATM05,159.14
2024-11-02,ATM05,73.32
2024-11-03,ATM05,42.81
2024-11-04,ATM05,128.17
2024-11-05,ATM05,130.41
2024-11-06,ATM05,116.26
2024-11-07,ATM05,112.49
2024-11-08,ATM05,115.35
2024-11-09,ATM05,43.93
2024-11-10,ATM05,39.05
2024-11-11,ATM05,115.31
2024-11-12,ATM05,119.92
2024-11-13,ATM05,107.9
2024-11-14,ATM05,122.62
2024-11-15,ATM05,116.42
2024-11-16,ATM05,46.11
2024-11-17,ATM05,36.81
2024-11-18,ATM05,157.14
2024-11-19,ATM05,140.29
2024-11-20,ATM05,118.87
2024-11-21,ATM05,126.98
2024-11-22,ATM05,167.42
2024-11-23,ATM05,45.17
2024-11-24,ATM05,33.03
2024-11-25,ATM05,169.23
2024-11-26,ATM05,161.48
2024-11-27,ATM05,162.79
2024-11-28,ATM05,146.82
2024-11-29,ATM05,205.94
2024-11-30,ATM05,63.36
2024-12-01,ATM05,51.57
2024-12-02,ATM05,198.32
2024-12-03,ATM05,138.67
2024-12-04,ATM05,122.27
2024-12-05,ATM05,110.93
2024-12-06,ATM05,130.98
2024-12-07,ATM05,48.03
2024-12-08,ATM05,41.11
2024-12-09,ATM05,118.16
2024-12-10,ATM05,118.06
2024-12-11,ATM05,118.73
2024-12-12,ATM05,120.01
2024-12-13,ATM05,150.95
2024-12-14,ATM05,49.08
2024-12-15,ATM05,37.45
2024-12-16,ATM05,120.18
2024-12-17,ATM05,118.26
2024-12-18,ATM05,121.12
2024-12-19,ATM05,112.85
2024-12-20,ATM05,104.59
2024-12-21,ATM05,42.8
2024-12-22,ATM05,38.31
2024-12-23,ATM05,130.84
2024-12-24,ATM05,143.14
2024-12-25,ATM05,99.13
2024-12-26,ATM05,231.76
2024-12-27,ATM05,262.7
2024-12-28,ATM05,93.65
2024-12-29,ATM05,78.98
2024-12-30,ATM05,273.32
2024-12-31,ATM05,242.37
2025-01-01,ATM05,84.45
2025-01-02,ATM05,185.79
2025-01-03,ATM05,149.36
2025-01-04,ATM05,53.25
2025-01-05,ATM05,44.99
2025-01-06,ATM05,132.37
2025-01-07,ATM05,127.69
2025-01-08,ATM05,101.02
2025-01-09,ATM05,142.36
2025-01-10,ATM05,127.25
2025-01-11,ATM05,50.04
2025-01-12,ATM05,44.4
2025-01-13,ATM05,136.25
2025-01-14,ATM05,143.33
2025-01-15,ATM05,111.32
2025-01-16,ATM05,148.25
2025-01-17,ATM05,159.28
2025-01-18,ATM05,53.86
2025-01-19,ATM05,45.7
2025-01-20,ATM05,117.39
2025-01-21,ATM05,110.72
2025-01-22,ATM05,133.11
2025-01-23,ATM05,100.46
2025-01-24,ATM05,126.1
2025-01-25,ATM05,75.32
2025-01-26,ATM05,70.48
2025-01-27,ATM05,170.27
2025-01-28,ATM05,201.47
2025-01-29,ATM05,69.85
2025-01-30,ATM05,165.78
2025-01-31,ATM05,162.22
2025-02-01,ATM05,58.79
2025-02-02,ATM05,53.05
2025-02-03,ATM05,120.91
2025-02-04,ATM05,135.55
2025-02-05,ATM05,124.76
2025-02-06,ATM05,113.12
2025-02-07,ATM05,127.32
2025-02-08,ATM05,53.25
2025-02-09,ATM05,40.65
2025-02-10,ATM05,119.2
2025-02-11,ATM05,124.05
2025-02-12,ATM05,134.44
2025-02-13,ATM05,119.59
2025-02-14,ATM05,114.15
2025-02-15,ATM05,45.6
2025-02-16,ATM05,38.1
2025-02-17,ATM05,104.54
2025-02-18,ATM05,98.16
2025-02-19,ATM05,99.2
2025-02-20,ATM05,105.42
2025-02-21,ATM05,111.22
2025-02-22,ATM05,48.28
2025-02-23,ATM05,31.1
2025-02-24,ATM05,94.12
2025-02-25,ATM05,149.25
2025-02-26,ATM05,158.85
2025-02-27,ATM05,141.92
2025-02-28,ATM05,161.54
2025-03-01,ATM05,63.15
2025-03-02,ATM05,50.09
2025-03-03,ATM05,135.15
2025-03-04,ATM05,121.91
2025-03-05,ATM05,150.23
2025-03-06,ATM05,148.0
2025-03-07,ATM05,139.07
2025-03-08,ATM05,53.84
2025-03-09,ATM05,42.62
2025-03-10,ATM05,140.34
2025-03-11,ATM05,118.09
2025-03-12,ATM05,130.53
2025-03-13,ATM05,127.0
2025-03-14,ATM05,161.67
2025-03-15,ATM05,64.02
2025-03-16,ATM05,45.57
2025-03-17,ATM05,137.73
2025-03-18,ATM05,139.03
2025-03-19,ATM05,132.97
2025-03-20,ATM05,161.01
2025-03-21,ATM05,161.57
2025-03-22,ATM05,55.69
2025-03-23,ATM05,41.73
2025-03-24,ATM05,124.88
2025-03-25,ATM05,210.04
2025-03-26,ATM05,195.13
2025-03-27,ATM05,234.55
2025-03-28,ATM05,214.98
2025-03-29,ATM05,87.67
2025-03-30,ATM05,79.72
2025-03-31,ATM05,17.95
2025-04-01,ATM05,23.75
2025-04-02,ATM05,52.51
2025-04-03,ATM05,40.54
2025-04-04,ATM05,46.51
2025-04-05,ATM05,18.15
2025-04-06,ATM05,13.67
2025-04-07,ATM05,61.92
2025-04-08,ATM05,70.93
2025-04-09,ATM05,95.27
2025-04-10,ATM05,88.41
2025-04-11,ATM05,123.72
2025-04-12,ATM05,48.79
2025-04-13,ATM05,30.31
2025-04-14,ATM05,153.2
2025-04-15,ATM05,120.24
2025-04-16,ATM05,138.11
2025-04-17,ATM05,125.06
2025-04-18,ATM05,146.18
2025-04-19,ATM05,46.65
2025-04-20,ATM05,38.98
2025-04-21,ATM05,120.09
2025-04-22,ATM05,136.49
2025-04-23,ATM05,130.11
2025-04-24,ATM05,134.49
2025-04-25,ATM05,158.82
2025-04-26,ATM05,64.63
2025-04-27,ATM05,55.08
2025-04-28,ATM05,184.7
2025-04-29,ATM05,193.36
2025-04-30,ATM05,174.01
2025-05-01,ATM05,69.47
2025-05-02,ATM05,214.41
2025-05-03,ATM05,44.54
2025-05-04,ATM05,41.02
2025-05-05,ATM05,131.4
2025-05-06,ATM05,116.58
2025-05-07,ATM05,129.29
2025-05-08,ATM05,149.39
2025-05-09,ATM05,170.35
2025-05-10,ATM05,49.8
2025-05-11,ATM05,41.2
2025-05-12,ATM05,139.08
2025-05-13,ATM05,121.22
2025-05-14,ATM05,108.74
2025-05-15,ATM05,104.21
2025-05-16,ATM05,131.14
2025-05-17,ATM05,47.6
2025-05-18,ATM05,32.67
2025-05-19,ATM05,94.56
2025-05-20,ATM05,112.68
2025-05-21,ATM05,106.89
2025-05-22,ATM05,114.94
2025-05-23,ATM05,143.18
2025-05-24,ATM05,43.06
2025-05-25,ATM05,52.26
2025-05-26,ATM05,172.4
2025-05-27,ATM05,175.5
2025-05-28,ATM05,198.36
2025-05-29,ATM05,158.0
2025-05-30,ATM05,191.73
2025-05-31,ATM05,79.35
2025-06-01,ATM05,22.57
2025-06-02,ATM05,179.01
2025-06-03,ATM05,137.36
2025-06-04,ATM05,139.05
2025-06-05,ATM05,143.51
2025-06-06,ATM05,63.37
2025-06-07,ATM05,50.39
2025-06-08,ATM05,45.21
2025-06-09,ATM05,161.52
2025-06-10,ATM05,125.22
2025-06-11,ATM05,100.84
2025-06-12,ATM05,106.46
2025-06-13,ATM05,123.12
2025-06-14,ATM05,40.9
2025-06-15,ATM05,32.84
2025-06-16,ATM05,97.51
2025-06-17,ATM05,111.25
2025-06-18,ATM05,114.71
2025-06-19,ATM05,95.28
2025-06-20,ATM05,119.1
2025-06-21,ATM05,45.4
2025-06-22,ATM05,37.88
2025-06-23,ATM05,116.25
2025-06-24,ATM05,103.07
2025-06-25,ATM05,149.9
2025-06-26,ATM05,151.66
2025-06-27,ATM05,176.81
2025-06-28,ATM05,69.29
2025-06-29,ATM05,52.96
2025-06-30,ATM05,168.26
2025-07-01,ATM05,159.78
2025-07-02,ATM05,218.1
2025-07-03,ATM05,134.1
2025-07-04,ATM05,135.59
2025-07-05,ATM05,75.06
2025-07-06,ATM05,50.71
2025-07-07,ATM05,128.27
2025-07-08,ATM05,139.27
2025-07-09,ATM05,121.58
2025-07-10,ATM05,121.47
2025-07-11,ATM05,124.7
2025-07-12,ATM05,44.37
2025-07-13,ATM05,42.22
2025-07-14,ATM05,135.42
2025-07-15,ATM05,133.99
2025-07-16,ATM05,128.22
2025-07-17,ATM05,114.11
2025-07-18,ATM05,132.66
2025-07-19,ATM05,54.67
2025-07-20,ATM05,39.41
2025-07-21,ATM05,150.33
2025-07-22,ATM05,138.5
2025-07-23,ATM05,126.93
2025-07-24,ATM05,122.57
2025-07-25,ATM05,194.95
2025-07-26,ATM05,61.95
2025-07-27,ATM05,50.82
2025-07-28,ATM05,176.95
2025-07-29,ATM05,161.96
2025-07-30,ATM05,172.5
2025-07-31,ATM05,171.38
2025-08-01,ATM05,202.49
2025-08-02,ATM05,77.75
2025-08-03,ATM05,44.37
2025-08-04,ATM05,120.72
2025-08-05,ATM05,150.12
2025-08-06,ATM05,136.57
2025-08-07,ATM05,131.75
2025-08-08,ATM05,137.4
2025-08-09,ATM05,49.69
2025-08-10,ATM05,41.34
2025-08-11,ATM05,146.51
2025-08-12,ATM05,130.73
2025-08-13,ATM05,119.23
2025-08-14,ATM05,123.9
2025-08-15,ATM05,129.5
2025-08-16,ATM05,46.27
2025-08-17,ATM05,14.93
2025-08-18,ATM05,114.39
2025-08-19,ATM05,114.45
2025-08-20,ATM05,116.16
2025-08-21,ATM05,122.18
2025-08-22,ATM05,119.19
2025-08-23,ATM05,49.19
2025-08-24,ATM05,33.44
2025-08-25,ATM05,160.89
2025-08-26,ATM05,152.96
2025-08-27,ATM05,143.69
2025-08-28,ATM05,175.75
2025-08-29,ATM05,168.74
2025-08-30,ATM05,61.54
2025-08-31,ATM05,58.6
2025-09-01,ATM05,172.51
2025-09-02,ATM05,163.79
2025-09-03,ATM05,114.3
2025-09-04,ATM05,134.21
2025-09-05,ATM05,157.6
2025-09-06,ATM05,60.37
2025-09-07,ATM05,46.36
2025-09-08,ATM05,143.92
2025-09-09,ATM05,125.64
2025-09-10,ATM05,101.54
2025-09-11,ATM05,123.85
2025-09-12,ATM05,139.43
2025-09-13,ATM05,45.17
2025-09-14,ATM05,35.65
2025-09-15,ATM05,113.59
2025-09-16,ATM05,97.82
2025-09-17,ATM05,107.71
2025-09-18,ATM05,105.37
2025-09-19,ATM05,107.28
2025-09-20,ATM05,36.8
2025-09-21,ATM05,27.24
2025-09-22,ATM05,99.8
2025-09-23,ATM05,103.46
2025-09-24,ATM05,98.33
2025-09-25,ATM05,170.5
2025-09-26,ATM05,183.48
2025-09-27,ATM05,73.39
2025-09-28,ATM05,54.04
2025-09-29,ATM05,162.11
2025-09-30,ATM05,164.33
2025-10-01,ATM05,144.96
2025-10-02,ATM05,167.04
2025-10-03,ATM05,126.57
2025-10-04,ATM05,55.68
2025-10-05,ATM05,40.52
2025-10-06,ATM05,150.73
2025-10-07,ATM05,119.87
2025-10-08,ATM05,115.84
2025-10-09,ATM05,128.16
2025-10-10,ATM05,138.76
2025-10-11,ATM05,58.32
2025-10-12,ATM05,39.93
2025-10-13,ATM05,150.92
2025-10-14,ATM05,121.67
2025-10-15,ATM05,131.23
2025-10-16,ATM05,108.47
2025-10-17,ATM05,126.16
2025-10-18,ATM05,35.93
2025-10-19,ATM05,28.24
2025-10-20,ATM05,111.01
2025-10-21,ATM05,94.64
2025-10-22,ATM05,108.8
2025-10-23,ATM05,122.12
2025-10-24,ATM05,120.18
2025-10-25,ATM05,61.3
2025-10-26,ATM05,48.17
2025-10-27,ATM05,150.64
2025-10-28,ATM05,154.96
2025-10-29,ATM05,163.73
2025-10-30,ATM05,160.46
2025-10-31,ATM05,215.67
2025-11-01,ATM05,68.27
2025-11-02,ATM05,62.05
2025-11-03,ATM05,128.29
2025-11-04,ATM05,126.91
2025-11-05,ATM05,145.57
2025-11-06,ATM05,153.95
2025-11-07,ATM05,145.19
2025-11-08,ATM05,56.77
2025-11-09,ATM05,44.33
2025-11-10,ATM05,114.14
2025-11-11,ATM05,118.3
2025-11-12,ATM05,140.67
2025-11-13,ATM05,130.49
2025-11-14,ATM05,139.05
2025-11-15,ATM05,52.2
2025-11-16,ATM05,32.12
2025-11-17,ATM05,117.31
2025-11-18,ATM05,100.03
2025-11-19,ATM05,99.55
2025-11-20,ATM05,134.44
2025-11-21,ATM05,128.72
2025-11-22,ATM05,43.14
2025-11-23,ATM05,39.28
2025-11-24,ATM05,109.95
2025-11-25,ATM05,155.08
2025-11-26,ATM05,185.45
2025-11-27,ATM05,176.0
2025-11-28,ATM05,157.18
2025-11-29,ATM05,67.9
2025-11-30,ATM05,50.75
2025-12-01,ATM05,202.66
2025-12-02,ATM05,167.11
2025-12-03,ATM05,143.8
2025-12-04,ATM05,164.03
2025-12-05,ATM05,142.2
2025-12-06,ATM05,51.69
2025-12-07,ATM05,42.26
2025-12-08,ATM05,123.82
2025-12-09,ATM05,127.33
2025-12-10,ATM05,108.31
2025-12-11,ATM05,107.0
2025-12-12,ATM05,119.9
2025-12-13,ATM05,45.62
2025-12-14,ATM05,36.07
2025-12-15,ATM05,118.58
2025-12-16,ATM05,110.11
2025-12-17,ATM05,113.99
2025-12-18,ATM05,116.71
2025-12-19,ATM05,123.21
2025-12-20,ATM05,49.51
2025-12-21,ATM05,31.39
2025-12-22,ATM05,106.0
2025-12-23,ATM05,107.86
2025-12-24,ATM05,104.08
2025-12-25,ATM05,80.77
2025-12-26,ATM05,207.15
2025-12-27,ATM05,76.88
2025-12-28,ATM05,55.35
2025-12-29,ATM05,184.89
2025-12-30,ATM05,156.14
2025-12-31,ATM05,165.61
2022-01-01,ATM06,32.04
2022-01-02,ATM06,55.03
2022-01-03,ATM06,174.31
2022-01-04,ATM06,172.39
2022-01-05,ATM06,184.65
2022-01-06,ATM06,191.87
2022-01-07,ATM06,196.85
2022-01-08,ATM06,63.44
2022-01-09,ATM06,43.22
2022-01-10,ATM06,147.9
2022-01-11,ATM06,136.21
2022-01-12,ATM06,174.92
2022-01-13,ATM06,142.93
2022-01-14,ATM06,184.11
2022-01-15,ATM06,58.86
2022-01-16,ATM06,50.21
2022-01-17,ATM06,178.92
2022-01-18,ATM06,131.6
2022-01-19,ATM06,124.05
2022-01-20,ATM06,113.72
2022-01-21,ATM06,116.73
2022-01-22,ATM06,52.47
2022-01-23,ATM06,40.26
2022-01-24,ATM06,135.13
2022-01-25,ATM06,206.88
2022-01-26,ATM06,163.33
2022-01-27,ATM06,207.51
2022-01-28,ATM06,210.59
2022-01-29,ATM06,84.22
2022-01-30,ATM06,68.09
2022-01-31,ATM06,247.19
2022-02-01,ATM06,84.1
2022-02-02,ATM06,159.69
2022-02-03,ATM06,137.5
2022-02-04,ATM06,160.54
2022-02-05,ATM06,54.18
2022-02-06,ATM06,45.77
2022-02-07,ATM06,147.57
2022-02-08,ATM06,125.63
2022-02-09,ATM06,148.76
2022-02-10,ATM06,121.84
2022-02-11,ATM06,131.63
2022-02-12,ATM06,48.84
2022-02-13,ATM06,45.57
2022-02-14,ATM06,141.2
2022-02-15,ATM06,133.29
2022-02-16,ATM06,125.12
2022-02-17,ATM06,134.31
2022-02-18,ATM06,166.75
2022-02-19,ATM06,61.35
2022-02-20,ATM06,47.51
2022-02-21,ATM06,154.42
2022-02-22,ATM06,118.13
2022-02-23,ATM06,112.91
2022-02-24,ATM06,119.1
2022-02-25,ATM06,188.51
2022-02-26,ATM06,67.09
2022-02-27,ATM06,46.63
2022-02-28,ATM06,154.31
2022-03-01,ATM06,166.93
2022-03-02,ATM06,180.08
2022-03-03,ATM06,131.92
2022-03-04,ATM06,155.18
2022-03-05,ATM06,56.89
2022-03-06,ATM06,51.8
2022-03-07,ATM06,159.17
2022-03-08,ATM06,162.34
2022-03-09,ATM06,158.26
2022-03-10,ATM06,114.02
2022-03-11,ATM06,132.02
2022-03-12,ATM06,44.83
2022-03-13,ATM06,37.75
2022-03-14,ATM06,119.82
2022-03-15,ATM06,127.74
2022-03-16,ATM06,110.94
2022-03-17,ATM06,120.88
2022-03-18,ATM06,145.72
2022-03-19,ATM06,59.3
2022-03-20,ATM06,39.81
2022-03-21,ATM06,133.4
2022-03-22,ATM06,131.11
2022-03-23,ATM06,154.17
2022-03-24,ATM06,118.84
2022-03-25,ATM06,184.16
2022-03-26,ATM06,101.4
2022-03-27,ATM06,66.82
2022-03-28,ATM06,170.55
2022-03-29,ATM06,168.13
2022-03-30,ATM06,133.99
2022-03-31,ATM06,168.45
2022-04-01,ATM06,216.83
2022-04-02,ATM06,72.48
2022-04-03,ATM06,43.08
2022-04-04,ATM06,164.75
2022-04-05,ATM06,125.73
2022-04-06,ATM06,119.05
2022-04-07,ATM06,131.0
2022-04-08,ATM06,140.83
2022-04-09,ATM06,55.17
2022-04-10,ATM06,34.2
2022-04-11,ATM06,128.95
2022-04-12,ATM06,127.03
2022-04-13,ATM06,140.03
2022-04-14,ATM06,141.84
2022-04-15,ATM06,156.87
2022-04-16,ATM06,49.7
2022-04-17,ATM06,44.67
2022-04-18,ATM06,144.06
2022-04-19,ATM06,140.09
2022-04-20,ATM06,162.42
2022-04-21,ATM06,143.88
2022-04-22,ATM06,187.88
2022-04-23,ATM06,77.69
2022-04-24,ATM06,58.89
2022-04-25,ATM06,238.63
2022-04-26,ATM06,184.2
2022-04-27,ATM06,241.02
2022-04-28,ATM06,246.07
2022-04-29,ATM06,248.1
2022-04-30,ATM06,111.57
2022-05-01,ATM06,30.29
2022-05-02,ATM06,22.55
2022-05-03,ATM06,18.21
2022-05-04,ATM06,39.69
2022-05-05,ATM06,41.67
2022-05-06,ATM06,53.01
2022-05-07,ATM06,19.34
2022-05-08,ATM06,16.65
2022-05-09,ATM06,73.04
2022-05-10,ATM06,66.78
2022-05-11,ATM06,58.18
2022-05-12,ATM06,67.04
2022-05-13,ATM06,101.78
2022-05-14,ATM06,36.29
2022-05-15,ATM06,33.19
2022-05-16,ATM06,132.17
2022-05-17,ATM06,149.8
2022-05-18,ATM06,129.11
2022-05-19,ATM06,119.85
2022-05-20,ATM06,134.92
2022-05-21,ATM06,53.64
2022-05-22,ATM06,40.51
2022-05-23,ATM06,149.95
2022-05-24,ATM06,123.48
2022-05-25,ATM06,191.56
2022-05-26,ATM06,201.54
2022-05-27,ATM06,204.96
2022-05-28,ATM06,85.35
2022-05-29,ATM06,64.49
2022-05-30,ATM06,224.39
2022-05-31,ATM06,206.28
2022-06-01,ATM06,82.69
2022-06-02,ATM06,185.16
2022-06-03,ATM06,147.4
2022-06-04,ATM06,66.29
2022-06-05,ATM06,52.44
2022-06-06,ATM06,144.66
2022-06-07,ATM06,146.0
2022-06-08,ATM06,112.92
2022-06-09,ATM06,122.6
2022-06-10,ATM06,142.88
2022-06-11,ATM06,52.16
2022-06-12,ATM06,41.16
2022-06-13,ATM06,96.42
2022-06-14,ATM06,105.7
2022-06-15,ATM06,121.79
2022-06-16,ATM06,131.62
2022-06-17,ATM06,157.04
2022-06-18,ATM06,53.89
2022-06-19,ATM06,40.47
2022-06-20,ATM06,115.11
2022-06-21,ATM06,116.81
2022-06-22,ATM06,106.78
2022-06-23,ATM06,96.14
2022-06-24,ATM06,108.79
2022-06-25,ATM06,82.75
2022-06-26,ATM06,60.61
2022-06-27,ATM06,204.57
2022-06-28,ATM06,182.69
2022-06-29,ATM06,153.91
2022-06-30,ATM06,192.3
2022-07-01,ATM06,164.73
2022-07-02,ATM06,66.19
2022-07-03,ATM06,43.02
2022-07-04,ATM06,151.58
2022-07-05,ATM06,134.67
2022-07-06,ATM06,115.27
2022-07-07,ATM06,120.46
2022-07-08,ATM06,134.8
2022-07-09,ATM06,50.99
2022-07-10,ATM06,16.78
2022-07-11,ATM06,118.33
2022-07-12,ATM06,124.85
2022-07-13,ATM06,128.44
2022-07-14,ATM06,142.07
2022-07-15,ATM06,143.8
2022-07-16,ATM06,57.71
2022-07-17,ATM06,41.62
2022-07-18,ATM06,141.3
2022-07-19,ATM06,110.83
2022-07-20,ATM06,89.45
2022-07-21,ATM06,113.18
2022-07-22,ATM06,138.06
2022-07-23,ATM06,54.7
2022-07-24,ATM06,39.07
2022-07-25,ATM06,231.24
2022-07-26,ATM06,193.81
2022-07-27,ATM06,201.19
2022-07-28,ATM06,208.53
2022-07-29,ATM06,261.6
2022-07-30,ATM06,83.5
2022-07-31,ATM06,58.21
2022-08-01,ATM06,165.88
2022-08-02,ATM06,208.15
2022-08-03,ATM06,159.21
2022-08-04,ATM06,159.59
2022-08-05,ATM06,233.6
2022-08-06,ATM06,73.55
2022-08-07,ATM06,44.2
2022-08-08,ATM06,146.07
2022-08-09,ATM06,128.56
2022-08-10,ATM06,114.75
2022-08-11,ATM06,116.02
2022-08-12,ATM06,124.63
2022-08-13,ATM06,42.47
2022-08-14,ATM06,43.94
2022-08-15,ATM06,142.37
2022-08-16,ATM06,127.73
2022-08-17,ATM06,55.31
2022-08-18,ATM06,138.83
2022-08-19,ATM06,148.49
2022-08-20,ATM06,57.73
2022-08-21,ATM06,42.95
2022-08-22,ATM06,146.72
2022-08-23,ATM06,144.12
2022-08-24,ATM06,136.67
2022-08-25,ATM06,191.89
2022-08-26,ATM06,246.34
2022-08-27,ATM06,79.69
2022-08-28,ATM06,63.81
2022-08-29,ATM06,212.93
2022-08-30,ATM06,183.25
2022-08-31,ATM06,170.96
2022-09-01,ATM06,174.17
2022-09-02,ATM06,188.7
2022-09-03,ATM06,48.63
2022-09-04,ATM06,39.34
2022-09-05,ATM06,145.54
2022-09-06,ATM06,163.91
2022-09-07,ATM06,163.11
2022-09-08,ATM06,115.04
2022-09-09,ATM06,153.17
2022-09-10,ATM06,47.88
2022-09-11,ATM06,40.83
2022-09-12,ATM06,132.82
2022-09-13,ATM06,124.0
2022-09-14,ATM06,123.88
2022-09-15,ATM06,124.9
2022-09-16,ATM06,158.94
2022-09-17,ATM06,54.98
2022-09-18,ATM06,46.56
2022-09-19,ATM06,156.42
2022-09-20,ATM06,146.64
2022-09-21,ATM06,110.94
2022-09-22,ATM06,134.65
2022-09-23,ATM06,134.78
2022-09-24,ATM06,55.32
2022-09-25,ATM06,55.82
2022-09-26,ATM06,167.82
2022-09-27,ATM06,218.37
2022-09-28,ATM06,181.63
2022-09-29,ATM06,210.67
2022-09-30,ATM06,219.41
2022-10-01,ATM06,75.94
2022-10-02,ATM06,59.37
2022-10-03,ATM06,130.54
2022-10-04,ATM06,135.32
2022-10-05,ATM06,124.73
2022-10-06,ATM06,129.67
2022-10-07,ATM06,166.45
2022-10-08,ATM06,62.38
2022-10-09,ATM06,40.06
2022-10-10,ATM06,135.75
2022-10-11,ATM06,127.56
2022-10-12,ATM06,119.3
2022-10-13,ATM06,133.39
2022-10-14,ATM06,138.36
2022-10-15,ATM06,45.44
2022-10-16,ATM06,46.38
2022-10-17,ATM06,140.27
2022-10-18,ATM06,128.34
2022-10-19,ATM06,121.39
2022-10-20,ATM06,140.92
2022-10-21,ATM06,136.29
2022-10-22,ATM06,43.27
2022-10-23,ATM06,34.34
2022-10-24,ATM06,141.98
2022-10-25,ATM06,213.92
2022-10-26,ATM06,194.01
2022-10-27,ATM06,222.07
2022-10-28,ATM06,240.32
2022-10-29,ATM06,80.31
2022-10-30,ATM06,59.96
2022-10-31,ATM06,204.23
2022-11-01,ATM06,174.72
2022-11-02,ATM06,182.16
2022-11-03,ATM06,147.13
2022-11-04,ATM06,131.93
2022-11-05,ATM06,53.4
2022-11-06,ATM06,42.45
2022-11-07,ATM06,163.05
2022-11-08,ATM06,121.98
2022-11-09,ATM06,128.27
2022-11-10,ATM06,112.83
2022-11-11,ATM06,144.98
2022-11-12,ATM06,52.4
2022-11-13,ATM06,49.08
2022-11-14,ATM06,154.74
2022-11-15,ATM06,129.12
2022-11-16,ATM06,130.41
2022-11-17,ATM06,122.7
2022-11-18,ATM06,148.83
2022-11-19,ATM06,45.99
2022-11-20,ATM06,34.67
2022-11-21,ATM06,129.31
2022-11-22,ATM06,142.51
2022-11-23,ATM06,104.17
2022-11-24,ATM06,134.06
2022-11-25,ATM06,208.02
2022-11-26,ATM06,62.87
2022-11-27,ATM06,39.24
2022-11-28,ATM06,137.27
2022-11-29,ATM06,159.46
2022-11-30,ATM06,173.13
2022-12-01,ATM06,194.01
2022-12-02,ATM06,195.58
2022-12-03,ATM06,51.03
2022-12-04,ATM06,41.01
2022-12-05,ATM06,143.62
2022-12-06,ATM06,144.47
2022-12-07,ATM06,132.09
2022-12-08,ATM06,152.78
2022-12-09,ATM06,150.5
2022-12-10,ATM06,45.61
2022-12-11,ATM06,35.58
2022-12-12,ATM06,139.83
2022-12-13,ATM06,126.93
2022-12-14,ATM06,116.54
2022-12-15,ATM06,144.75
2022-12-16,ATM06,192.22
2022-12-17,ATM06,63.66
2022-12-18,ATM06,52.41
2022-12-19,ATM06,172.82
2022-12-20,ATM06,138.22
2022-12-21,ATM06,136.69
2022-12-22,ATM06,117.76
2022-12-23,ATM06,135.25
2022-12-24,ATM06,49.55
2022-12-25,ATM06,23.45
2022-12-26,ATM06,186.57
2022-12-27,ATM06,185.08
2022-12-28,ATM06,205.88
2022-12-29,ATM06,201.02
2022-12-30,ATM06,179.06
2022-12-31,ATM06,69.31
2023-01-01,ATM06,18.6
2023-01-02,ATM06,179.66
2023-01-03,ATM06,145.8
2023-01-04,ATM06,148.51
2023-01-05,ATM06,133.49
2023-01-06,ATM06,155.51
2023-01-07,ATM06,55.51
2023-01-08,ATM06,39.23
2023-01-09,ATM06,151.82
2023-01-10,ATM06,137.06
2023-01-11,ATM06,144.26
2023-01-12,ATM06,124.37
2023-01-13,ATM06,154.49
2023-01-14,ATM06,51.09
2023-01-15,ATM06,42.6
2023-01-16,ATM06,127.05
2023-01-17,ATM06,120.07
2023-01-18,ATM06,93.77
2023-01-19,ATM06,105.92
2023-01-20,ATM06,127.44
2023-01-21,ATM06,47.26
2023-01-22,ATM06,18.57
2023-01-23,ATM06,122.86
2023-01-24,ATM06,113.87
2023-01-25,ATM06,162.19
2023-01-26,ATM06,164.51
2023-01-27,ATM06,215.23
2023-01-28,ATM06,92.0
2023-01-29,ATM06,59.71
2023-01-30,ATM06,180.42
2023-01-31,ATM06,158.42
2023-02-01,ATM06,199.86
2023-02-02,ATM06,217.4
2023-02-03,ATM06,164.99
2023-02-04,ATM06,51.38
2023-02-05,ATM06,37.12
2023-02-06,ATM06,138.8
2023-02-07,ATM06,146.69
2023-02-08,ATM06,115.06
2023-02-09,ATM06,124.96
2023-02-10,ATM06,152.27
2023-02-11,ATM06,52.22
2023-02-12,ATM06,47.07
2023-02-13,ATM06,150.68
2023-02-14,ATM06,117.71
2023-02-15,ATM06,117.23
2023-02-16,ATM06,119.13
2023-02-17,ATM06,119.56
2023-02-18,ATM06,43.1
2023-02-19,ATM06,43.24
2023-02-20,ATM06,121.21
2023-02-21,ATM06,135.32
2023-02-22,ATM06,122.8
2023-02-23,ATM06,122.97
2023-02-24,ATM06,143.19
2023-02-25,ATM06,73.0
2023-02-26,ATM06,61.75
2023-02-27,ATM06,158.03
2023-02-28,ATM06,177.56
2023-03-01,ATM06,138.62
2023-03-02,ATM06,158.68
2023-03-03,ATM06,158.83
2023-03-04,ATM06,62.95
2023-03-05,ATM06,40.63
2023-03-06,ATM06,124.49
2023-03-07,ATM06,121.66
2023-03-08,ATM06,135.24
2023-03-09,ATM06,111.11
2023-03-10,ATM06,120.47
2023-03-11,ATM06,49.72
2023-03-12,ATM06,37.81
2023-03-13,ATM06,134.42
2023-03-14,ATM06,128.86
2023-03-15,ATM06,118.57
2023-03-16,ATM06,97.96
2023-03-17,ATM06,123.13
2023-03-18,ATM06,43.67
2023-03-19,ATM06,34.51
2023-03-20,ATM06,128.29
2023-03-21,ATM06,143.82
2023-03-22,ATM06,131.6
2023-03-23,ATM06,134.95
2023-03-24,ATM06,119.5
2023-03-25,ATM06,73.69
2023-03-26,ATM06,57.76
2023-03-27,ATM06,219.45
2023-03-28,ATM06,184.43
2023-03-29,ATM06,179.8
2023-03-30,ATM06,205.08
2023-03-31,ATM06,209.12
2023-04-01,ATM06,68.99
2023-04-02,ATM06,76.34
2023-04-03,ATM06,152.3
2023-04-04,ATM06,147.72
2023-04-05,ATM06,156.65
2023-04-06,ATM06,160.6
2023-04-07,ATM06,169.66
2023-04-08,ATM06,63.18
2023-04-09,ATM06,49.06
2023-04-10,ATM06,127.98
2023-04-11,ATM06,169.43
2023-04-12,ATM06,152.11
2023-04-13,ATM06,159.57
2023-04-14,ATM06,161.58
2023-04-15,ATM06,58.84
2023-04-16,ATM06,44.95
2023-04-17,ATM06,130.69
2023-04-18,ATM06,138.71
2023-04-19,ATM06,142.33
2023-04-20,ATM06,172.32
2023-04-21,ATM06,158.84
2023-04-22,ATM06,5.43
2023-04-23,ATM06,4.05
2023-04-24,ATM06,42.27
2023-04-25,ATM06,52.36
2023-04-26,ATM06,57.37
2023-04-27,ATM06,62.52
2023-04-28,ATM06,62.69
2023-04-29,ATM06,25.53
2023-04-30,ATM06,22.55
2023-05-01,ATM06,43.3
2023-05-02,ATM06,104.13
2023-05-03,ATM06,102.06
2023-05-04,ATM06,116.83
2023-05-05,ATM06,146.6
2023-05-06,ATM06,61.96
2023-05-07,ATM06,41.81
2023-05-08,ATM06,128.26
2023-05-09,ATM06,143.25
2023-05-10,ATM06,115.2
2023-05-11,ATM06,88.07
2023-05-12,ATM06,123.73
2023-05-13,ATM06,43.19
2023-05-14,ATM06,38.38
2023-05-15,ATM06,148.21
2023-05-16,ATM06,131.04
2023-05-17,ATM06,140.85
2023-05-18,ATM06,132.63
2023-05-19,ATM06,164.86
2023-05-20,ATM06,48.98
2023-05-21,ATM06,38.52
2023-05-22,ATM06,137.1
2023-05-23,ATM06,123.61
2023-05-24,ATM06,139.52
2023-05-25,ATM06,185.63
2023-05-26,ATM06,252.63
2023-05-27,ATM06,105.25
2023-05-28,ATM06,70.1
2023-05-29,ATM06,221.27
2023-05-30,ATM06,222.98
2023-05-31,ATM06,175.71
2023-06-01,ATM06,62.27
2023-06-02,ATM06,213.33
2023-06-03,ATM06,60.99
2023-06-04,ATM06,44.78
2023-06-05,ATM06,147.16
2023-06-06,ATM06,108.14
2023-06-07,ATM06,122.26
2023-06-08,ATM06,121.45
2023-06-09,ATM06,158.73
2023-06-10,ATM06,56.62
2023-06-11,ATM06,43.79
2023-06-12,ATM06,140.66
2023-06-13,ATM06,108.14
2023-06-14,ATM06,123.32
2023-06-15,ATM06,131.37
2023-06-16,ATM06,157.78
2023-06-17,ATM06,68.01
2023-06-18,ATM06,37.03
2023-06-19,ATM06,119.6
2023-06-20,ATM06,109.18
2023-06-21,ATM06,118.23
2023-06-22,ATM06,120.4
2023-06-23,ATM06,128.86
2023-06-24,ATM06,55.04
2023-06-25,ATM06,53.86
2023-06-26,ATM06,164.61
2023-06-27,ATM06,152.67
2023-06-28,ATM06,161.96
2023-06-29,ATM06,60.46
2023-06-30,ATM06,182.01
2023-07-01,ATM06,70.44
2023-07-02,ATM06,51.89
2023-07-03,ATM06,153.12
2023-07-04,ATM06,141.91
2023-07-05,ATM06,158.28
2023-07-06,ATM06,144.76
2023-07-07,ATM06,154.57
2023-07-08,ATM06,54.1
2023-07-09,ATM06,43.36
2023-07-10,ATM06,135.9
2023-07-11,ATM06,119.76
2023-07-12,ATM06,127.84
2023-07-13,ATM06,113.71
2023-07-14,ATM06,139.88
2023-07-15,ATM06,47.78
2023-07-16,ATM06,41.71
2023-07-17,ATM06,132.32
2023-07-18,ATM06,146.28
2023-07-19,ATM06,116.32
2023-07-20,ATM06,101.26
2023-07-21,ATM06,114.07
2023-07-22,ATM06,39.88
2023-07-23,ATM06,30.06
2023-07-24,ATM06,121.39
2023-07-25,ATM06,178.38
2023-07-26,ATM06,171.11
2023-07-27,ATM06,169.64
2023-07-28,ATM06,180.12
2023-07-29,ATM06,85.44
2023-07-30,ATM06,56.81
2023-07-31,ATM06,163.06
2023-08-01,ATM06,185.27
2023-08-02,ATM06,179.09
2023-08-03,ATM06,173.27
2023-08-04,ATM06,158.28
2023-08-05,ATM06,63.72
2023-08-06,ATM06,52.51
2023-08-07,ATM06,148.44
2023-08-08,ATM06,129.49
2023-08-09,ATM06,146.26
2023-08-10,ATM06,131.89
2023-08-11,ATM06,117.56
2023-08-12,ATM06,41.52
2023-08-13,ATM06,26.92
2023-08-14,ATM06,115.01
2023-08-15,ATM06,112.66
2023-08-16,ATM06,115.11
2023-08-17,ATM06,39.29
2023-08-18,ATM06,106.51
2023-08-19,ATM06,42.64
2023-08-20,ATM06,33.43
2023-08-21,ATM06,120.23
2023-08-22,ATM06,126.07
2023-08-23,ATM06,158.15
2023-08-24,ATM06,136.14
2023-08-25,ATM06,235.92
2023-08-26,ATM06,73.29
2023-08-27,ATM06,47.72
2023-08-28,ATM06,167.4
2023-08-29,ATM06,143.79
2023-08-30,ATM06,163.56
2023-08-31,ATM06,158.8
2023-09-01,ATM06,150.23
2023-09-02,ATM06,79.29
2023-09-03,ATM06,42.94
2023-09-04,ATM06,119.68
2023-09-05,ATM06,140.51
2023-09-06,ATM06,128.82
2023-09-07,ATM06,151.31
2023-09-08,ATM06,145.2
2023-09-09,ATM06,52.49
2023-09-10,ATM06,38.49
2023-09-11,ATM06,134.79
2023-09-12,ATM06,135.25
2023-09-13,ATM06,125.74
2023-09-14,ATM06,130.23
2023-09-15,ATM06,147.81
2023-09-16,ATM06,53.14
2023-09-17,ATM06,39.05
2023-09-18,ATM06,108.36
2023-09-19,ATM06,120.27
2023-09-20,ATM06,120.95
2023-09-21,ATM06,115.32
2023-09-22,ATM06,148.3
2023-09-23,ATM06,44.47
2023-09-24,ATM06,43.84
2023-09-25,ATM06,200.15
2023-09-26,ATM06,191.99
2023-09-27,ATM06,177.73
2023-09-28,ATM06,149.24
2023-09-29,ATM06,178.02
2023-09-30,ATM06,73.21
2023-10-01,ATM06,61.63
2023-10-02,ATM06,190.56
2023-10-03,ATM06,109.19
2023-10-04,ATM06,104.96
2023-10-05,ATM06,153.08
2023-10-06,ATM06,140.03
2023-10-07,ATM06,64.0
2023-10-08,ATM06,41.96
2023-10-09,ATM06,138.68
2023-10-10,ATM06,126.38
2023-10-11,ATM06,112.32
2023-10-12,ATM06,138.87
2023-10-13,ATM06,141.06
2023-10-14,ATM06,53.44
2023-10-15,ATM06,38.54
2023-10-16,ATM06,135.5
2023-10-17,ATM06,147.85
2023-10-18,ATM06,129.96
2023-10-19,ATM06,150.48
2023-10-20,ATM06,135.53
2023-10-21,ATM06,54.24
2023-10-22,ATM06,42.14
2023-10-23,ATM06,116.6
2023-10-24,ATM06,118.86
2023-10-25,ATM06,179.33
2023-10-26,ATM06,163.55
2023-10-27,ATM06,195.56
2023-10-28,ATM06,74.66
2023-10-29,ATM06,57.14
2023-10-30,ATM06,186.47
2023-10-31,ATM06,177.38
2023-11-01,ATM06,171.61
2023-11-02,ATM06,178.77
2023-11-03,ATM06,139.7
2023-11-04,ATM06,73.05
2023-11-05,ATM06,42.18
2023-11-06,ATM06,132.73
2023-11-07,ATM06,125.58
2023-11-08,ATM06,165.35
2023-11-09,ATM06,129.3
2023-11-10,ATM06,133.05
2023-11-11,ATM06,50.75
2023-11-12,ATM06,40.15
2023-11-13,ATM06,146.78
2023-11-14,ATM06,146.98
2023-11-15,ATM06,124.89
2023-11-16,ATM06,124.59
2023-11-17,ATM06,108.26
2023-11-18,ATM06,45.48
2023-11-19,ATM06,33.74
2023-11-20,ATM06,116.01
2023-11-21,ATM06,96.04
2023-11-22,ATM06,113.25
2023-11-23,ATM06,96.79
2023-11-24,ATM06,120.52
2023-11-25,ATM06,61.84
2023-11-26,ATM06,48.1
2023-11-27,ATM06,197.04
2023-11-28,ATM06,195.53
2023-11-29,ATM06,211.44
2023-11-30,ATM06,229.11
2023-12-01,ATM06,200.48
2023-12-02,ATM06,87.4
2023-12-03,ATM06,40.25
2023-12-04,ATM06,150.14
2023-12-05,ATM06,132.67
2023-12-06,ATM06,122.0
2023-12-07,ATM06,139.23
2023-12-08,ATM06,167.15
2023-12-09,ATM06,65.22
2023-12-10,ATM06,41.58
2023-12-11,ATM06,131.8
2023-12-12,ATM06,129.55
2023-12-13,ATM06,127.96
2023-12-14,ATM06,130.61
2023-12-15,ATM06,149.64
2023-12-16,ATM06,59.44
2023-12-17,ATM06,36.16
2023-12-18,ATM06,125.37
2023-12-19,ATM06,107.04
2023-12-20,ATM06,122.08
2023-12-21,ATM06,150.5
2023-12-22,ATM06,142.92
2023-12-23,ATM06,53.79
2023-12-24,ATM06,44.91
2023-12-25,ATM06,66.99
2023-12-26,ATM06,167.47
2023-12-27,ATM06,188.35
2023-12-28,ATM06,138.7
2023-12-29,ATM06,162.84
2023-12-30,ATM06,79.32
2023-12-31,ATM06,68.65
2024-01-01,ATM06,81.79
2024-01-02,ATM06,204.86
2024-01-03,ATM06,149.01
2024-01-04,ATM06,151.06
2024-01-05,ATM06,150.65
2024-01-06,ATM06,56.89
2024-01-07,ATM06,40.88
2024-01-08,ATM06,159.66
2024-01-09,ATM06,169.81
2024-01-10,ATM06,152.47
2024-01-11,ATM06,127.06
2024-01-12,ATM06,120.25
2024-01-13,ATM06,54.06
2024-01-14,ATM06,42.08
2024-01-15,ATM06,135.08
2024-01-16,ATM06,115.01
2024-01-17,ATM06,122.62
2024-01-18,ATM06,106.87
2024-01-19,ATM06,132.4
2024-01-20,ATM06,57.06
2024-01-21,ATM06,48.57
2024-01-22,ATM06,150.17
2024-01-23,ATM06,111.03
2024-01-24,ATM06,117.64
2024-01-25,ATM06,224.24
2024-01-26,ATM06,195.7
2024-01-27,ATM06,72.55
2024-01-28,ATM06,66.01
2024-01-29,ATM06,213.19
2024-01-30,ATM06,248.37
2024-01-31,ATM06,190.59
2024-02-01,ATM06,164.46
2024-02-02,ATM06,214.16
2024-02-03,ATM06,51.09
2024-02-04,ATM06,40.78
2024-02-05,ATM06,137.52
2024-02-06,ATM06,150.22
2024-02-07,ATM06,152.23
2024-02-08,ATM06,150.51
2024-02-09,ATM06,148.61
2024-02-10,ATM06,22.14
2024-02-11,ATM06,62.26
2024-02-12,ATM06,167.35
2024-02-13,ATM06,137.02
2024-02-14,ATM06,109.54
2024-02-15,ATM06,106.51
2024-02-16,ATM06,120.19
2024-02-17,ATM06,44.17
2024-02-18,ATM06,36.04
2024-02-19,ATM06,147.4
2024-02-20,ATM06,146.75
2024-02-21,ATM06,128.0
2024-02-22,ATM06,107.23
2024-02-23,ATM06,142.92
2024-02-24,ATM06,50.35
2024-02-25,ATM06,47.49
2024-02-26,ATM06,185.4
2024-02-27,ATM06,198.36
2024-02-28,ATM06,142.7
2024-02-29,ATM06,146.74
2024-03-01,ATM06,175.33
2024-03-02,ATM06,75.16
2024-03-03,ATM06,41.48
2024-03-04,ATM06,127.13
2024-03-05,ATM06,139.89
2024-03-06,ATM06,130.62
2024-03-07,ATM06,141.53
2024-03-08,ATM06,133.44
2024-03-09,ATM06,45.63
2024-03-10,ATM06,37.33
2024-03-11,ATM06,126.43
2024-03-12,ATM06,131.96
2024-03-13,ATM06,116.93
2024-03-14,ATM06,107.58
2024-03-15,ATM06,143.29
2024-03-16,ATM06,42.8
2024-03-17,ATM06,40.77
2024-03-18,ATM06,147.87
2024-03-19,ATM06,140.56
2024-03-20,ATM06,119.9
2024-03-21,ATM06,110.88
2024-03-22,ATM06,125.77
2024-03-23,ATM06,42.91
2024-03-24,ATM06,33.42
2024-03-25,ATM06,198.09
2024-03-26,ATM06,207.43
2024-03-27,ATM06,180.48
2024-03-28,ATM06,206.37
2024-03-29,ATM06,234.96
2024-03-30,ATM06,101.55
2024-03-31,ATM06,76.43
2024-04-01,ATM06,262.81
2024-04-02,ATM06,242.25
2024-04-03,ATM06,194.28
2024-04-04,ATM06,155.47
2024-04-05,ATM06,175.5
2024-04-06,ATM06,67.86
2024-04-07,ATM06,52.64
2024-04-08,ATM06,187.45
2024-04-09,ATM06,190.98
2024-04-10,ATM06,15.28
2024-04-11,ATM06,14.33
2024-04-12,ATM06,35.7
2024-04-13,ATM06,15.73
2024-04-14,ATM06,12.11
2024-04-15,ATM06,34.08
2024-04-16,ATM06,33.28
2024-04-17,ATM06,36.59
2024-04-18,ATM06,50.73
2024-04-19,ATM06,67.51
2024-04-20,ATM06,28.44
2024-04-21,ATM06,31.43
2024-04-22,ATM06,94.53
2024-04-23,ATM06,112.16
2024-04-24,ATM06,152.3
2024-04-25,ATM06,222.66
2024-04-26,ATM06,212.53
2024-04-27,ATM06,66.47
2024-04-28,ATM06,46.46
2024-04-29,ATM06,161.53
2024-04-30,ATM06,153.74
2024-05-01,ATM06,61.13
2024-05-02,ATM06,159.16
2024-05-03,ATM06,138.94
2024-05-04,ATM06,56.66
2024-05-05,ATM06,37.86
2024-05-06,ATM06,123.48
2024-05-07,ATM06,124.68
2024-05-08,ATM06,127.24
2024-05-09,ATM06,160.56
2024-05-10,ATM06,141.75
2024-05-11,ATM06,42.01
2024-05-12,ATM06,36.74
2024-05-13,ATM06,129.07
2024-05-14,ATM06,118.17
2024-05-15,ATM06,102.78
2024-05-16,ATM06,133.84
2024-05-17,ATM06,120.46
2024-05-18,ATM06,50.11
2024-05-19,ATM06,38.82
2024-05-20,ATM06,133.04
2024-05-21,ATM06,146.46
2024-05-22,ATM06,137.55
2024-05-23,ATM06,118.21
2024-05-24,ATM06,144.65
2024-05-25,ATM06,70.77
2024-05-26,ATM06,56.41
2024-05-27,ATM06,159.66
2024-05-28,ATM06,146.93
2024-05-29,ATM06,162.68
2024-05-30,ATM06,176.34
2024-05-31,ATM06,158.84
2024-06-01,ATM06,27.84
2024-06-02,ATM06,50.23
2024-06-03,ATM06,154.1
2024-06-04,ATM06,134.6
2024-06-05,ATM06,118.69
2024-06-06,ATM06,127.96
2024-06-07,ATM06,129.47
2024-06-08,ATM06,59.68
2024-06-09,ATM06,44.3
2024-06-10,ATM06,121.87
2024-06-11,ATM06,124.36
2024-06-12,ATM06,107.4
2024-06-13,ATM06,97.44
2024-06-14,ATM06,122.63
2024-06-15,ATM06,41.54
2024-06-16,ATM06,30.86
2024-06-17,ATM06,49.16
2024-06-18,ATM06,123.86
2024-06-19,ATM06,104.26
2024-06-20,ATM06,103.45
2024-06-21,ATM06,108.99
2024-06-22,ATM06,54.03
2024-06-23,ATM06,43.29
2024-06-24,ATM06,124.57
2024-06-25,ATM06,187.88
2024-06-26,ATM06,155.34
2024-06-27,ATM06,153.73
2024-06-28,ATM06,181.81
2024-06-29,ATM06,73.45
2024-06-30,ATM06,55.6
2024-07-01,ATM06,187.47
2024-07-02,ATM06,178.04
2024-07-03,ATM06,132.48
2024-07-04,ATM06,128.81
2024-07-05,ATM06,136.77
2024-07-06,ATM06,54.47
2024-07-07,ATM06,44.39
2024-07-08,ATM06,145.5
2024-07-09,ATM06,119.47
2024-07-10,ATM06,98.92
2024-07-11,ATM06,112.84
2024-07-12,ATM06,146.96
2024-07-13,ATM06,51.62
2024-07-14,ATM06,36.63
2024-07-15,ATM06,123.87
2024-07-16,ATM06,103.33
2024-07-17,ATM06,127.14
2024-07-18,ATM06,123.35
2024-07-19,ATM06,120.81
2024-07-20,ATM06,45.61
2024-07-21,ATM06,34.2
2024-07-22,ATM06,135.28
2024-07-23,ATM06,119.09
2024-07-24,ATM06,119.32
2024-07-25,ATM06,187.55
2024-07-26,ATM06,180.81
2024-07-27,ATM06,71.07
2024-07-28,ATM06,56.96
2024-07-29,ATM06,155.13
2024-07-30,ATM06,166.34
2024-07-31,ATM06,169.45
2024-08-01,ATM06,174.19
2024-08-02,ATM06,190.39
2024-08-03,ATM06,56.15
2024-08-04,ATM06,49.73
2024-08-05,ATM06,131.34
2024-08-06,ATM06,124.84
2024-08-07,ATM06,139.09
2024-08-08,ATM06,143.06
2024-08-09,ATM06,157.67
2024-08-10,ATM06,66.47
2024-08-11,ATM06,45.86
2024-08-12,ATM06,151.13
2024-08-13,ATM06,123.56
2024-08-14,ATM06,106.76
2024-08-15,ATM06,107.7
2024-08-16,ATM06,132.05
2024-08-17,ATM06,20.19
2024-08-18,ATM06,39.57
2024-08-19,ATM06,121.9
2024-08-20,ATM06,111.29
2024-08-21,ATM06,111.33
2024-08-22,ATM06,122.98
2024-08-23,ATM06,142.1
2024-08-24,ATM06,44.63
2024-08-25,ATM06,58.39
2024-08-26,ATM06,172.92
2024-08-27,ATM06,178.52
2024-08-28,ATM06,171.79
2024-08-29,ATM06,204.85
2024-08-30,ATM06,194.45
2024-08-31,ATM06,73.14
2024-09-01,ATM06,59.7
2024-09-02,ATM06,170.34
2024-09-03,ATM06,128.01
2024-09-04,ATM06,126.7
2024-09-05,ATM06,122.72
2024-09-06,ATM06,133.03
2024-09-07,ATM06,59.0
2024-09-08,ATM06,41.0
2024-09-09,ATM06,145.54
2024-09-10,ATM06,121.91
2024-09-11,ATM06,101.3
2024-09-12,ATM06,115.06
2024-09-13,ATM06,107.46
2024-09-14,ATM06,47.04
2024-09-15,ATM06,34.61
2024-09-16,ATM06,117.39
2024-09-17,ATM06,98.69
2024-09-18,ATM06,108.82
2024-09-19,ATM06,124.22
2024-09-20,ATM06,118.85
2024-09-21,ATM06,42.94
2024-09-22,ATM06,36.91
2024-09-23,ATM06,127.21
2024-09-24,ATM06,90.22
2024-09-25,ATM06,192.96
2024-09-26,ATM06,192.2
2024-09-27,ATM06,213.19
2024-09-28,ATM06,73.43
2024-09-29,ATM06,45.53
2024-09-30,ATM06,178.44
2024-10-01,ATM06,161.2
2024-10-02,ATM06,177.48
2024-10-03,ATM06,130.64
2024-10-04,ATM06,147.14
2024-10-05,ATM06,50.07
2024-10-06,ATM06,44.64
2024-10-07,ATM06,124.43
2024-10-08,ATM06,161.25
2024-10-09,ATM06,184.7
2024-10-10,ATM06,159.71
2024-10-11,ATM06,167.09
2024-10-12,ATM06,52.94
2024-10-13,ATM06,43.8
2024-10-14,ATM06,128.76
2024-10-15,ATM06,99.79
2024-10-16,ATM06,127.05
2024-10-17,ATM06,135.91
2024-10-18,ATM06,134.51
2024-10-19,ATM06,42.34
2024-10-20,ATM06,32.65
2024-10-21,ATM06,93.27
2024-10-22,ATM06,113.56
2024-10-23,ATM06,95.64
2024-10-24,ATM06,108.97
2024-10-25,ATM06,166.98
2024-10-26,ATM06,57.01
2024-10-27,ATM06,51.05
2024-10-28,ATM06,167.81
2024-10-29,ATM06,182.62
2024-10-30,ATM06,153.51
2024-10-31,ATM06,150.16
2024-11-01,ATM06,135.55
2024-11-02,ATM06,47.73
2024-11-03,ATM06,42.88
2024-11-04,ATM06,174.79
2024-11-05,ATM06,147.98
2024-11-06,ATM06,126.64
2024-11-07,ATM06,125.08
2024-11-08,ATM06,154.35
2024-11-09,ATM06,52.52
2024-11-10,ATM06,36.93
2024-11-11,ATM06,120.11
2024-11-12,ATM06,107.57
2024-11-13,ATM06,104.92
2024-11-14,ATM06,113.52
2024-11-15,ATM06,111.57
2024-11-16,ATM06,46.71
2024-11-17,ATM06,34.49
2024-11-18,ATM06,118.22
2024-11-19,ATM06,132.34
2024-11-20,ATM06,119.74
2024-11-21,ATM06,129.01
2024-11-22,ATM06,107.99
2024-11-23,ATM06,41.57
2024-11-24,ATM06,34.56
2024-11-25,ATM06,216.15
2024-11-26,ATM06,150.14
2024-11-27,ATM06,159.58
2024-11-28,ATM06,194.55
2024-11-29,ATM06,181.31
2024-11-30,ATM06,67.45
2024-12-01,ATM06,55.5
2024-12-02,ATM06,184.0
2024-12-03,ATM06,157.71
2024-12-04,ATM06,149.6
2024-12-05,ATM06,160.91
2024-12-06,ATM06,150.64
2024-12-07,ATM06,50.57
2024-12-08,ATM06,39.6
2024-12-09,ATM06,117.76
2024-12-10,ATM06,112.18
2024-12-11,ATM06,108.37
2024-12-12,ATM06,103.38
2024-12-13,ATM06,125.58
2024-12-14,ATM06,41.25
2024-12-15,ATM06,40.3
2024-12-16,ATM06,123.52
2024-12-17,ATM06,137.1
2024-12-18,ATM06,123.58
2024-12-19,ATM06,132.0
2024-12-20,ATM06,141.12
2024-12-21,ATM06,55.8
2024-12-22,ATM06,41.45
2024-12-23,ATM06,109.75
2024-12-24,ATM06,127.8
2024-12-25,ATM06,74.25
2024-12-26,ATM06,201.49
2024-12-27,ATM06,225.57
2024-12-28,ATM06,72.85
2024-12-29,ATM06,52.16
2024-12-30,ATM06,196.21
2024-12-31,ATM06,179.49
2025-01-01,ATM06,74.67
2025-01-02,ATM06,173.99
2025-01-03,ATM06,160.89
2025-01-04,ATM06,59.09
2025-01-05,ATM06,44.85
2025-01-06,ATM06,135.51
2025-01-07,ATM06,133.42
2025-01-08,ATM06,150.22
2025-01-09,ATM06,138.14
2025-01-10,ATM06,134.57
2025-01-11,ATM06,48.41
2025-01-12,ATM06,37.28
2025-01-13,ATM06,145.36
2025-01-14,ATM06,141.79
2025-01-15,ATM06,126.42
2025-01-16,ATM06,121.85
2025-01-17,ATM06,118.2
2025-01-18,ATM06,44.56
2025-01-19,ATM06,36.63
2025-01-20,ATM06,130.95
2025-01-21,ATM06,128.65
2025-01-22,ATM06,106.13
2025-01-23,ATM06,122.42
2025-01-24,ATM06,126.65
2025-01-25,ATM06,63.01
2025-01-26,ATM06,59.88
2025-01-27,ATM06,218.3
2025-01-28,ATM06,191.75
2025-01-29,ATM06,77.51
2025-01-30,ATM06,195.95
2025-01-31,ATM06,230.19
2025-02-01,ATM06,82.92
2025-02-02,ATM06,50.52
2025-02-03,ATM06,164.56
2025-02-04,ATM06,159.27
2025-02-05,ATM06,134.64
2025-02-06,ATM06,117.88
2025-02-07,ATM06,143.4
2025-02-08,ATM06,51.81
2025-02-09,ATM06,42.37
2025-02-10,ATM06,129.56
2025-02-11,ATM06,110.62
2025-02-12,ATM06,98.94
2025-02-13,ATM06,110.98
2025-02-14,ATM06,115.23
2025-02-15,ATM06,45.53
2025-02-16,ATM06,30.78
2025-02-17,ATM06,107.04
2025-02-18,ATM06,116.82
2025-02-19,ATM06,122.48
2025-02-20,ATM06,107.32
2025-02-21,ATM06,105.79
2025-02-22,ATM06,43.17
2025-02-23,ATM06,37.03
2025-02-24,ATM06,125.0
2025-02-25,ATM06,164.09
2025-02-26,ATM06,172.34
2025-02-27,ATM06,201.13
2025-02-28,ATM06,203.92
2025-03-01,ATM06,60.44
2025-03-02,ATM06,51.75
2025-03-03,ATM06,166.66
2025-03-04,ATM06,123.41
2025-03-05,ATM06,127.12
2025-03-06,ATM06,125.24
2025-03-07,ATM06,140.6
2025-03-08,ATM06,53.99
2025-03-09,ATM06,47.09
2025-03-10,ATM06,127.93
2025-03-11,ATM06,137.42
2025-03-12,ATM06,125.11
2025-03-13,ATM06,117.78
2025-03-14,ATM06,121.6
2025-03-15,ATM06,39.49
2025-03-16,ATM06,36.49
2025-03-17,ATM06,158.68
2025-03-18,ATM06,145.46
2025-03-19,ATM06,147.32
2025-03-20,ATM06,132.17
2025-03-21,ATM06,140.81
2025-03-22,ATM06,60.2
2025-03-23,ATM06,55.95
2025-03-24,ATM06,189.28
2025-03-25,ATM06,256.87
2025-03-26,ATM06,231.61
2025-03-27,ATM06,226.74
2025-03-28,ATM06,221.72
2025-03-29,ATM06,73.77
2025-03-30,ATM06,56.66
2025-03-31,ATM06,19.35
2025-04-01,ATM06,18.8
2025-04-02,ATM06,41.59
2025-04-03,ATM06,35.32
2025-04-04,ATM06,39.12
2025-04-05,ATM06,13.44
2025-04-06,ATM06,10.98
2025-04-07,ATM06,47.9
2025-04-08,ATM06,55.03
2025-04-09,ATM06,76.52
2025-04-10,ATM06,60.54
2025-04-11,ATM06,66.68
2025-04-12,ATM06,33.03
2025-04-13,ATM06,30.93
2025-04-14,ATM06,119.69
2025-04-15,ATM06,106.6
2025-04-16,ATM06,99.0
2025-04-17,ATM06,105.85
2025-04-18,ATM06,113.44
2025-04-19,ATM06,52.54
2025-04-20,ATM06,36.56
2025-04-21,ATM06,117.7
2025-04-22,ATM06,147.32
2025-04-23,ATM06,123.94
2025-04-24,ATM06,124.54
2025-04-25,ATM06,206.25
2025-04-26,ATM06,78.49
2025-04-27,ATM06,58.53
2025-04-28,ATM06,186.72
2025-04-29,ATM06,174.43
2025-04-30,ATM06,160.2
2025-05-01,ATM06,68.1
2025-05-02,ATM06,230.18
2025-05-03,ATM06,66.61
2025-05-04,ATM06,47.02
2025-05-05,ATM06,157.17
2025-05-06,ATM06,125.3
2025-05-07,ATM06,123.42
2025-05-08,ATM06,140.01
2025-05-09,ATM06,171.52
2025-05-10,ATM06,45.96
2025-05-11,ATM06,33.78
2025-05-12,ATM06,145.01
2025-05-13,ATM06,124.38
2025-05-14,ATM06,143.19
2025-05-15,ATM06,127.7
2025-05-16,ATM06,132.87
2025-05-17,ATM06,45.9
2025-05-18,ATM06,39.47
2025-05-19,ATM06,142.0
2025-05-20,ATM06,108.74
2025-05-21,ATM06,106.05
2025-05-22,ATM06,120.53
2025-05-23,ATM06,124.16
2025-05-24,ATM06,43.59
2025-05-25,ATM06,58.24
2025-05-26,ATM06,205.51
2025-05-27,ATM06,171.09
2025-05-28,ATM06,172.86
2025-05-29,ATM06,148.52
2025-05-30,ATM06,156.62
2025-05-31,ATM06,64.7
2025-06-01,ATM06,20.81
2025-06-02,ATM06,155.48
2025-06-03,ATM06,112.3
2025-06-04,ATM06,107.32
2025-06-05,ATM06,124.29
2025-06-06,ATM06,44.38
2025-06-07,ATM06,42.23
2025-06-08,ATM06,30.11
2025-06-09,ATM06,122.26
2025-06-10,ATM06,87.6
2025-06-11,ATM06,100.22
2025-06-12,ATM06,127.07
2025-06-13,ATM06,154.81
2025-06-14,ATM06,41.61
2025-06-15,ATM06,35.11
2025-06-16,ATM06,103.86
2025-06-17,ATM06,92.65
2025-06-18,ATM06,101.1
2025-06-19,ATM06,121.87
2025-06-20,ATM06,134.94
2025-06-21,ATM06,44.08
2025-06-22,ATM06,37.66
2025-06-23,ATM06,93.33
2025-06-24,ATM06,92.63
2025-06-25,ATM06,140.17
2025-06-26,ATM06,155.4
2025-06-27,ATM06,172.16
2025-06-28,ATM06,65.44
2025-06-29,ATM06,51.02
2025-06-30,ATM06,171.5
2025-07-01,ATM06,175.42
2025-07-02,ATM06,173.18
2025-07-03,ATM06,125.85
2025-07-04,ATM06,144.51
2025-07-05,ATM06,58.1
2025-07-06,ATM06,40.05
2025-07-07,ATM06,131.63
2025-07-08,ATM06,144.01
2025-07-09,ATM06,119.25
2025-07-10,ATM06,131.14
2025-07-11,ATM06,112.51
2025-07-12,ATM06,42.24
2025-07-13,ATM06,30.75
2025-07-14,ATM06,138.51
2025-07-15,ATM06,113.56
2025-07-16,ATM06,105.97
2025-07-17,ATM06,104.19
2025-07-18,ATM06,118.73
2025-07-19,ATM06,43.33
2025-07-20,ATM06,34.02
2025-07-21,ATM06,77.24
2025-07-22,ATM06,92.82
2025-07-23,ATM06,102.41
2025-07-24,ATM06,119.75
2025-07-25,ATM06,216.58
2025-07-26,ATM06,72.06
2025-07-27,ATM06,59.3
2025-07-28,ATM06,161.84
2025-07-29,ATM06,174.89
2025-07-30,ATM06,159.43
2025-07-31,ATM06,142.96
2025-08-01,ATM06,165.72
2025-08-02,ATM06,76.04
2025-08-03,ATM06,43.41
2025-08-04,ATM06,161.65
2025-08-05,ATM06,127.77
2025-08-06,ATM06,142.87
2025-08-07,ATM06,124.6
2025-08-08,ATM06,140.76
2025-08-09,ATM06,53.56
2025-08-10,ATM06,38.29
2025-08-11,ATM06,123.29
2025-08-12,ATM06,104.8
2025-08-13,ATM06,118.74
2025-08-14,ATM06,137.93
2025-08-15,ATM06,124.76
2025-08-16,ATM06,37.47
2025-08-17,ATM06,13.64
2025-08-18,ATM06,109.7
2025-08-19,ATM06,106.26
2025-08-20,ATM06,115.24
2025-08-21,ATM06,106.92
2025-08-22,ATM06,115.12
2025-08-23,ATM06,43.72
2025-08-24,ATM06,40.64
2025-08-25,ATM06,185.21
2025-08-26,ATM06,148.79
2025-08-27,ATM06,138.15
2025-08-28,ATM06,154.74
2025-08-29,ATM06,154.49
2025-08-30,ATM06,53.08
2025-08-31,ATM06,50.54
2025-09-01,ATM06,182.85
2025-09-02,ATM06,162.67
2025-09-03,ATM06,129.82
2025-09-04,ATM06,130.64
2025-09-05,ATM06,149.58
2025-09-06,ATM06,57.34
2025-09-07,ATM06,31.64
2025-09-08,ATM06,115.53
2025-09-09,ATM06,125.96
2025-09-10,ATM06,104.89
2025-09-11,ATM06,108.03
2025-09-12,ATM06,129.19
2025-09-13,ATM06,46.9
2025-09-14,ATM06,42.06
2025-09-15,ATM06,141.27
2025-09-16,ATM06,119.0
2025-09-17,ATM06,111.39
2025-09-18,ATM06,80.76
2025-09-19,ATM06,100.62
2025-09-20,ATM06,35.78
2025-09-21,ATM06,32.3
2025-09-22,ATM06,112.65
2025-09-23,ATM06,117.49
2025-09-24,ATM06,131.93
2025-09-25,ATM06,178.27
2025-09-26,ATM06,239.12
2025-09-27,ATM06,78.55
2025-09-28,ATM06,48.58
2025-09-29,ATM06,156.3
2025-09-30,ATM06,151.21
2025-10-01,ATM06,168.98
2025-10-02,ATM06,149.97
2025-10-03,ATM06,127.66
2025-10-04,ATM06,48.98
2025-10-05,ATM06,37.29
2025-10-06,ATM06,139.39
2025-10-07,ATM06,138.66
2025-10-08,ATM06,149.51
2025-10-09,ATM06,131.17
2025-10-10,ATM06,138.86
2025-10-11,ATM06,41.25
2025-10-12,ATM06,28.81
2025-10-13,ATM06,91.93
2025-10-14,ATM06,99.27
2025-10-15,ATM06,119.53
2025-10-16,ATM06,106.55
2025-10-17,ATM06,111.9
2025-10-18,ATM06,42.45
2025-10-19,ATM06,36.19
2025-10-20,ATM06,110.4
2025-10-21,ATM06,101.5
2025-10-22,ATM06,91.18
2025-10-23,ATM06,94.6
2025-10-24,ATM06,127.17
2025-10-25,ATM06,69.73
2025-10-26,ATM06,48.92
2025-10-27,ATM06,190.72
2025-10-28,ATM06,161.24
2025-10-29,ATM06,190.15
2025-10-30,ATM06,204.41
2025-10-31,ATM06,198.62
2025-11-01,ATM06,59.59
2025-11-02,ATM06,63.58
2025-11-03,ATM06,149.78
2025-11-04,ATM06,128.54
2025-11-05,ATM06,140.92
2025-11-06,ATM06,142.81
2025-11-07,ATM06,167.58
2025-11-08,ATM06,52.26
2025-11-09,ATM06,41.67
2025-11-10,ATM06,102.04
2025-11-11,ATM06,111.62
2025-11-12,ATM06,109.9
2025-11-13,ATM06,112.84
2025-11-14,ATM06,118.84
2025-11-15,ATM06,43.36
2025-11-16,ATM06,31.12
2025-11-17,ATM06,118.36
2025-11-18,ATM06,130.58
2025-11-19,ATM06,111.16
2025-11-20,ATM06,116.82
2025-11-21,ATM06,128.57
2025-11-22,ATM06,46.2
2025-11-23,ATM06,29.77
2025-11-24,ATM06,92.13
2025-11-25,ATM06,136.24
2025-11-26,ATM06,118.93
2025-11-27,ATM06,165.26
2025-11-28,ATM06,186.43
2025-11-29,ATM06,67.93
2025-11-30,ATM06,41.12
2025-12-01,ATM06,125.66
2025-12-02,ATM06,142.13
2025-12-03,ATM06,145.98
2025-12-04,ATM06,124.13
2025-12-05,ATM06,149.49
2025-12-06,ATM06,50.55
2025-12-07,ATM06,39.8
2025-12-08,ATM06,149.38
2025-12-09,ATM06,127.76
2025-12-10,ATM06,101.71
2025-12-11,ATM06,123.25
2025-12-12,ATM06,126.05
2025-12-13,ATM06,51.51
2025-12-14,ATM06,34.25
2025-12-15,ATM06,142.53
2025-12-16,ATM06,129.3
2025-12-17,ATM06,128.51
2025-12-18,ATM06,123.94
2025-12-19,ATM06,124.01
2025-12-20,ATM06,47.28
2025-12-21,ATM06,35.29
2025-12-22,ATM06,132.79
2025-12-23,ATM06,118.79
2025-12-24,ATM06,99.97
2025-12-25,ATM06,54.4
2025-12-26,ATM06,141.22
2025-12-27,ATM06,67.03
2025-12-28,ATM06,47.71
2025-12-29,ATM06,176.7
2025-12-30,ATM06,175.18
2025-12-31,ATM06,174.12
2022-01-01,ATM07,45.19
2022-01-02,ATM07,92.07
2022-01-03,ATM07,270.7
2022-01-04,ATM07,278.99
2022-01-05,ATM07,206.28
2022-01-06,ATM07,201.3
2022-01-07,ATM07,189.98
2022-01-08,ATM07,93.72
2022-01-09,ATM07,77.99
2022-01-10,ATM07,213.55
2022-01-11,ATM07,196.36
2022-01-12,ATM07,220.46
2022-01-13,ATM07,227.96
2022-01-14,ATM07,250.96
2022-01-15,ATM07,87.47
2022-01-16,ATM07,60.25
2022-01-17,ATM07,211.88
2022-01-18,ATM07,210.09
2022-01-19,ATM07,191.12
2022-01-20,ATM07,179.94
2022-01-21,ATM07,224.91
2022-01-22,ATM07,95.06
2022-01-23,ATM07,59.83
2022-01-24,ATM07,188.51
2022-01-25,ATM07,283.96
2022-01-26,ATM07,294.59
2022-01-27,ATM07,268.03
2022-01-28,ATM07,365.1
2022-01-29,ATM07,128.83
2022-01-30,ATM07,98.66
2022-01-31,ATM07,368.46
2022-02-01,ATM07,117.13
2022-02-02,ATM07,280.28
2022-02-03,ATM07,185.34
2022-02-04,ATM07,213.04
2022-02-05,ATM07,70.76
2022-02-06,ATM07,66.64
2022-02-07,ATM07,230.2
2022-02-08,ATM07,208.57
2022-02-09,ATM07,207.52
2022-02-10,ATM07,197.94
2022-02-11,ATM07,182.7
2022-02-12,ATM07,73.64
2022-02-13,ATM07,62.47
2022-02-14,ATM07,162.45
2022-02-15,ATM07,183.45
2022-02-16,ATM07,152.5
2022-02-17,ATM07,166.52
2022-02-18,ATM07,168.45
2022-02-19,ATM07,81.22
2022-02-20,ATM07,53.21
2022-02-21,ATM07,153.28
2022-02-22,ATM07,168.13
2022-02-23,ATM07,168.37
2022-02-24,ATM07,149.41
2022-02-25,ATM07,289.67
2022-02-26,ATM07,88.88
2022-02-27,ATM07,70.15
2022-02-28,ATM07,244.08
2022-03-01,ATM07,278.74
2022-03-02,ATM07,318.7
2022-03-03,ATM07,254.06
2022-03-04,ATM07,245.66
2022-03-05,ATM07,67.94
2022-03-06,ATM07,62.82
2022-03-07,ATM07,251.22
2022-03-08,ATM07,255.75
2022-03-09,ATM07,241.63
2022-03-10,ATM07,170.76
2022-03-11,ATM07,182.54
2022-03-12,ATM07,88.89
2022-03-13,ATM07,53.79
2022-03-14,ATM07,162.59
2022-03-15,ATM07,188.5
2022-03-16,ATM07,176.71
2022-03-17,ATM07,158.03
2022-03-18,ATM07,220.87
2022-03-19,ATM07,82.33
2022-03-20,ATM07,58.21
2022-03-21,ATM07,168.44
2022-03-22,ATM07,216.19
2022-03-23,ATM07,196.47
2022-03-24,ATM07,220.04
2022-03-25,ATM07,358.45
2022-03-26,ATM07,114.81
2022-03-27,ATM07,83.25
2022-03-28,ATM07,328.76
2022-03-29,ATM07,342.19
2022-03-30,ATM07,246.16
2022-03-31,ATM07,277.18
2022-04-01,ATM07,296.25
2022-04-02,ATM07,99.56
2022-04-03,ATM07,65.16
2022-04-04,ATM07,186.98
2022-04-05,ATM07,185.43
2022-04-06,ATM07,181.71
2022-04-07,ATM07,186.06
2022-04-08,ATM07,215.03
2022-04-09,ATM07,74.59
2022-04-10,ATM07,64.75
2022-04-11,ATM07,214.39
2022-04-12,ATM07,239.25
2022-04-13,ATM07,208.37
2022-04-14,ATM07,188.99
2022-04-15,ATM07,256.16
2022-04-16,ATM07,82.5
2022-04-17,ATM07,63.06
2022-04-18,ATM07,228.51
2022-04-19,ATM07,185.44
2022-04-20,ATM07,214.84
2022-04-21,ATM07,227.87
2022-04-22,ATM07,277.1
2022-04-23,ATM07,105.34
2022-04-24,ATM07,86.8
2022-04-25,ATM07,378.37
2022-04-26,ATM07,317.27
2022-04-27,ATM07,417.26
2022-04-28,ATM07,318.35
2022-04-29,ATM07,312.78
2022-04-30,ATM07,140.15
2022-05-01,ATM07,53.4
2022-05-02,ATM07,37.69
2022-05-03,ATM07,29.25
2022-05-04,ATM07,53.96
2022-05-05,ATM07,55.47
2022-05-06,ATM07,52.68
2022-05-07,ATM07,24.85
2022-05-08,ATM07,16.59
2022-05-09,ATM07,67.69
2022-05-10,ATM07,82.58
2022-05-11,ATM07,112.59
2022-05-12,ATM07,121.2
2022-05-13,ATM07,157.43
2022-05-14,ATM07,67.25
2022-05-15,ATM07,53.68
2022-05-16,ATM07,169.66
2022-05-17,ATM07,183.68
2022-05-18,ATM07,195.22
2022-05-19,ATM07,206.94
2022-05-20,ATM07,217.36
2022-05-21,ATM07,68.09
2022-05-22,ATM07,59.91
2022-05-23,ATM07,192.85
2022-05-24,ATM07,173.33
2022-05-25,ATM07,258.08
2022-05-26,ATM07,246.25
2022-05-27,ATM07,312.91
2022-05-28,ATM07,97.5
2022-05-29,ATM07,73.11
2022-05-30,ATM07,254.18
2022-05-31,ATM07,308.79
2022-06-01,ATM07,129.33
2022-06-02,ATM07,245.38
2022-06-03,ATM07,251.91
2022-06-04,ATM07,103.57
2022-06-05,ATM07,63.6
2022-06-06,ATM07,162.01
2022-06-07,ATM07,180.91
2022-06-08,ATM07,221.19
2022-06-09,ATM07,254.93
2022-06-10,ATM07,196.61
2022-06-11,ATM07,89.63
2022-06-12,ATM07,49.13
2022-06-13,ATM07,169.2
2022-06-14,ATM07,164.4
2022-06-15,ATM07,196.76
2022-06-16,ATM07,216.77
2022-06-17,ATM07,237.82
2022-06-18,ATM07,69.38
2022-06-19,ATM07,61.48
2022-06-20,ATM07,206.05
2022-06-21,ATM07,156.44
2022-06-22,ATM07,134.98
2022-06-23,ATM07,177.72
2022-06-24,ATM07,191.9
2022-06-25,ATM07,95.14
2022-06-26,ATM07,78.7
2022-06-27,ATM07,283.12
2022-06-28,ATM07,268.53
2022-06-29,ATM07,227.58
2022-06-30,ATM07,308.32
2022-07-01,ATM07,349.94
2022-07-02,ATM07,115.28
2022-07-03,ATM07,65.13
2022-07-04,ATM07,224.45
2022-07-05,ATM07,186.2
2022-07-06,ATM07,204.88
2022-07-07,ATM07,178.31
2022-07-08,ATM07,209.89
2022-07-09,ATM07,72.18
2022-07-10,ATM07,18.88
2022-07-11,ATM07,207.07
2022-07-12,ATM07,189.43
2022-07-13,ATM07,188.71
2022-07-14,ATM07,147.58
2022-07-15,ATM07,168.39
2022-07-16,ATM07,72.39
2022-07-17,ATM07,58.13
2022-07-18,ATM07,149.66
2022-07-19,ATM07,166.3
2022-07-20,ATM07,181.04
2022-07-21,ATM07,208.05
2022-07-22,ATM07,195.2
2022-07-23,ATM07,57.44
2022-07-24,ATM07,45.94
2022-07-25,ATM07,226.72
2022-07-26,ATM07,265.49
2022-07-27,ATM07,198.88
2022-07-28,ATM07,224.11
2022-07-29,ATM07,317.04
2022-07-30,ATM07,114.32
2022-07-31,ATM07,96.33
2022-08-01,ATM07,248.19
2022-08-02,ATM07,213.72
2022-08-03,ATM07,218.31
2022-08-04,ATM07,214.44
2022-08-05,ATM07,232.09
2022-08-06,ATM07,75.82
2022-08-07,ATM07,63.37
2022-08-08,ATM07,187.49
2022-08-09,ATM07,221.11
2022-08-10,ATM07,250.28
2022-08-11,ATM07,220.16
2022-08-12,ATM07,200.44
2022-08-13,ATM07,56.23
2022-08-14,ATM07,42.13
2022-08-15,ATM07,194.4
2022-08-16,ATM07,163.03
2022-08-17,ATM07,66.08
2022-08-18,ATM07,186.02
2022-08-19,ATM07,234.44
2022-08-20,ATM07,77.97
2022-08-21,ATM07,56.16
2022-08-22,ATM07,187.86
2022-08-23,ATM07,167.72
2022-08-24,ATM07,163.55
2022-08-25,ATM07,270.33
2022-08-26,ATM07,300.47
2022-08-27,ATM07,140.75
2022-08-28,ATM07,100.43
2022-08-29,ATM07,343.3
2022-08-30,ATM07,261.76
2022-08-31,ATM07,281.73
2022-09-01,ATM07,253.83
2022-09-02,ATM07,298.79
2022-09-03,ATM07,91.8
2022-09-04,ATM07,68.57
2022-09-05,ATM07,286.72
2022-09-06,ATM07,274.45
2022-09-07,ATM07,267.05
2022-09-08,ATM07,252.06
2022-09-09,ATM07,299.02
2022-09-10,ATM07,71.21
2022-09-11,ATM07,65.47
2022-09-12,ATM07,178.85
2022-09-13,ATM07,165.0
2022-09-14,ATM07,183.73
2022-09-15,ATM07,207.62
2022-09-16,ATM07,184.03
2022-09-17,ATM07,67.45
2022-09-18,ATM07,55.52
2022-09-19,ATM07,181.37
2022-09-20,ATM07,194.0
2022-09-21,ATM07,271.01
2022-09-22,ATM07,226.03
2022-09-23,ATM07,200.13
2022-09-24,ATM07,64.23
2022-09-25,ATM07,77.73
2022-09-26,ATM07,242.66
2022-09-27,ATM07,264.8
2022-09-28,ATM07,280.48
2022-09-29,ATM07,260.26
2022-09-30,ATM07,359.33
2022-10-01,ATM07,111.07
2022-10-02,ATM07,84.74
2022-10-03,ATM07,230.01
2022-10-04,ATM07,233.94
2022-10-05,ATM07,250.89
2022-10-06,ATM07,235.82
2022-10-07,ATM07,267.9
2022-10-08,ATM07,84.71
2022-10-09,ATM07,72.62
2022-10-10,ATM07,216.44
2022-10-11,ATM07,225.59
2022-10-12,ATM07,165.23
2022-10-13,ATM07,156.17
2022-10-14,ATM07,200.9
2022-10-15,ATM07,55.36
2022-10-16,ATM07,52.97
2022-10-17,ATM07,203.34
2022-10-18,ATM07,174.24
2022-10-19,ATM07,168.5
2022-10-20,ATM07,154.62
2022-10-21,ATM07,172.44
2022-10-22,ATM07,65.51
2022-10-23,ATM07,50.19
2022-10-24,ATM07,162.8
2022-10-25,ATM07,244.45
2022-10-26,ATM07,249.16
2022-10-27,ATM07,318.59
2022-10-28,ATM07,302.46
2022-10-29,ATM07,115.56
2022-10-30,ATM07,81.9
2022-10-31,ATM07,257.69
2022-11-01,ATM07,213.82
2022-11-02,ATM07,203.51
2022-11-03,ATM07,158.83
2022-11-04,ATM07,203.52
2022-11-05,ATM07,90.51
2022-11-06,ATM07,55.47
2022-11-07,ATM07,187.61
2022-11-08,ATM07,166.15
2022-11-09,ATM07,181.18
2022-11-10,ATM07,189.81
2022-11-11,ATM07,190.44
2022-11-12,ATM07,71.86
2022-11-13,ATM07,66.12
2022-11-14,ATM07,209.95
2022-11-15,ATM07,172.95
2022-11-16,ATM07,178.9
2022-11-17,ATM07,162.95
2022-11-18,ATM07,195.52
2022-11-19,ATM07,77.33
2022-11-20,ATM07,50.08
2022-11-21,ATM07,179.53
2022-11-22,ATM07,172.92
2022-11-23,ATM07,186.56
2022-11-24,ATM07,199.22
2022-11-25,ATM07,322.94
2022-11-26,ATM07,110.66
2022-11-27,ATM07,94.68
2022-11-28,ATM07,266.2
2022-11-29,ATM07,225.97
2022-11-30,ATM07,174.23
2022-12-01,ATM07,218.57
2022-12-02,ATM07,243.09
2022-12-03,ATM07,80.61
2022-12-04,ATM07,51.52
2022-12-05,ATM07,179.24
2022-12-06,ATM07,198.91
2022-12-07,ATM07,180.31
2022-12-08,ATM07,202.09
2022-12-09,ATM07,208.66
2022-12-10,ATM07,70.31
2022-12-11,ATM07,59.47
2022-12-12,ATM07,211.04
2022-12-13,ATM07,190.1
2022-12-14,ATM07,167.46
2022-12-15,ATM07,177.64
2022-12-16,ATM07,216.82
2022-12-17,ATM07,71.26
2022-12-18,ATM07,57.3
2022-12-19,ATM07,186.79
2022-12-20,ATM07,183.65
2022-12-21,ATM07,168.29
2022-12-22,ATM07,147.47
2022-12-23,ATM07,196.79
2022-12-24,ATM07,84.83
2022-12-25,ATM07,31.13
2022-12-26,ATM07,291.01
2022-12-27,ATM07,319.14
2022-12-28,ATM07,321.67
2022-12-29,ATM07,288.77
2022-12-30,ATM07,283.18
2022-12-31,ATM07,113.29
2023-01-01,ATM07,34.22
2023-01-02,ATM07,282.37
2023-01-03,ATM07,201.28
2023-01-04,ATM07,179.94
2023-01-05,ATM07,201.88
2023-01-06,ATM07,233.16
2023-01-07,ATM07,87.08
2023-01-08,ATM07,66.93
2023-01-09,ATM07,259.94
2023-01-10,ATM07,180.91
2023-01-11,ATM07,205.89
2023-01-12,ATM07,174.83
2023-01-13,ATM07,217.0
2023-01-14,ATM07,87.43
2023-01-15,ATM07,59.37
2023-01-16,ATM07,227.51
2023-01-17,ATM07,204.55
2023-01-18,ATM07,171.53
2023-01-19,ATM07,167.48
2023-01-20,ATM07,213.32
2023-01-21,ATM07,83.81
2023-01-22,ATM07,21.41
2023-01-23,ATM07,178.07
2023-01-24,ATM07,177.85
2023-01-25,ATM07,251.53
2023-01-26,ATM07,335.71
2023-01-27,ATM07,330.11
2023-01-28,ATM07,114.36
2023-01-29,ATM07,98.5
2023-01-30,ATM07,285.54
2023-01-31,ATM07,300.21
2023-02-01,ATM07,233.39
2023-02-02,ATM07,238.15
2023-02-03,ATM07,237.11
2023-02-04,ATM07,101.84
2023-02-05,ATM07,65.06
2023-02-06,ATM07,193.15
2023-02-07,ATM07,207.19
2023-02-08,ATM07,191.37
2023-02-09,ATM07,191.98
2023-02-10,ATM07,206.84
2023-02-11,ATM07,70.25
2023-02-12,ATM07,44.69
2023-02-13,ATM07,144.32
2023-02-14,ATM07,158.21
2023-02-15,ATM07,136.88
2023-02-16,ATM07,152.35
2023-02-17,ATM07,154.61
2023-02-18,ATM07,78.33
2023-02-19,ATM07,73.91
2023-02-20,ATM07,185.8
2023-02-21,ATM07,182.06
2023-02-22,ATM07,160.97
2023-02-23,ATM07,163.6
2023-02-24,ATM07,226.8
2023-02-25,ATM07,110.69
2023-02-26,ATM07,82.38
2023-02-27,ATM07,246.87
2023-02-28,ATM07,285.05
2023-03-01,ATM07,191.0
2023-03-02,ATM07,217.53
2023-03-03,ATM07,201.49
2023-03-04,ATM07,73.93
2023-03-05,ATM07,67.33
2023-03-06,ATM07,246.53
2023-03-07,ATM07,185.69
2023-03-08,ATM07,245.22
2023-03-09,ATM07,188.74
2023-03-10,ATM07,214.45
2023-03-11,ATM07,76.95
2023-03-12,ATM07,54.6
2023-03-13,ATM07,173.92
2023-03-14,ATM07,170.97
2023-03-15,ATM07,177.74
2023-03-16,ATM07,159.75
2023-03-17,ATM07,179.12
2023-03-18,ATM07,64.1
2023-03-19,ATM07,46.49
2023-03-20,ATM07,154.62
2023-03-21,ATM07,143.36
2023-03-22,ATM07,153.17
2023-03-23,ATM07,173.31
2023-03-24,ATM07,193.12
2023-03-25,ATM07,134.47
2023-03-26,ATM07,72.65
2023-03-27,ATM07,272.06
2023-03-28,ATM07,262.29
2023-03-29,ATM07,287.71
2023-03-30,ATM07,296.66
2023-03-31,ATM07,297.79
2023-04-01,ATM07,113.22
2023-04-02,ATM07,80.72
2023-04-03,ATM07,228.72
2023-04-04,ATM07,176.64
2023-04-05,ATM07,216.42
2023-04-06,ATM07,218.72
2023-04-07,ATM07,229.42
2023-04-08,ATM07,87.53
2023-04-09,ATM07,69.65
2023-04-10,ATM07,237.58
2023-04-11,ATM07,306.59
2023-04-12,ATM07,282.98
2023-04-13,ATM07,225.76
2023-04-14,ATM07,255.39
2023-04-15,ATM07,98.44
2023-04-16,ATM07,65.43
2023-04-17,ATM07,194.26
2023-04-18,ATM07,203.77
2023-04-19,ATM07,235.2
2023-04-20,ATM07,193.42
2023-04-21,ATM07,214.4
2023-04-22,ATM07,8.57
2023-04-23,ATM07,6.71
2023-04-24,ATM07,64.33
2023-04-25,ATM07,72.48
2023-04-26,ATM07,98.34
2023-04-27,ATM07,73.53
2023-04-28,ATM07,66.68
2023-04-29,ATM07,36.91
2023-04-30,ATM07,33.2
2023-05-01,ATM07,56.77
2023-05-02,ATM07,163.03
2023-05-03,ATM07,142.37
2023-05-04,ATM07,148.57
2023-05-05,ATM07,199.9
2023-05-06,ATM07,79.44
2023-05-07,ATM07,71.16
2023-05-08,ATM07,216.3
2023-05-09,ATM07,183.26
2023-05-10,ATM07,139.35
2023-05-11,ATM07,154.97
2023-05-12,ATM07,157.17
2023-05-13,ATM07,56.53
2023-05-14,ATM07,53.04
2023-05-15,ATM07,147.16
2023-05-16,ATM07,185.26
2023-05-17,ATM07,182.65
2023-05-18,ATM07,177.45
2023-05-19,ATM07,171.35
2023-05-20,ATM07,74.13
2023-05-21,ATM07,56.51
2023-05-22,ATM07,170.66
2023-05-23,ATM07,173.24
2023-05-24,ATM07,144.65
2023-05-25,ATM07,201.09
2023-05-26,ATM07,224.34
2023-05-27,ATM07,99.89
2023-05-28,ATM07,80.73
2023-05-29,ATM07,302.98
2023-05-30,ATM07,247.75
2023-05-31,ATM07,272.11
2023-06-01,ATM07,105.25
2023-06-02,ATM07,258.07
2023-06-03,ATM07,81.85
2023-06-04,ATM07,63.31
2023-06-05,ATM07,195.04
2023-06-06,ATM07,195.09
2023-06-07,ATM07,195.33
2023-06-08,ATM07,194.91
2023-06-09,ATM07,206.44
2023-06-10,ATM07,60.22
2023-06-11,ATM07,51.84
2023-06-12,ATM07,161.88
2023-06-13,ATM07,147.75
2023-06-14,ATM07,157.61
2023-06-15,ATM07,180.61
2023-06-16,ATM07,197.21
2023-06-17,ATM07,68.37
2023-06-18,ATM07,51.1
2023-06-19,ATM07,188.34
2023-06-20,ATM07,135.89
2023-06-21,ATM07,170.08
2023-06-22,ATM07,140.24
2023-06-23,ATM07,147.51
2023-06-24,ATM07,60.09
2023-06-25,ATM07,97.74
2023-06-26,ATM07,353.28
2023-06-27,ATM07,316.99
2023-06-28,ATM07,296.35
2023-06-29,ATM07,90.09
2023-06-30,ATM07,271.15
2023-07-01,ATM07,98.34
2023-07-02,ATM07,73.16
2023-07-03,ATM07,201.0
2023-07-04,ATM07,186.61
2023-07-05,ATM07,213.36
2023-07-06,ATM07,166.44
2023-07-07,ATM07,202.56
2023-07-08,ATM07,71.84
2023-07-09,ATM07,57.37
2023-07-10,ATM07,179.44
2023-07-11,ATM07,152.87
2023-07-12,ATM07,167.07
2023-07-13,ATM07,166.82
2023-07-14,ATM07,173.1
2023-07-15,ATM07,64.8
2023-07-16,ATM07,52.14
2023-07-17,ATM07,162.61
2023-07-18,ATM07,165.43
2023-07-19,ATM07,164.83
2023-07-20,ATM07,158.62
2023-07-21,ATM07,216.67
2023-07-22,ATM07,79.0
2023-07-23,ATM07,55.57
2023-07-24,ATM07,184.95
2023-07-25,ATM07,234.59
2023-07-26,ATM07,236.8
2023-07-27,ATM07,240.86
2023-07-28,ATM07,239.1
2023-07-29,ATM07,102.85
2023-07-30,ATM07,77.13
2023-07-31,ATM07,253.43
2023-08-01,ATM07,236.78
2023-08-02,ATM07,345.35
2023-08-03,ATM07,210.66
2023-08-04,ATM07,177.62
2023-08-05,ATM07,62.45
2023-08-06,ATM07,61.17
2023-08-07,ATM07,237.53
2023-08-08,ATM07,196.18
2023-08-09,ATM07,227.82
2023-08-10,ATM07,199.72
2023-08-11,ATM07,197.38
2023-08-12,ATM07,70.24
2023-08-13,ATM07,56.01
2023-08-14,ATM07,200.93
2023-08-15,ATM07,189.64
2023-08-16,ATM07,167.49
2023-08-17,ATM07,66.95
2023-08-18,ATM07,231.36
2023-08-19,ATM07,79.79
2023-08-20,ATM07,63.96
2023-08-21,ATM07,205.43
2023-08-22,ATM07,188.87
2023-08-23,ATM07,182.2
2023-08-24,ATM07,195.51
2023-08-25,ATM07,323.79
2023-08-26,ATM07,116.12
2023-08-27,ATM07,79.66
2023-08-28,ATM07,278.54
2023-08-29,ATM07,260.67
2023-08-30,ATM07,251.34
2023-08-31,ATM07,343.41
2023-09-01,ATM07,271.07
2023-09-02,ATM07,115.66
2023-09-03,ATM07,59.82
2023-09-04,ATM07,205.64
2023-09-05,ATM07,262.46
2023-09-06,ATM07,202.64
2023-09-07,ATM07,185.15
2023-09-08,ATM07,209.61
2023-09-09,ATM07,72.95
2023-09-10,ATM07,57.71
2023-09-11,ATM07,174.08
2023-09-12,ATM07,182.59
2023-09-13,ATM07,153.01
2023-09-14,ATM07,134.07
2023-09-15,ATM07,163.93
2023-09-16,ATM07,55.84
2023-09-17,ATM07,58.41
2023-09-18,ATM07,156.81
2023-09-19,ATM07,144.57
2023-09-20,ATM07,166.79
2023-09-21,ATM07,159.34
2023-09-22,ATM07,153.69
2023-09-23,ATM07,80.64
2023-09-24,ATM07,52.21
2023-09-25,ATM07,258.86
2023-09-26,ATM07,247.91
2023-09-27,ATM07,274.43
2023-09-28,ATM07,279.53
2023-09-29,ATM07,266.81
2023-09-30,ATM07,99.55
2023-10-01,ATM07,78.09
2023-10-02,ATM07,286.74
2023-10-03,ATM07,179.02
2023-10-04,ATM07,236.4
2023-10-05,ATM07,197.37
2023-10-06,ATM07,215.59
2023-10-07,ATM07,71.27
2023-10-08,ATM07,51.58
2023-10-09,ATM07,171.89
2023-10-10,ATM07,142.36
2023-10-11,ATM07,151.05
2023-10-12,ATM07,145.77
2023-10-13,ATM07,188.15
2023-10-14,ATM07,64.67
2023-10-15,ATM07,47.78
2023-10-16,ATM07,162.09
2023-10-17,ATM07,183.17
2023-10-18,ATM07,181.24
2023-10-19,ATM07,174.23
2023-10-20,ATM07,161.24
2023-10-21,ATM07,57.97
2023-10-22,ATM07,43.58
2023-10-23,ATM07,187.42
2023-10-24,ATM07,185.77
2023-10-25,ATM07,242.94
2023-10-26,ATM07,235.98
2023-10-27,ATM07,246.88
2023-10-28,ATM07,90.24
2023-10-29,ATM07,80.46
2023-10-30,ATM07,258.9
2023-10-31,ATM07,318.33
2023-11-01,ATM07,325.26
2023-11-02,ATM07,330.55
2023-11-03,ATM07,259.59
2023-11-04,ATM07,83.89
2023-11-05,ATM07,68.27
2023-11-06,ATM07,206.28
2023-11-07,ATM07,236.21
2023-11-08,ATM07,223.8
2023-11-09,ATM07,215.04
2023-11-10,ATM07,197.38
2023-11-11,ATM07,87.09
2023-11-12,ATM07,51.4
2023-11-13,ATM07,213.75
2023-11-14,ATM07,181.93
2023-11-15,ATM07,150.94
2023-11-16,ATM07,149.11
2023-11-17,ATM07,146.54
2023-11-18,ATM07,67.56
2023-11-19,ATM07,47.87
2023-11-20,ATM07,172.21
2023-11-21,ATM07,190.8
2023-11-22,ATM07,167.11
2023-11-23,ATM07,164.57
2023-11-24,ATM07,159.1
2023-11-25,ATM07,93.73
2023-11-26,ATM07,103.1
2023-11-27,ATM07,324.94
2023-11-28,ATM07,271.97
2023-11-29,ATM07,246.51
2023-11-30,ATM07,251.06
2023-12-01,ATM07,281.43
2023-12-02,ATM07,100.57
2023-12-03,ATM07,65.13
2023-12-04,ATM07,188.67
2023-12-05,ATM07,170.41
2023-12-06,ATM07,192.19
2023-12-07,ATM07,171.28
2023-12-08,ATM07,218.58
2023-12-09,ATM07,81.05
2023-12-10,ATM07,44.67
2023-12-11,ATM07,165.67
2023-12-12,ATM07,137.35
2023-12-13,ATM07,167.29
2023-12-14,ATM07,164.81
2023-12-15,ATM07,242.97
2023-12-16,ATM07,92.5
2023-12-17,ATM07,57.29
2023-12-18,ATM07,152.85
2023-12-19,ATM07,153.01
2023-12-20,ATM07,148.36
2023-12-21,ATM07,204.56
2023-12-22,ATM07,210.7
2023-12-23,ATM07,85.41
2023-12-24,ATM07,60.17
2023-12-25,ATM07,114.76
2023-12-26,ATM07,274.77
2023-12-27,ATM07,311.61
2023-12-28,ATM07,302.14
2023-12-29,ATM07,279.6
2023-12-30,ATM07,130.74
2023-12-31,ATM07,90.96
2024-01-01,ATM07,103.41
2024-01-02,ATM07,184.69
2024-01-03,ATM07,181.75
2024-01-04,ATM07,191.76
2024-01-05,ATM07,214.26
2024-01-06,ATM07,76.85
2024-01-07,ATM07,57.48
2024-01-08,ATM07,189.8
2024-01-09,ATM07,199.4
2024-01-10,ATM07,184.39
2024-01-11,ATM07,172.25
2024-01-12,ATM07,207.48
2024-01-13,ATM07,72.65
2024-01-14,ATM07,52.28
2024-01-15,ATM07,179.21
2024-01-16,ATM07,147.19
2024-01-17,ATM07,163.73
2024-01-18,ATM07,141.29
2024-01-19,ATM07,152.64
2024-01-20,ATM07,51.1
2024-01-21,ATM07,46.25
2024-01-22,ATM07,198.0
2024-01-23,ATM07,176.41
2024-01-24,ATM07,185.77
2024-01-25,ATM07,344.17
2024-01-26,ATM07,333.22
2024-01-27,ATM07,104.13
2024-01-28,ATM07,75.74
2024-01-29,ATM07,258.73
2024-01-30,ATM07,234.89
2024-01-31,ATM07,231.31
2024-02-01,ATM07,272.21
2024-02-02,ATM07,320.95
2024-02-03,ATM07,71.21
2024-02-04,ATM07,53.99
2024-02-05,ATM07,182.33
2024-02-06,ATM07,198.46
2024-02-07,ATM07,223.31
2024-02-08,ATM07,279.51
2024-02-09,ATM07,238.07
2024-02-10,ATM07,27.93
2024-02-11,ATM07,57.83
2024-02-12,ATM07,169.94
2024-02-13,ATM07,164.07
2024-02-14,ATM07,159.85
2024-02-15,ATM07,123.93
2024-02-16,ATM07,163.06
2024-02-17,ATM07,64.32
2024-02-18,ATM07,60.05
2024-02-19,ATM07,186.36
2024-02-20,ATM07,151.24
2024-02-21,ATM07,156.72
2024-02-22,ATM07,130.16
2024-02-23,ATM07,143.89
2024-02-24,ATM07,66.5
2024-02-25,ATM07,77.34
2024-02-26,ATM07,288.6
2024-02-27,ATM07,212.71
2024-02-28,ATM07,228.67
2024-02-29,ATM07,230.24
2024-03-01,ATM07,294.9
2024-03-02,ATM07,115.22
2024-03-03,ATM07,69.75
2024-03-04,ATM07,254.69
2024-03-05,ATM07,207.07
2024-03-06,ATM07,232.1
2024-03-07,ATM07,188.06
2024-03-08,ATM07,185.86
2024-03-09,ATM07,81.56
2024-03-10,ATM07,46.18
2024-03-11,ATM07,176.05
2024-03-12,ATM07,170.92
2024-03-13,ATM07,191.45
2024-03-14,ATM07,177.89
2024-03-15,ATM07,190.14
2024-03-16,ATM07,74.26
2024-03-17,ATM07,51.7
2024-03-18,ATM07,160.85
2024-03-19,ATM07,170.93
2024-03-20,ATM07,171.97
2024-03-21,ATM07,166.67
2024-03-22,ATM07,187.18
2024-03-23,ATM07,86.16
2024-03-24,ATM07,59.16
2024-03-25,ATM07,276.74
2024-03-26,ATM07,227.31
2024-03-27,ATM07,256.7
2024-03-28,ATM07,294.83
2024-03-29,ATM07,351.52
2024-03-30,ATM07,127.49
2024-03-31,ATM07,107.94
2024-04-01,ATM07,361.82
2024-04-02,ATM07,366.56
2024-04-03,ATM07,286.16
2024-04-04,ATM07,309.65
2024-04-05,ATM07,290.85
2024-04-06,ATM07,90.33
2024-04-07,ATM07,80.84
2024-04-08,ATM07,288.32
2024-04-09,ATM07,313.98
2024-04-10,ATM07,25.75
2024-04-11,ATM07,27.97
2024-04-12,ATM07,68.43
2024-04-13,ATM07,23.41
2024-04-14,ATM07,14.63
2024-04-15,ATM07,52.46
2024-04-16,ATM07,47.48
2024-04-17,ATM07,65.06
2024-04-18,ATM07,80.5
2024-04-19,ATM07,109.33
2024-04-20,ATM07,45.51
2024-04-21,ATM07,44.18
2024-04-22,ATM07,113.36
2024-04-23,ATM07,140.54
2024-04-24,ATM07,184.89
2024-04-25,ATM07,324.02
2024-04-26,ATM07,334.49
2024-04-27,ATM07,135.87
2024-04-28,ATM07,92.71
2024-04-29,ATM07,281.99
2024-04-30,ATM07,276.04
2024-05-01,ATM07,105.22
2024-05-02,ATM07,236.24
2024-05-03,ATM07,193.86
2024-05-04,ATM07,67.49
2024-05-05,ATM07,60.8
2024-05-06,ATM07,201.64
2024-05-07,ATM07,185.9
2024-05-08,ATM07,178.73
2024-05-09,ATM07,197.56
2024-05-10,ATM07,202.06
2024-05-11,ATM07,63.52
2024-05-12,ATM07,44.85
2024-05-13,ATM07,180.55
2024-05-14,ATM07,146.44
2024-05-15,ATM07,167.98
2024-05-16,ATM07,200.97
2024-05-17,ATM07,237.71
2024-05-18,ATM07,83.9
2024-05-19,ATM07,63.29
2024-05-20,ATM07,243.06
2024-05-21,ATM07,150.58
2024-05-22,ATM07,152.12
2024-05-23,ATM07,176.55
2024-05-24,ATM07,180.76
2024-05-25,ATM07,117.52
2024-05-26,ATM07,84.75
2024-05-27,ATM07,274.26
2024-05-28,ATM07,249.14
2024-05-29,ATM07,236.86
2024-05-30,ATM07,230.89
2024-05-31,ATM07,272.45
2024-06-01,ATM07,37.73
2024-06-02,ATM07,85.59
2024-06-03,ATM07,223.59
2024-06-04,ATM07,228.31
2024-06-05,ATM07,184.0
2024-06-06,ATM07,156.81
2024-06-07,ATM07,191.81
2024-06-08,ATM07,104.21
2024-06-09,ATM07,80.03
2024-06-10,ATM07,186.06
2024-06-11,ATM07,180.64
2024-06-12,ATM07,188.01
2024-06-13,ATM07,152.0
2024-06-14,ATM07,203.64
2024-06-15,ATM07,70.73
2024-06-16,ATM07,53.59
2024-06-17,ATM07,70.49
2024-06-18,ATM07,190.74
2024-06-19,ATM07,163.61
2024-06-20,ATM07,137.51
2024-06-21,ATM07,173.42
2024-06-22,ATM07,53.5
2024-06-23,ATM07,46.17
2024-06-24,ATM07,187.2
2024-06-25,ATM07,276.15
2024-06-26,ATM07,294.22
2024-06-27,ATM07,288.99
2024-06-28,ATM07,380.76
2024-06-29,ATM07,111.76
2024-06-30,ATM07,86.77
2024-07-01,ATM07,259.83
2024-07-02,ATM07,277.87
2024-07-03,ATM07,200.26
2024-07-04,ATM07,236.88
2024-07-05,ATM07,217.59
2024-07-06,ATM07,93.46
2024-07-07,ATM07,70.65
2024-07-08,ATM07,213.92
2024-07-09,ATM07,210.1
2024-07-10,ATM07,179.24
2024-07-11,ATM07,179.55
2024-07-12,ATM07,184.25
2024-07-13,ATM07,63.66
2024-07-14,ATM07,49.68
2024-07-15,ATM07,140.93
2024-07-16,ATM07,166.58
2024-07-17,ATM07,145.79
2024-07-18,ATM07,153.55
2024-07-19,ATM07,188.59
2024-07-20,ATM07,76.18
2024-07-21,ATM07,45.95
2024-07-22,ATM07,162.04
2024-07-23,ATM07,170.0
2024-07-24,ATM07,169.44
2024-07-25,ATM07,292.53
2024-07-26,ATM07,267.87
2024-07-27,ATM07,81.11
2024-07-28,ATM07,78.48
2024-07-29,ATM07,245.26
2024-07-30,ATM07,200.53
2024-07-31,ATM07,222.8
2024-08-01,ATM07,272.16
2024-08-02,ATM07,246.93
2024-08-03,ATM07,97.07
2024-08-04,ATM07,61.3
2024-08-05,ATM07,203.02
2024-08-06,ATM07,168.79
2024-08-07,ATM07,182.04
2024-08-08,ATM07,184.73
2024-08-09,ATM07,174.74
2024-08-10,ATM07,85.9
2024-08-11,ATM07,55.77
2024-08-12,ATM07,168.93
2024-08-13,ATM07,182.98
2024-08-14,ATM07,212.36
2024-08-15,ATM07,210.51
2024-08-16,ATM07,177.07
2024-08-17,ATM07,27.61
2024-08-18,ATM07,43.37
2024-08-19,ATM07,175.84
2024-08-20,ATM07,139.85
2024-08-21,ATM07,141.03
2024-08-22,ATM07,154.58
2024-08-23,ATM07,184.61
2024-08-24,ATM07,66.72
2024-08-25,ATM07,93.1
2024-08-26,ATM07,303.78
2024-08-27,ATM07,287.15
2024-08-28,ATM07,232.4
2024-08-29,ATM07,291.6
2024-08-30,ATM07,267.51
2024-08-31,ATM07,122.71
2024-09-01,ATM07,107.81
2024-09-02,ATM07,316.95
2024-09-03,ATM07,234.07
2024-09-04,ATM07,149.32
2024-09-05,ATM07,167.57
2024-09-06,ATM07,222.05
2024-09-07,ATM07,89.12
2024-09-08,ATM07,56.45
2024-09-09,ATM07,187.23
2024-09-10,ATM07,122.19
2024-09-11,ATM07,151.54
2024-09-12,ATM07,129.68
2024-09-13,ATM07,183.72
2024-09-14,ATM07,77.94
2024-09-15,ATM07,53.4
2024-09-16,ATM07,184.88
2024-09-17,ATM07,166.92
2024-09-18,ATM07,171.06
2024-09-19,ATM07,148.43
2024-09-20,ATM07,184.55
2024-09-21,ATM07,57.22
2024-09-22,ATM07,40.01
2024-09-23,ATM07,151.21
2024-09-24,ATM07,152.53
2024-09-25,ATM07,247.11
2024-09-26,ATM07,231.14
2024-09-27,ATM07,323.37
2024-09-28,ATM07,112.18
2024-09-29,ATM07,84.91
2024-09-30,ATM07,274.52
2024-10-01,ATM07,284.82
2024-10-02,ATM07,281.86
2024-10-03,ATM07,211.92
2024-10-04,ATM07,236.69
2024-10-05,ATM07,67.68
2024-10-06,ATM07,46.78
2024-10-07,ATM07,175.95
2024-10-08,ATM07,176.46
2024-10-09,ATM07,196.34
2024-10-10,ATM07,168.43
2024-10-11,ATM07,194.25
2024-10-12,ATM07,61.09
2024-10-13,ATM07,50.28
2024-10-14,ATM07,146.37
2024-10-15,ATM07,160.34
2024-10-16,ATM07,132.83
2024-10-17,ATM07,155.91
2024-10-18,ATM07,149.66
2024-10-19,ATM07,59.7
2024-10-20,ATM07,54.95
2024-10-21,ATM07,180.97
2024-10-22,ATM07,141.0
2024-10-23,ATM07,143.1
2024-10-24,ATM07,131.49
2024-10-25,ATM07,202.75
2024-10-26,ATM07,90.35
2024-10-27,ATM07,79.73
2024-10-28,ATM07,273.66
2024-10-29,ATM07,271.73
2024-10-30,ATM07,258.27
2024-10-31,ATM07,245.26
2024-11-01,ATM07,239.37
2024-11-02,ATM07,91.53
2024-11-03,ATM07,49.97
2024-11-04,ATM07,166.28
2024-11-05,ATM07,177.25
2024-11-06,ATM07,181.92
2024-11-07,ATM07,261.19
2024-11-08,ATM07,206.4
2024-11-09,ATM07,76.56
2024-11-10,ATM07,44.67
2024-11-11,ATM07,153.89
2024-11-12,ATM07,151.03
2024-11-13,ATM07,174.19
2024-11-14,ATM07,161.08
2024-11-15,ATM07,174.52
2024-11-16,ATM07,63.55
2024-11-17,ATM07,43.83
2024-11-18,ATM07,148.15
2024-11-19,ATM07,147.85
2024-11-20,ATM07,158.44
2024-11-21,ATM07,172.39
2024-11-22,ATM07,179.01
2024-11-23,ATM07,65.52
2024-11-24,ATM07,42.89
2024-11-25,ATM07,250.79
2024-11-26,ATM07,226.14
2024-11-27,ATM07,258.07
2024-11-28,ATM07,291.56
2024-11-29,ATM07,284.76
2024-11-30,ATM07,92.67
2024-12-01,ATM07,75.54
2024-12-02,ATM07,263.88
2024-12-03,ATM07,184.89
2024-12-04,ATM07,176.24
2024-12-05,ATM07,195.25
2024-12-06,ATM07,221.42
2024-12-07,ATM07,77.0
2024-12-08,ATM07,50.13
2024-12-09,ATM07,191.77
2024-12-10,ATM07,149.28
2024-12-11,ATM07,161.41
2024-12-12,ATM07,166.02
2024-12-13,ATM07,146.54
2024-12-14,ATM07,62.04
2024-12-15,ATM07,57.73
2024-12-16,ATM07,201.28
2024-12-17,ATM07,186.75
2024-12-18,ATM07,146.29
2024-12-19,ATM07,187.47
2024-12-20,ATM07,207.87
2024-12-21,ATM07,65.75
2024-12-22,ATM07,49.58
2024-12-23,ATM07,179.68
2024-12-24,ATM07,188.7
2024-12-25,ATM07,103.84
2024-12-26,ATM07,288.49
2024-12-27,ATM07,247.42
2024-12-28,ATM07,90.42
2024-12-29,ATM07,62.12
2024-12-30,ATM07,219.46
2024-12-31,ATM07,282.55
2025-01-01,ATM07,127.07
2025-01-02,ATM07,283.66
2025-01-03,ATM07,204.8
2025-01-04,ATM07,75.25
2025-01-05,ATM07,62.6
2025-01-06,ATM07,169.44
2025-01-07,ATM07,165.63
2025-01-08,ATM07,208.57
2025-01-09,ATM07,176.1
2025-01-10,ATM07,159.94
2025-01-11,ATM07,63.95
2025-01-12,ATM07,52.74
2025-01-13,ATM07,160.98
2025-01-14,ATM07,160.92
2025-01-15,ATM07,174.0
2025-01-16,ATM07,209.15
2025-01-17,ATM07,196.99
2025-01-18,ATM07,69.79
2025-01-19,ATM07,62.87
2025-01-20,ATM07,175.63
2025-01-21,ATM07,143.38
2025-01-22,ATM07,158.76
2025-01-23,ATM07,182.0
2025-01-24,ATM07,195.16
2025-01-25,ATM07,103.57
2025-01-26,ATM07,67.63
2025-01-27,ATM07,239.31
2025-01-28,ATM07,272.78
2025-01-29,ATM07,90.0
2025-01-30,ATM07,230.05
2025-01-31,ATM07,249.51
2025-02-01,ATM07,90.19
2025-02-02,ATM07,76.55
2025-02-03,ATM07,204.92
2025-02-04,ATM07,201.2
2025-02-05,ATM07,174.33
2025-02-06,ATM07,151.83
2025-02-07,ATM07,191.99
2025-02-08,ATM07,70.71
2025-02-09,ATM07,70.59
2025-02-10,ATM07,226.8
2025-02-11,ATM07,231.38
2025-02-12,ATM07,172.54
2025-02-13,ATM07,178.49
2025-02-14,ATM07,204.37
2025-02-15,ATM07,77.36
2025-02-16,ATM07,53.46
2025-02-17,ATM07,199.31
2025-02-18,ATM07,175.32
2025-02-19,ATM07,171.2
2025-02-20,ATM07,141.01
2025-02-21,ATM07,179.22
2025-02-22,ATM07,65.16
2025-02-23,ATM07,54.13
2025-02-24,ATM07,178.62
2025-02-25,ATM07,255.24
2025-02-26,ATM07,248.48
2025-02-27,ATM07,269.02
2025-02-28,ATM07,272.89
2025-03-01,ATM07,86.25
2025-03-02,ATM07,77.6
2025-03-03,ATM07,179.37
2025-03-04,ATM07,155.94
2025-03-05,ATM07,154.42
2025-03-06,ATM07,177.48
2025-03-07,ATM07,197.68
2025-03-08,ATM07,59.81
2025-03-09,ATM07,51.19
2025-03-10,ATM07,183.71
2025-03-11,ATM07,164.16
2025-03-12,ATM07,165.52
2025-03-13,ATM07,191.15
2025-03-14,ATM07,218.08
2025-03-15,ATM07,86.16
2025-03-16,ATM07,45.52
2025-03-17,ATM07,207.73
2025-03-18,ATM07,205.58
2025-03-19,ATM07,256.91
2025-03-20,ATM07,200.11
2025-03-21,ATM07,176.3
2025-03-22,ATM07,73.44
2025-03-23,ATM07,58.43
2025-03-24,ATM07,216.21
2025-03-25,ATM07,344.94
2025-03-26,ATM07,320.38
2025-03-27,ATM07,306.61
2025-03-28,ATM07,358.85
2025-03-29,ATM07,128.26
2025-03-30,ATM07,97.31
2025-03-31,ATM07,33.79
2025-04-01,ATM07,35.2
2025-04-02,ATM07,89.68
2025-04-03,ATM07,60.42
2025-04-04,ATM07,50.06
2025-04-05,ATM07,20.65
2025-04-06,ATM07,15.67
2025-04-07,ATM07,70.5
2025-04-08,ATM07,79.95
2025-04-09,ATM07,100.17
2025-04-10,ATM07,92.29
2025-04-11,ATM07,106.98
2025-04-12,ATM07,57.38
2025-04-13,ATM07,43.32
2025-04-14,ATM07,163.63
2025-04-15,ATM07,177.61
2025-04-16,ATM07,187.17
2025-04-17,ATM07,189.13
2025-04-18,ATM07,196.36
2025-04-19,ATM07,75.42
2025-04-20,ATM07,63.68
2025-04-21,ATM07,195.61
2025-04-22,ATM07,141.52
2025-04-23,ATM07,144.13
2025-04-24,ATM07,166.27
2025-04-25,ATM07,250.82
2025-04-26,ATM07,116.1
2025-04-27,ATM07,82.49
2025-04-28,ATM07,264.49
2025-04-29,ATM07,280.52
2025-04-30,ATM07,254.48
2025-05-01,ATM07,101.35
2025-05-02,ATM07,298.67
2025-05-03,ATM07,68.49
2025-05-04,ATM07,54.83
2025-05-05,ATM07,206.29
2025-05-06,ATM07,192.82
2025-05-07,ATM07,222.63
2025-05-08,ATM07,169.93
2025-05-09,ATM07,162.1
2025-05-10,ATM07,65.22
2025-05-11,ATM07,56.35
2025-05-12,ATM07,172.75
2025-05-13,ATM07,170.97
2025-05-14,ATM07,180.31
2025-05-15,ATM07,155.57
2025-05-16,ATM07,160.67
2025-05-17,ATM07,64.88
2025-05-18,ATM07,56.43
2025-05-19,ATM07,155.26
2025-05-20,ATM07,152.51
2025-05-21,ATM07,153.55
2025-05-22,ATM07,165.65
2025-05-23,ATM07,178.4
2025-05-24,ATM07,62.7
2025-05-25,ATM07,86.54
2025-05-26,ATM07,251.91
2025-05-27,ATM07,234.46
2025-05-28,ATM07,200.73
2025-05-29,ATM07,206.15
2025-05-30,ATM07,260.55
2025-05-31,ATM07,102.17
2025-06-01,ATM07,33.44
2025-06-02,ATM07,279.52
2025-06-03,ATM07,244.63
2025-06-04,ATM07,193.9
2025-06-05,ATM07,158.67
2025-06-06,ATM07,67.35
2025-06-07,ATM07,64.78
2025-06-08,ATM07,49.47
2025-06-09,ATM07,181.29
2025-06-10,ATM07,179.91
2025-06-11,ATM07,201.03
2025-06-12,ATM07,188.56
2025-06-13,ATM07,239.28
2025-06-14,ATM07,72.97
2025-06-15,ATM07,44.94
2025-06-16,ATM07,178.6
2025-06-17,ATM07,135.4
2025-06-18,ATM07,137.38
2025-06-19,ATM07,159.09
2025-06-20,ATM07,173.12
2025-06-21,ATM07,64.21
2025-06-22,ATM07,44.57
2025-06-23,ATM07,158.23
2025-06-24,ATM07,175.2
2025-06-25,ATM07,251.9
2025-06-26,ATM07,225.06
2025-06-27,ATM07,222.9
2025-06-28,ATM07,83.97
2025-06-29,ATM07,74.7
2025-06-30,ATM07,259.3
2025-07-01,ATM07,224.17
2025-07-02,ATM07,183.4
2025-07-03,ATM07,171.57
2025-07-04,ATM07,177.07
2025-07-05,ATM07,77.11
2025-07-06,ATM07,54.72
2025-07-07,ATM07,168.17
2025-07-08,ATM07,176.95
2025-07-09,ATM07,235.39
2025-07-10,ATM07,194.98
2025-07-11,ATM07,194.53
2025-07-12,ATM07,71.81
2025-07-13,ATM07,43.97
2025-07-14,ATM07,139.0
2025-07-15,ATM07,112.15
2025-07-16,ATM07,165.62
2025-07-17,ATM07,193.02
2025-07-18,ATM07,199.11
2025-07-19,ATM07,70.77
2025-07-20,ATM07,44.63
2025-07-21,ATM07,154.49
2025-07-22,ATM07,188.74
2025-07-23,ATM07,175.51
2025-07-24,ATM07,157.34
2025-07-25,ATM07,214.94
2025-07-26,ATM07,104.95
2025-07-27,ATM07,78.36
2025-07-28,ATM07,209.96
2025-07-29,ATM07,200.78
2025-07-30,ATM07,193.09
2025-07-31,ATM07,215.2
2025-08-01,ATM07,255.86
2025-08-02,ATM07,92.23
2025-08-03,ATM07,62.19
2025-08-04,ATM07,200.0
2025-08-05,ATM07,211.1
2025-08-06,ATM07,188.75
2025-08-07,ATM07,260.94
2025-08-08,ATM07,221.39
2025-08-09,ATM07,71.42
2025-08-10,ATM07,44.53
2025-08-11,ATM07,154.3
2025-08-12,ATM07,128.04
2025-08-13,ATM07,149.88
2025-08-14,ATM07,126.31
2025-08-15,ATM07,160.13
2025-08-16,ATM07,54.4
2025-08-17,ATM07,18.01
2025-08-18,ATM07,169.54
2025-08-19,ATM07,207.87
2025-08-20,ATM07,160.22
2025-08-21,ATM07,157.81
2025-08-22,ATM07,160.52
2025-08-23,ATM07,57.4
2025-08-24,ATM07,44.44
2025-08-25,ATM07,258.91
2025-08-26,ATM07,231.11
2025-08-27,ATM07,302.74
2025-08-28,ATM07,279.39
2025-08-29,ATM07,251.29
2025-08-30,ATM07,92.72
2025-08-31,ATM07,68.24
2025-09-01,ATM07,260.87
2025-09-02,ATM07,204.24
2025-09-03,ATM07,147.85
2025-09-04,ATM07,156.45
2025-09-05,ATM07,201.41
2025-09-06,ATM07,86.44
2025-09-07,ATM07,72.61
2025-09-08,ATM07,224.9
2025-09-09,ATM07,195.81
2025-09-10,ATM07,179.75
2025-09-11,ATM07,148.8
2025-09-12,ATM07,138.03
2025-09-13,ATM07,61.84
2025-09-14,ATM07,44.46
2025-09-15,ATM07,156.37
2025-09-16,ATM07,157.38
2025-09-17,ATM07,163.3
2025-09-18,ATM07,179.12
2025-09-19,ATM07,201.34
2025-09-20,ATM07,71.34
2025-09-21,ATM07,50.43
2025-09-22,ATM07,168.6
2025-09-23,ATM07,150.41
2025-09-24,ATM07,152.31
2025-09-25,ATM07,313.13
2025-09-26,ATM07,301.1
2025-09-27,ATM07,109.87
2025-09-28,ATM07,74.33
2025-09-29,ATM07,277.28
2025-09-30,ATM07,272.9
2025-10-01,ATM07,276.62
2025-10-02,ATM07,261.89
2025-10-03,ATM07,233.85
2025-10-04,ATM07,92.7
2025-10-05,ATM07,66.3
2025-10-06,ATM07,200.79
2025-10-07,ATM07,206.87
2025-10-08,ATM07,175.49
2025-10-09,ATM07,166.33
2025-10-10,ATM07,165.7
2025-10-11,ATM07,52.75
2025-10-12,ATM07,50.56
2025-10-13,ATM07,149.86
2025-10-14,ATM07,144.45
2025-10-15,ATM07,149.11
2025-10-16,ATM07,155.51
2025-10-17,ATM07,165.75
2025-10-18,ATM07,63.4
2025-10-19,ATM07,49.8
2025-10-20,ATM07,157.47
2025-10-21,ATM07,142.82
2025-10-22,ATM07,171.0
2025-10-23,ATM07,130.6
2025-10-24,ATM07,155.51
2025-10-25,ATM07,88.39
2025-10-26,ATM07,76.15
2025-10-27,ATM07,213.18
2025-10-28,ATM07,210.74
2025-10-29,ATM07,223.43
2025-10-30,ATM07,260.94
2025-10-31,ATM07,281.44
2025-11-01,ATM07,88.87
2025-11-02,ATM07,69.06
2025-11-03,ATM07,202.26
2025-11-04,ATM07,164.57
2025-11-05,ATM07,173.1
2025-11-06,ATM07,178.43
2025-11-07,ATM07,189.31
2025-11-08,ATM07,98.39
2025-11-09,ATM07,62.96
2025-11-10,ATM07,181.15
2025-11-11,ATM07,152.05
2025-11-12,ATM07,165.29
2025-11-13,ATM07,178.21
2025-11-14,ATM07,171.28
2025-11-15,ATM07,64.33
2025-11-16,ATM07,45.65
2025-11-17,ATM07,140.02
2025-11-18,ATM07,165.06
2025-11-19,ATM07,152.21
2025-11-20,ATM07,119.6
2025-11-21,ATM07,185.37
2025-11-22,ATM07,61.38
2025-11-23,ATM07,47.98
2025-11-24,ATM07,194.46
2025-11-25,ATM07,252.02
2025-11-26,ATM07,240.16
2025-11-27,ATM07,209.01
2025-11-28,ATM07,204.82
2025-11-29,ATM07,86.01
2025-11-30,ATM07,74.61
2025-12-01,ATM07,255.85
2025-12-02,ATM07,228.78
2025-12-03,ATM07,179.8
2025-12-04,ATM07,148.21
2025-12-05,ATM07,190.82
2025-12-06,ATM07,74.6
2025-12-07,ATM07,72.16
2025-12-08,ATM07,210.66
2025-12-09,ATM07,172.09
2025-12-10,ATM07,153.75
2025-12-11,ATM07,150.95
2025-12-12,ATM07,177.6
2025-12-13,ATM07,65.88
2025-12-14,ATM07,44.25
2025-12-15,ATM07,141.06
2025-12-16,ATM07,158.41
2025-12-17,ATM07,192.6
2025-12-18,ATM07,182.19
2025-12-19,ATM07,210.14
2025-12-20,ATM07,82.59
2025-12-21,ATM07,60.43
2025-12-22,ATM07,171.52
2025-12-23,ATM07,171.64
2025-12-24,ATM07,195.77
2025-12-25,ATM07,115.67
2025-12-26,ATM07,320.89
2025-12-27,ATM07,106.13
2025-12-28,ATM07,80.27
2025-12-29,ATM07,262.85
2025-12-30,ATM07,252.89
2025-12-31,ATM07,289.93
2022-01-01,ATM08,22.52
2022-01-02,ATM08,37.66
2022-01-03,ATM08,110.96
2022-01-04,ATM08,97.67
2022-01-05,ATM08,97.96
2022-01-06,ATM08,125.02
2022-01-07,ATM08,138.78
2022-01-08,ATM08,50.0
2022-01-09,ATM08,37.38
2022-01-10,ATM08,98.81
2022-01-11,ATM08,115.79
2022-01-12,ATM08,111.2
2022-01-13,ATM08,92.06
2022-01-14,ATM08,85.87
2022-01-15,ATM08,37.25
2022-01-16,ATM08,28.89
2022-01-17,ATM08,81.51
2022-01-18,ATM08,89.29
2022-01-19,ATM08,87.9
2022-01-20,ATM08,95.3
2022-01-21,ATM08,106.75
2022-01-22,ATM08,36.09
2022-01-23,ATM08,30.71
2022-01-24,ATM08,92.77
2022-01-25,ATM08,129.08
2022-01-26,ATM08,125.92
2022-01-27,ATM08,149.51
2022-01-28,ATM08,150.85
2022-01-29,ATM08,65.51
2022-01-30,ATM08,56.94
2022-01-31,ATM08,149.02
2022-02-01,ATM08,40.48
2022-02-02,ATM08,134.18
2022-02-03,ATM08,100.26
2022-02-04,ATM08,102.06
2022-02-05,ATM08,38.24
2022-02-06,ATM08,30.31
2022-02-07,ATM08,121.23
2022-02-08,ATM08,111.79
2022-02-09,ATM08,124.42
2022-02-10,ATM08,104.08
2022-02-11,ATM08,102.14
2022-02-12,ATM08,36.19
2022-02-13,ATM08,30.47
2022-02-14,ATM08,106.74
2022-02-15,ATM08,107.13
2022-02-16,ATM08,95.32
2022-02-17,ATM08,94.89
2022-02-18,ATM08,108.04
2022-02-19,ATM08,37.13
2022-02-20,ATM08,25.56
2022-02-21,ATM08,82.44
2022-02-22,ATM08,83.2
2022-02-23,ATM08,94.13
2022-02-24,ATM08,106.25
2022-02-25,ATM08,137.7
2022-02-26,ATM08,50.54
2022-02-27,ATM08,39.96
2022-02-28,ATM08,150.17
2022-03-01,ATM08,131.91
2022-03-02,ATM08,128.32
2022-03-03,ATM08,87.21
2022-03-04,ATM08,111.0
2022-03-05,ATM08,41.56
2022-03-06,ATM08,30.59
2022-03-07,ATM08,102.41
2022-03-08,ATM08,115.05
2022-03-09,ATM08,97.83
2022-03-10,ATM08,80.51
2022-03-11,ATM08,107.86
2022-03-12,ATM08,38.98
2022-03-13,ATM08,31.83
2022-03-14,ATM08,103.77
2022-03-15,ATM08,94.27
2022-03-16,ATM08,88.99
2022-03-17,ATM08,98.71
2022-03-18,ATM08,117.01
2022-03-19,ATM08,45.16
2022-03-20,ATM08,27.72
2022-03-21,ATM08,107.65
2022-03-22,ATM08,92.46
2022-03-23,ATM08,84.32
2022-03-24,ATM08,86.27
2022-03-25,ATM08,159.21
2022-03-26,ATM08,61.04
2022-03-27,ATM08,43.93
2022-03-28,ATM08,157.17
2022-03-29,ATM08,144.66
2022-03-30,ATM08,131.45
2022-03-31,ATM08,124.04
2022-04-01,ATM08,149.08
2022-04-02,ATM08,55.31
2022-04-03,ATM08,28.47
2022-04-04,ATM08,111.79
2022-04-05,ATM08,100.12
2022-04-06,ATM08,122.07
2022-04-07,ATM08,95.99
2022-04-08,ATM08,107.51
2022-04-09,ATM08,38.53
2022-04-10,ATM08,24.77
2022-04-11,ATM08,85.12
2022-04-12,ATM08,107.31
2022-04-13,ATM08,102.36
2022-04-14,ATM08,91.07
2022-04-15,ATM08,84.71
2022-04-16,ATM08,30.13
2022-04-17,ATM08,26.26
2022-04-18,ATM08,90.47
2022-04-19,ATM08,93.11
2022-04-20,ATM08,77.34
2022-04-21,ATM08,91.04
2022-04-22,ATM08,121.69
2022-04-23,ATM08,53.73
2022-04-24,ATM08,30.75
2022-04-25,ATM08,149.81
2022-04-26,ATM08,142.63
2022-04-27,ATM08,159.88
2022-04-28,ATM08,145.73
2022-04-29,ATM08,211.1
2022-04-30,ATM08,75.56
2022-05-01,ATM08,22.74
2022-05-02,ATM08,20.41
2022-05-03,ATM08,13.53
2022-05-04,ATM08,33.82
2022-05-05,ATM08,29.8
2022-05-06,ATM08,28.69
2022-05-07,ATM08,11.05
2022-05-08,ATM08,11.84
2022-05-09,ATM08,48.91
2022-05-10,ATM08,47.35
2022-05-11,ATM08,47.74
2022-05-12,ATM08,63.15
2022-05-13,ATM08,64.72
2022-05-14,ATM08,24.37
2022-05-15,ATM08,22.31
2022-05-16,ATM08,108.91
2022-05-17,ATM08,118.72
2022-05-18,ATM08,97.23
2022-05-19,ATM08,86.72
2022-05-20,ATM08,80.79
2022-05-21,ATM08,34.09
2022-05-22,ATM08,28.22
2022-05-23,ATM08,102.15
2022-05-24,ATM08,103.43
2022-05-25,ATM08,140.9
2022-05-26,ATM08,146.57
2022-05-27,ATM08,141.74
2022-05-28,ATM08,57.68
2022-05-29,ATM08,41.49
2022-05-30,ATM08,146.39
2022-05-31,ATM08,143.29
2022-06-01,ATM08,55.97
2022-06-02,ATM08,149.93
2022-06-03,ATM08,99.72
2022-06-04,ATM08,35.66
2022-06-05,ATM08,29.63
2022-06-06,ATM08,88.13
2022-06-07,ATM08,90.34
2022-06-08,ATM08,93.52
2022-06-09,ATM08,114.32
2022-06-10,ATM08,104.39
2022-06-11,ATM08,42.42
2022-06-12,ATM08,31.58
2022-06-13,ATM08,92.76
2022-06-14,ATM08,90.81
2022-06-15,ATM08,97.97
2022-06-16,ATM08,106.68
2022-06-17,ATM08,104.51
2022-06-18,ATM08,31.6
2022-06-19,ATM08,22.14
2022-06-20,ATM08,80.87
2022-06-21,ATM08,65.02
2022-06-22,ATM08,94.74
2022-06-23,ATM08,98.37
2022-06-24,ATM08,95.29
2022-06-25,ATM08,48.23
2022-06-26,ATM08,45.25
2022-06-27,ATM08,127.81
2022-06-28,ATM08,115.41
2022-06-29,ATM08,115.61
2022-06-30,ATM08,127.45
2022-07-01,ATM08,153.59
2022-07-02,ATM08,64.14
2022-07-03,ATM08,39.5
2022-07-04,ATM08,117.38
2022-07-05,ATM08,120.04
2022-07-06,ATM08,102.7
2022-07-07,ATM08,84.36
2022-07-08,ATM08,95.58
2022-07-09,ATM08,35.92
2022-07-10,ATM08,9.91
2022-07-11,ATM08,79.26
2022-07-12,ATM08,79.11
2022-07-13,ATM08,90.82
2022-07-14,ATM08,109.01
2022-07-15,ATM08,88.42
2022-07-16,ATM08,30.45
2022-07-17,ATM08,24.06
2022-07-18,ATM08,94.52
2022-07-19,ATM08,88.05
2022-07-20,ATM08,82.17
2022-07-21,ATM08,93.33
2022-07-22,ATM08,110.69
2022-07-23,ATM08,38.71
2022-07-24,ATM08,26.73
2022-07-25,ATM08,140.7
2022-07-26,ATM08,131.15
2022-07-27,ATM08,129.52
2022-07-28,ATM08,124.99
2022-07-29,ATM08,157.17
2022-07-30,ATM08,58.33
2022-07-31,ATM08,49.23
2022-08-01,ATM08,173.44
2022-08-02,ATM08,155.43
2022-08-03,ATM08,104.05
2022-08-04,ATM08,116.05
2022-08-05,ATM08,124.81
2022-08-06,ATM08,58.83
2022-08-07,ATM08,39.41
2022-08-08,ATM08,126.33
2022-08-09,ATM08,114.26
2022-08-10,ATM08,92.82
2022-08-11,ATM08,88.44
2022-08-12,ATM08,100.33
2022-08-13,ATM08,39.26
2022-08-14,ATM08,33.36
2022-08-15,ATM08,103.95
2022-08-16,ATM08,89.17
2022-08-17,ATM08,34.47
2022-08-18,ATM08,76.06
2022-08-19,ATM08,108.91
2022-08-20,ATM08,36.22
2022-08-21,ATM08,31.51
2022-08-22,ATM08,100.91
2022-08-23,ATM08,95.69
2022-08-24,ATM08,91.0
2022-08-25,ATM08,123.95
2022-08-26,ATM08,126.92
2022-08-27,ATM08,62.23
2022-08-28,ATM08,45.72
2022-08-29,ATM08,163.64
2022-08-30,ATM08,167.37
2022-08-31,ATM08,141.56
2022-09-01,ATM08,143.9
2022-09-02,ATM08,151.68
2022-09-03,ATM08,37.62
2022-09-04,ATM08,30.46
2022-09-05,ATM08,110.97
2022-09-06,ATM08,98.65
2022-09-07,ATM08,97.3
2022-09-08,ATM08,98.31
2022-09-09,ATM08,138.53
2022-09-10,ATM08,32.84
2022-09-11,ATM08,28.61
2022-09-12,ATM08,91.03
2022-09-13,ATM08,82.24
2022-09-14,ATM08,83.41
2022-09-15,ATM08,93.13
2022-09-16,ATM08,107.44
2022-09-17,ATM08,38.94
2022-09-18,ATM08,32.95
2022-09-19,ATM08,114.63
2022-09-20,ATM08,107.04
2022-09-21,ATM08,91.14
2022-09-22,ATM08,95.06
2022-09-23,ATM08,105.73
2022-09-24,ATM08,34.61
2022-09-25,ATM08,34.96
2022-09-26,ATM08,102.4
2022-09-27,ATM08,117.08
2022-09-28,ATM08,130.09
2022-09-29,ATM08,115.91
2022-09-30,ATM08,153.37
2022-10-01,ATM08,56.86
2022-10-02,ATM08,50.18
2022-10-03,ATM08,120.15
2022-10-04,ATM08,95.9
2022-10-05,ATM08,104.53
2022-10-06,ATM08,111.22
2022-10-07,ATM08,109.12
2022-10-08,ATM08,35.35
2022-10-09,ATM08,30.51
2022-10-10,ATM08,80.9
2022-10-11,ATM08,94.5
2022-10-12,ATM08,87.39
2022-10-13,ATM08,106.66
2022-10-14,ATM08,83.33
2022-10-15,ATM08,34.48
2022-10-16,ATM08,32.31
2022-10-17,ATM08,89.46
2022-10-18,ATM08,85.85
2022-10-19,ATM08,83.7
2022-10-20,ATM08,80.23
2022-10-21,ATM08,95.09
2022-10-22,ATM08,31.25
2022-10-23,ATM08,26.09
2022-10-24,ATM08,94.79
2022-10-25,ATM08,131.31
2022-10-26,ATM08,118.55
2022-10-27,ATM08,141.55
2022-10-28,ATM08,161.8
2022-10-29,ATM08,50.99
2022-10-30,ATM08,35.67
2022-10-31,ATM08,116.0
2022-11-01,ATM08,130.21
2022-11-02,ATM08,135.84
2022-11-03,ATM08,112.32
2022-11-04,ATM08,112.11
2022-11-05,ATM08,37.82
2022-11-06,ATM08,34.35
2022-11-07,ATM08,102.92
2022-11-08,ATM08,102.44
2022-11-09,ATM08,86.16
2022-11-10,ATM08,77.19
2022-11-11,ATM08,101.53
2022-11-12,ATM08,34.25
2022-11-13,ATM08,30.06
2022-11-14,ATM08,73.78
2022-11-15,ATM08,75.2
2022-11-16,ATM08,80.76
2022-11-17,ATM08,102.92
2022-11-18,ATM08,90.9
2022-11-19,ATM08,37.95
2022-11-20,ATM08,32.32
2022-11-21,ATM08,90.95
2022-11-22,ATM08,84.3
2022-11-23,ATM08,87.95
2022-11-24,ATM08,74.99
2022-11-25,ATM08,127.85
2022-11-26,ATM08,59.08
2022-11-27,ATM08,46.46
2022-11-28,ATM08,142.36
2022-11-29,ATM08,135.92
2022-11-30,ATM08,142.98
2022-12-01,ATM08,149.37
2022-12-02,ATM08,143.58
2022-12-03,ATM08,49.08
2022-12-04,ATM08,40.28
2022-12-05,ATM08,126.38
2022-12-06,ATM08,100.16
2022-12-07,ATM08,90.25
2022-12-08,ATM08,92.94
2022-12-09,ATM08,107.2
2022-12-10,ATM08,29.31
2022-12-11,ATM08,27.01
2022-12-12,ATM08,104.51
2022-12-13,ATM08,99.5
2022-12-14,ATM08,86.5
2022-12-15,ATM08,86.58
2022-12-16,ATM08,102.94
2022-12-17,ATM08,38.17
2022-12-18,ATM08,31.54
2022-12-19,ATM08,108.37
2022-12-20,ATM08,111.62
2022-12-21,ATM08,90.35
2022-12-22,ATM08,95.33
2022-12-23,ATM08,99.89
2022-12-24,ATM08,37.87
2022-12-25,ATM08,19.74
2022-12-26,ATM08,172.52
2022-12-27,ATM08,177.79
2022-12-28,ATM08,165.18
2022-12-29,ATM08,150.65
2022-12-30,ATM08,155.21
2022-12-31,ATM08,48.19
2023-01-01,ATM08,17.88
2023-01-02,ATM08,137.1
2023-01-03,ATM08,106.76
2023-01-04,ATM08,111.78
2023-01-05,ATM08,92.34
2023-01-06,ATM08,95.76
2023-01-07,ATM08,46.06
2023-01-08,ATM08,34.9
2023-01-09,ATM08,102.95
2023-01-10,ATM08,85.75
2023-01-11,ATM08,98.05
2023-01-12,ATM08,102.41
2023-01-13,ATM08,87.48
2023-01-14,ATM08,41.33
2023-01-15,ATM08,33.14
2023-01-16,ATM08,97.59
2023-01-17,ATM08,79.26
2023-01-18,ATM08,94.26
2023-01-19,ATM08,95.62
2023-01-20,ATM08,84.87
2023-01-21,ATM08,33.19
2023-01-22,ATM08,15.22
2023-01-23,ATM08,105.77
2023-01-24,ATM08,86.31
2023-01-25,ATM08,117.04
2023-01-26,ATM08,151.86
2023-01-27,ATM08,168.25
2023-01-28,ATM08,67.56
2023-01-29,ATM08,47.7
2023-01-30,ATM08,167.6
2023-01-31,ATM08,131.1
2023-02-01,ATM08,133.83
2023-02-02,ATM08,136.94
2023-02-03,ATM08,130.52
2023-02-04,ATM08,46.18
2023-02-05,ATM08,31.53
2023-02-06,ATM08,105.41
2023-02-07,ATM08,83.9
2023-02-08,ATM08,71.95
2023-02-09,ATM08,94.97
2023-02-10,ATM08,89.39
2023-02-11,ATM08,33.82
2023-02-12,ATM08,29.78
2023-02-13,ATM08,110.11
2023-02-14,ATM08,101.01
2023-02-15,ATM08,115.54
2023-02-16,ATM08,104.92
2023-02-17,ATM08,107.21
2023-02-18,ATM08,38.77
2023-02-19,ATM08,25.08
2023-02-20,ATM08,97.05
2023-02-21,ATM08,68.73
2023-02-22,ATM08,73.65
2023-02-23,ATM08,81.24
2023-02-24,ATM08,84.7
2023-02-25,ATM08,48.45
2023-02-26,ATM08,48.84
2023-02-27,ATM08,166.34
2023-02-28,ATM08,132.79
2023-03-01,ATM08,125.35
2023-03-02,ATM08,111.75
2023-03-03,ATM08,110.38
2023-03-04,ATM08,40.16
2023-03-05,ATM08,25.51
2023-03-06,ATM08,96.04
2023-03-07,ATM08,101.37
2023-03-08,ATM08,112.24
2023-03-09,ATM08,104.84
2023-03-10,ATM08,93.32
2023-03-11,ATM08,44.08
2023-03-12,ATM08,30.59
2023-03-13,ATM08,103.27
2023-03-14,ATM08,87.05
2023-03-15,ATM08,94.14
2023-03-16,ATM08,77.01
2023-03-17,ATM08,85.61
2023-03-18,ATM08,29.82
2023-03-19,ATM08,23.98
2023-03-20,ATM08,98.07
2023-03-21,ATM08,84.34
2023-03-22,ATM08,93.06
2023-03-23,ATM08,106.2
2023-03-24,ATM08,103.73
2023-03-25,ATM08,62.12
2023-03-26,ATM08,47.22
2023-03-27,ATM08,146.72
2023-03-28,ATM08,146.73
2023-03-29,ATM08,168.74
2023-03-30,ATM08,136.83
2023-03-31,ATM08,131.1
2023-04-01,ATM08,46.73
2023-04-02,ATM08,44.66
2023-04-03,ATM08,126.22
2023-04-04,ATM08,106.63
2023-04-05,ATM08,85.18
2023-04-06,ATM08,91.07
2023-04-07,ATM08,117.95
2023-04-08,ATM08,44.97
2023-04-09,ATM08,36.46
2023-04-10,ATM08,98.9
2023-04-11,ATM08,110.18
2023-04-12,ATM08,110.34
2023-04-13,ATM08,114.14
2023-04-14,ATM08,121.41
2023-04-15,ATM08,47.16
2023-04-16,ATM08,37.23
2023-04-17,ATM08,106.39
2023-04-18,ATM08,110.96
2023-04-19,ATM08,121.54
2023-04-20,ATM08,132.58
2023-04-21,ATM08,139.5
2023-04-22,ATM08,4.06
2023-04-23,ATM08,2.97
2023-04-24,ATM08,24.74
2023-04-25,ATM08,38.26
2023-04-26,ATM08,38.24
2023-04-27,ATM08,34.24
2023-04-28,ATM08,35.51
2023-04-29,ATM08,15.11
2023-04-30,ATM08,12.15
2023-05-01,ATM08,24.33
2023-05-02,ATM08,98.59
2023-05-03,ATM08,96.18
2023-05-04,ATM08,83.49
2023-05-05,ATM08,101.73
2023-05-06,ATM08,35.16
2023-05-07,ATM08,25.72
2023-05-08,ATM08,83.26
2023-05-09,ATM08,88.02
2023-05-10,ATM08,80.44
2023-05-11,ATM08,86.29
2023-05-12,ATM08,101.64
2023-05-13,ATM08,35.34
2023-05-14,ATM08,27.68
2023-05-15,ATM08,80.56
2023-05-16,ATM08,70.98
2023-05-17,ATM08,67.25
2023-05-18,ATM08,83.12
2023-05-19,ATM08,89.48
2023-05-20,ATM08,28.18
2023-05-21,ATM08,24.71
2023-05-22,ATM08,75.23
2023-05-23,ATM08,95.75
2023-05-24,ATM08,85.1
2023-05-25,ATM08,139.05
2023-05-26,ATM08,164.86
2023-05-27,ATM08,51.26
2023-05-28,ATM08,41.04
2023-05-29,ATM08,143.97
2023-05-30,ATM08,135.16
2023-05-31,ATM08,137.68
2023-06-01,ATM08,46.11
2023-06-02,ATM08,142.8
2023-06-03,ATM08,38.77
2023-06-04,ATM08,32.21
2023-06-05,ATM08,116.1
2023-06-06,ATM08,112.6
2023-06-07,ATM08,109.38
2023-06-08,ATM08,111.5
2023-06-09,ATM08,123.31
2023-06-10,ATM08,44.21
2023-06-11,ATM08,30.33
2023-06-12,ATM08,96.24
2023-06-13,ATM08,98.6
2023-06-14,ATM08,86.97
2023-06-15,ATM08,74.89
2023-06-16,ATM08,93.39
2023-06-17,ATM08,34.44
2023-06-18,ATM08,23.81
2023-06-19,ATM08,89.53
2023-06-20,ATM08,100.79
2023-06-21,ATM08,77.45
2023-06-22,ATM08,92.09
2023-06-23,ATM08,73.41
2023-06-24,ATM08,30.24
2023-06-25,ATM08,47.08
2023-06-26,ATM08,138.76
2023-06-27,ATM08,132.33
2023-06-28,ATM08,142.3
2023-06-29,ATM08,44.77
2023-06-30,ATM08,133.42
2023-07-01,ATM08,52.02
2023-07-02,ATM08,50.18
2023-07-03,ATM08,99.03
2023-07-04,ATM08,93.23
2023-07-05,ATM08,87.16
2023-07-06,ATM08,83.57
2023-07-07,ATM08,113.47
2023-07-08,ATM08,41.6
2023-07-09,ATM08,30.04
2023-07-10,ATM08,83.34
2023-07-11,ATM08,78.27
2023-07-12,ATM08,78.39
2023-07-13,ATM08,71.91
2023-07-14,ATM08,84.28
2023-07-15,ATM08,32.28
2023-07-16,ATM08,24.26
2023-07-17,ATM08,86.77
2023-07-18,ATM08,87.03
2023-07-19,ATM08,81.45
2023-07-20,ATM08,82.72
2023-07-21,ATM08,117.05
2023-07-22,ATM08,49.14
2023-07-23,ATM08,28.36
2023-07-24,ATM08,82.71
2023-07-25,ATM08,110.7
2023-07-26,ATM08,135.41
2023-07-27,ATM08,126.31
2023-07-28,ATM08,143.26
2023-07-29,ATM08,66.32
2023-07-30,ATM08,45.48
2023-07-31,ATM08,152.75
2023-08-01,ATM08,144.57
2023-08-02,ATM08,127.36
2023-08-03,ATM08,110.54
2023-08-04,ATM08,103.36
2023-08-05,ATM08,46.01
2023-08-06,ATM08,31.27
2023-08-07,ATM08,97.85
2023-08-08,ATM08,85.61
2023-08-09,ATM08,83.74
2023-08-10,ATM08,76.15
2023-08-11,ATM08,67.98
2023-08-12,ATM08,29.66
2023-08-13,ATM08,23.96
2023-08-14,ATM08,92.38
2023-08-15,ATM08,91.18
2023-08-16,ATM08,81.66
2023-08-17,ATM08,31.95
2023-08-18,ATM08,88.4
2023-08-19,ATM08,40.32
2023-08-20,ATM08,26.57
2023-08-21,ATM08,81.92
2023-08-22,ATM08,72.8
2023-08-23,ATM08,67.74
2023-08-24,ATM08,79.84
2023-08-25,ATM08,139.06
2023-08-26,ATM08,60.39
2023-08-27,ATM08,48.86
2023-08-28,ATM08,189.7
2023-08-29,ATM08,149.04
2023-08-30,ATM08,133.63
2023-08-31,ATM08,113.47
2023-09-01,ATM08,143.24
2023-09-02,ATM08,53.82
2023-09-03,ATM08,34.06
2023-09-04,ATM08,94.4
2023-09-05,ATM08,98.53
2023-09-06,ATM08,100.84
2023-09-07,ATM08,101.15
2023-09-08,ATM08,100.93
2023-09-09,ATM08,44.68
2023-09-10,ATM08,35.79
2023-09-11,ATM08,89.63
2023-09-12,ATM08,92.79
2023-09-13,ATM08,64.72
2023-09-14,ATM08,81.29
2023-09-15,ATM08,74.31
2023-09-16,ATM08,29.84
2023-09-17,ATM08,21.94
2023-09-18,ATM08,79.32
2023-09-19,ATM08,88.94
2023-09-20,ATM08,71.01
2023-09-21,ATM08,75.66
2023-09-22,ATM08,83.49
2023-09-23,ATM08,39.62
2023-09-24,ATM08,30.19
2023-09-25,ATM08,123.52
2023-09-26,ATM08,117.42
2023-09-27,ATM08,146.33
2023-09-28,ATM08,147.27
2023-09-29,ATM08,134.63
2023-09-30,ATM08,50.09
2023-10-01,ATM08,38.95
2023-10-02,ATM08,123.77
2023-10-03,ATM08,78.59
2023-10-04,ATM08,82.51
2023-10-05,ATM08,105.86
2023-10-06,ATM08,106.32
2023-10-07,ATM08,39.61
2023-10-08,ATM08,31.54
2023-10-09,ATM08,131.65
2023-10-10,ATM08,95.63
2023-10-11,ATM08,101.37
2023-10-12,ATM08,86.39
2023-10-13,ATM08,91.02
2023-10-14,ATM08,34.62
2023-10-15,ATM08,24.85
2023-10-16,ATM08,83.86
2023-10-17,ATM08,91.53
2023-10-18,ATM08,80.67
2023-10-19,ATM08,83.22
2023-10-20,ATM08,99.52
2023-10-21,ATM08,32.86
2023-10-22,ATM08,29.8
2023-10-23,ATM08,93.78
2023-10-24,ATM08,85.69
2023-10-25,ATM08,102.8
2023-10-26,ATM08,111.28
2023-10-27,ATM08,136.54
2023-10-28,ATM08,62.79
2023-10-29,ATM08,47.02
2023-10-30,ATM08,161.51
2023-10-31,ATM08,121.89
2023-11-01,ATM08,123.4
2023-11-02,ATM08,143.91
2023-11-03,ATM08,102.28
2023-11-04,ATM08,43.7
2023-11-05,ATM08,35.13
2023-11-06,ATM08,111.41
2023-11-07,ATM08,98.13
2023-11-08,ATM08,87.95
2023-11-09,ATM08,113.43
2023-11-10,ATM08,106.39
2023-11-11,ATM08,38.44
2023-11-12,ATM08,27.06
2023-11-13,ATM08,89.33
2023-11-14,ATM08,86.82
2023-11-15,ATM08,89.74
2023-11-16,ATM08,94.49
2023-11-17,ATM08,89.28
2023-11-18,ATM08,29.11
2023-11-19,ATM08,25.21
2023-11-20,ATM08,71.07
2023-11-21,ATM08,74.21
2023-11-22,ATM08,75.63
2023-11-23,ATM08,85.15
2023-11-24,ATM08,115.43
2023-11-25,ATM08,46.48
2023-11-26,ATM08,49.47
2023-11-27,ATM08,142.05
2023-11-28,ATM08,136.3
2023-11-29,ATM08,112.44
2023-11-30,ATM08,134.42
2023-12-01,ATM08,143.05
2023-12-02,ATM08,52.45
2023-12-03,ATM08,25.19
2023-12-04,ATM08,93.65
2023-12-05,ATM08,103.1
2023-12-06,ATM08,97.5
2023-12-07,ATM08,111.03
2023-12-08,ATM08,127.82
2023-12-09,ATM08,40.4
2023-12-10,ATM08,32.36
2023-12-11,ATM08,96.73
2023-12-12,ATM08,88.71
2023-12-13,ATM08,87.51
2023-12-14,ATM08,86.69
2023-12-15,ATM08,75.57
2023-12-16,ATM08,32.38
2023-12-17,ATM08,23.49
2023-12-18,ATM08,103.91
2023-12-19,ATM08,113.12
2023-12-20,ATM08,110.6
2023-12-21,ATM08,97.1
2023-12-22,ATM08,91.79
2023-12-23,ATM08,33.54
2023-12-24,ATM08,34.31
2023-12-25,ATM08,57.28
2023-12-26,ATM08,105.82
2023-12-27,ATM08,136.74
2023-12-28,ATM08,161.59
2023-12-29,ATM08,193.37
2023-12-30,ATM08,70.6
2023-12-31,ATM08,55.24
2024-01-01,ATM08,59.4
2024-01-02,ATM08,106.28
2024-01-03,ATM08,90.13
2024-01-04,ATM08,100.68
2024-01-05,ATM08,106.21
2024-01-06,ATM08,39.04
2024-01-07,ATM08,27.6
2024-01-08,ATM08,86.52
2024-01-09,ATM08,110.73
2024-01-10,ATM08,110.19
2024-01-11,ATM08,95.24
2024-01-12,ATM08,100.38
2024-01-13,ATM08,32.26
2024-01-14,ATM08,27.98
2024-01-15,ATM08,109.18
2024-01-16,ATM08,78.57
2024-01-17,ATM08,86.07
2024-01-18,ATM08,90.41
2024-01-19,ATM08,100.71
2024-01-20,ATM08,43.1
2024-01-21,ATM08,37.14
2024-01-22,ATM08,99.56
2024-01-23,ATM08,96.0
2024-01-24,ATM08,90.3
2024-01-25,ATM08,121.78
2024-01-26,ATM08,139.85
2024-01-27,ATM08,56.09
2024-01-28,ATM08,42.77
2024-01-29,ATM08,123.41
2024-01-30,ATM08,116.58
2024-01-31,ATM08,116.01
2024-02-01,ATM08,110.93
2024-02-02,ATM08,134.68
2024-02-03,ATM08,41.1
2024-02-04,ATM08,34.92
2024-02-05,ATM08,97.55
2024-02-06,ATM08,89.45
2024-02-07,ATM08,110.95
2024-02-08,ATM08,101.18
2024-02-09,ATM08,108.17
2024-02-10,ATM08,13.67
2024-02-11,ATM08,30.26
2024-02-12,ATM08,105.83
2024-02-13,ATM08,103.44
2024-02-14,ATM08,92.68
2024-02-15,ATM08,79.9
2024-02-16,ATM08,110.9
2024-02-17,ATM08,41.21
2024-02-18,ATM08,27.62
2024-02-19,ATM08,104.39
2024-02-20,ATM08,85.71
2024-02-21,ATM08,99.12
2024-02-22,ATM08,106.61
2024-02-23,ATM08,92.28
2024-02-24,ATM08,36.79
2024-02-25,ATM08,45.1
2024-02-26,ATM08,185.37
2024-02-27,ATM08,135.54
2024-02-28,ATM08,152.56
2024-02-29,ATM08,137.7
2024-03-01,ATM08,124.89
2024-03-02,ATM08,48.75
2024-03-03,ATM08,30.0
2024-03-04,ATM08,88.96
2024-03-05,ATM08,94.48
2024-03-06,ATM08,106.31
2024-03-07,ATM08,103.57
2024-03-08,ATM08,102.48
2024-03-09,ATM08,38.4
2024-03-10,ATM08,26.38
2024-03-11,ATM08,89.42
2024-03-12,ATM08,95.69
2024-03-13,ATM08,91.78
2024-03-14,ATM08,74.91
2024-03-15,ATM08,81.8
2024-03-16,ATM08,33.25
2024-03-17,ATM08,29.79
2024-03-18,ATM08,106.33
2024-03-19,ATM08,111.25
2024-03-20,ATM08,98.04
2024-03-21,ATM08,100.05
2024-03-22,ATM08,86.94
2024-03-23,ATM08,36.48
2024-03-24,ATM08,25.47
2024-03-25,ATM08,134.65
2024-03-26,ATM08,188.1
2024-03-27,ATM08,166.41
2024-03-28,ATM08,139.46
2024-03-29,ATM08,162.71
2024-03-30,ATM08,57.19
2024-03-31,ATM08,41.42
2024-04-01,ATM08,185.81
2024-04-02,ATM08,183.62
2024-04-03,ATM08,132.81
2024-04-04,ATM08,120.05
2024-04-05,ATM08,127.05
2024-04-06,ATM08,57.98
2024-04-07,ATM08,43.26
2024-04-08,ATM08,96.68
2024-04-09,ATM08,143.3
2024-04-10,ATM08,10.9
2024-04-11,ATM08,10.82
2024-04-12,ATM08,31.93
2024-04-13,ATM08,11.58
2024-04-14,ATM08,9.16
2024-04-15,ATM08,26.64
2024-04-16,ATM08,22.08
2024-04-17,ATM08,31.56
2024-04-18,ATM08,45.96
2024-04-19,ATM08,51.04
2024-04-20,ATM08,20.48
2024-04-21,ATM08,21.63
2024-04-22,ATM08,71.66
2024-04-23,ATM08,72.73
2024-04-24,ATM08,78.54
2024-04-25,ATM08,121.06
2024-04-26,ATM08,113.24
2024-04-27,ATM08,44.4
2024-04-28,ATM08,38.34
2024-04-29,ATM08,131.94
2024-04-30,ATM08,142.81
2024-05-01,ATM08,65.09
2024-05-02,ATM08,166.45
2024-05-03,ATM08,131.68
2024-05-04,ATM08,42.84
2024-05-05,ATM08,29.67
2024-05-06,ATM08,99.27
2024-05-07,ATM08,101.89
2024-05-08,ATM08,107.94
2024-05-09,ATM08,108.38
2024-05-10,ATM08,94.89
2024-05-11,ATM08,37.93
2024-05-12,ATM08,31.98
2024-05-13,ATM08,104.5
2024-05-14,ATM08,90.18
2024-05-15,ATM08,78.82
2024-05-16,ATM08,74.0
2024-05-17,ATM08,79.99
2024-05-18,ATM08,33.12
2024-05-19,ATM08,27.72
2024-05-20,ATM08,76.1
2024-05-21,ATM08,74.2
2024-05-22,ATM08,81.25
2024-05-23,ATM08,74.63
2024-05-24,ATM08,90.74
2024-05-25,ATM08,49.39
2024-05-26,ATM08,36.16
2024-05-27,ATM08,125.91
2024-05-28,ATM08,128.32
2024-05-29,ATM08,115.18
2024-05-30,ATM08,117.27
2024-05-31,ATM08,139.44
2024-06-01,ATM08,18.99
2024-06-02,ATM08,32.04
2024-06-03,ATM08,76.72
2024-06-04,ATM08,81.12
2024-06-05,ATM08,76.85
2024-06-06,ATM08,83.45
2024-06-07,ATM08,117.88
2024-06-08,ATM08,35.53
2024-06-09,ATM08,28.25
2024-06-10,ATM08,106.32
2024-06-11,ATM08,95.23
2024-06-12,ATM08,84.89
2024-06-13,ATM08,82.49
2024-06-14,ATM08,94.76
2024-06-15,ATM08,41.8
2024-06-16,ATM08,27.38
2024-06-17,ATM08,32.48
2024-06-18,ATM08,69.27
2024-06-19,ATM08,77.44
2024-06-20,ATM08,68.97
2024-06-21,ATM08,79.2
2024-06-22,ATM08,28.94
2024-06-23,ATM08,27.67
2024-06-24,ATM08,83.83
2024-06-25,ATM08,128.09
2024-06-26,ATM08,105.73
2024-06-27,ATM08,117.38
2024-06-28,ATM08,115.88
2024-06-29,ATM08,45.25
2024-06-30,ATM08,47.9
2024-07-01,ATM08,157.08
2024-07-02,ATM08,133.57
2024-07-03,ATM08,140.04
2024-07-04,ATM08,102.53
2024-07-05,ATM08,122.2
2024-07-06,ATM08,35.44
2024-07-07,ATM08,28.29
2024-07-08,ATM08,83.3
2024-07-09,ATM08,90.47
2024-07-10,ATM08,81.47
2024-07-11,ATM08,79.52
2024-07-12,ATM08,100.08
2024-07-13,ATM08,33.34
2024-07-14,ATM08,27.13
2024-07-15,ATM08,96.04
2024-07-16,ATM08,73.73
2024-07-17,ATM08,72.4
2024-07-18,ATM08,78.43
2024-07-19,ATM08,94.49
2024-07-20,ATM08,40.42
2024-07-21,ATM08,27.86
2024-07-22,ATM08,85.73
2024-07-23,ATM08,74.89
2024-07-24,ATM08,82.06
2024-07-25,ATM08,119.7
2024-07-26,ATM08,129.27
2024-07-27,ATM08,49.22
2024-07-28,ATM08,41.38
2024-07-29,ATM08,124.54
2024-07-30,ATM08,111.91
2024-07-31,ATM08,124.2
2024-08-01,ATM08,88.98
2024-08-02,ATM08,109.05
2024-08-03,ATM08,31.1
2024-08-04,ATM08,31.23
2024-08-05,ATM08,96.05
2024-08-06,ATM08,88.02
2024-08-07,ATM08,91.33
2024-08-08,ATM08,87.43
2024-08-09,ATM08,95.53
2024-08-10,ATM08,32.93
2024-08-11,ATM08,24.8
2024-08-12,ATM08,80.26
2024-08-13,ATM08,71.52
2024-08-14,ATM08,68.18
2024-08-15,ATM08,76.27
2024-08-16,ATM08,89.9
2024-08-17,ATM08,11.54
2024-08-18,ATM08,26.6
2024-08-19,ATM08,94.4
2024-08-20,ATM08,95.67
2024-08-21,ATM08,91.16
2024-08-22,ATM08,92.56
2024-08-23,ATM08,120.54
2024-08-24,ATM08,37.24
2024-08-25,ATM08,36.68
2024-08-26,ATM08,105.84
2024-08-27,ATM08,137.12
2024-08-28,ATM08,157.39
2024-08-29,ATM08,124.52
2024-08-30,ATM08,124.92
2024-08-31,ATM08,47.16
2024-09-01,ATM08,43.61
2024-09-02,ATM08,117.51
2024-09-03,ATM08,73.14
2024-09-04,ATM08,107.04
2024-09-05,ATM08,103.59
2024-09-06,ATM08,113.11
2024-09-07,ATM08,39.46
2024-09-08,ATM08,31.98
2024-09-09,ATM08,86.1
2024-09-10,ATM08,70.5
2024-09-11,ATM08,77.67
2024-09-12,ATM08,62.47
2024-09-13,ATM08,76.72
2024-09-14,ATM08,30.14
2024-09-15,ATM08,24.1
2024-09-16,ATM08,78.0
2024-09-17,ATM08,70.57
2024-09-18,ATM08,62.84
2024-09-19,ATM08,74.04
2024-09-20,ATM08,82.8
2024-09-21,ATM08,27.9
2024-09-22,ATM08,24.22
2024-09-23,ATM08,80.38
2024-09-24,ATM08,75.83
2024-09-25,ATM08,93.79
2024-09-26,ATM08,117.52
2024-09-27,ATM08,114.93
2024-09-28,ATM08,47.32
2024-09-29,ATM08,34.87
2024-09-30,ATM08,117.1
2024-10-01,ATM08,134.0
2024-10-02,ATM08,135.66
2024-10-03,ATM08,111.7
2024-10-04,ATM08,115.22
2024-10-05,ATM08,42.44
2024-10-06,ATM08,25.77
2024-10-07,ATM08,88.96
2024-10-08,ATM08,87.89
2024-10-09,ATM08,104.58
2024-10-10,ATM08,81.3
2024-10-11,ATM08,91.78
2024-10-12,ATM08,34.8
2024-10-13,ATM08,30.14
2024-10-14,ATM08,90.16
2024-10-15,ATM08,91.9
2024-10-16,ATM08,71.56
2024-10-17,ATM08,64.58
2024-10-18,ATM08,62.5
2024-10-19,ATM08,31.12
2024-10-20,ATM08,27.16
2024-10-21,ATM08,96.33
2024-10-22,ATM08,80.19
2024-10-23,ATM08,76.28
2024-10-24,ATM08,78.3
2024-10-25,ATM08,153.97
2024-10-26,ATM08,64.47
2024-10-27,ATM08,47.72
2024-10-28,ATM08,145.72
2024-10-29,ATM08,150.61
2024-10-30,ATM08,130.9
2024-10-31,ATM08,121.08
2024-11-01,ATM08,131.24
2024-11-02,ATM08,44.69
2024-11-03,ATM08,27.88
2024-11-04,ATM08,84.26
2024-11-05,ATM08,98.25
2024-11-06,ATM08,101.86
2024-11-07,ATM08,114.12
2024-11-08,ATM08,93.58
2024-11-09,ATM08,45.51
2024-11-10,ATM08,23.61
2024-11-11,ATM08,71.73
2024-11-12,ATM08,70.58
2024-11-13,ATM08,88.37
2024-11-14,ATM08,86.8
2024-11-15,ATM08,89.19
2024-11-16,ATM08,30.65
2024-11-17,ATM08,21.49
2024-11-18,ATM08,88.83
2024-11-19,ATM08,90.8
2024-11-20,ATM08,99.42
2024-11-21,ATM08,93.22
2024-11-22,ATM08,70.72
2024-11-23,ATM08,26.26
2024-11-24,ATM08,24.54
2024-11-25,ATM08,119.83
2024-11-26,ATM08,111.79
2024-11-27,ATM08,104.11
2024-11-28,ATM08,126.33
2024-11-29,ATM08,142.43
2024-11-30,ATM08,54.48
2024-12-01,ATM08,37.73
2024-12-02,ATM08,128.62
2024-12-03,ATM08,81.18
2024-12-04,ATM08,86.65
2024-12-05,ATM08,68.54
2024-12-06,ATM08,74.77
2024-12-07,ATM08,32.16
2024-12-08,ATM08,35.79
2024-12-09,ATM08,87.27
2024-12-10,ATM08,67.48
2024-12-11,ATM08,76.68
2024-12-12,ATM08,96.34
2024-12-13,ATM08,98.01
2024-12-14,ATM08,37.63
2024-12-15,ATM08,28.49
2024-12-16,ATM08,87.65
2024-12-17,ATM08,86.87
2024-12-18,ATM08,81.36
2024-12-19,ATM08,91.97
2024-12-20,ATM08,82.04
2024-12-21,ATM08,36.98
2024-12-22,ATM08,28.45
2024-12-23,ATM08,90.45
2024-12-24,ATM08,72.85
2024-12-25,ATM08,43.51
2024-12-26,ATM08,137.96
2024-12-27,ATM08,143.45
2024-12-28,ATM08,55.54
2024-12-29,ATM08,38.58
2024-12-30,ATM08,132.28
2024-12-31,ATM08,111.25
2025-01-01,ATM08,45.72
2025-01-02,ATM08,123.39
2025-01-03,ATM08,106.22
2025-01-04,ATM08,35.27
2025-01-05,ATM08,27.62
2025-01-06,ATM08,100.28
2025-01-07,ATM08,92.39
2025-01-08,ATM08,90.08
2025-01-09,ATM08,113.32
2025-01-10,ATM08,87.07
2025-01-11,ATM08,37.13
2025-01-12,ATM08,23.93
2025-01-13,ATM08,88.15
2025-01-14,ATM08,89.28
2025-01-15,ATM08,80.12
2025-01-16,ATM08,70.59
2025-01-17,ATM08,66.96
2025-01-18,ATM08,27.37
2025-01-19,ATM08,25.08
2025-01-20,ATM08,74.38
2025-01-21,ATM08,77.31
2025-01-22,ATM08,67.49
2025-01-23,ATM08,72.78
2025-01-24,ATM08,74.29
2025-01-25,ATM08,45.61
2025-01-26,ATM08,35.22
2025-01-27,ATM08,106.93
2025-01-28,ATM08,104.64
2025-01-29,ATM08,41.02
2025-01-30,ATM08,97.47
2025-01-31,ATM08,135.27
2025-02-01,ATM08,48.23
2025-02-02,ATM08,29.94
2025-02-03,ATM08,81.07
2025-02-04,ATM08,94.87
2025-02-05,ATM08,86.38
2025-02-06,ATM08,106.17
2025-02-07,ATM08,98.09
2025-02-08,ATM08,39.64
2025-02-09,ATM08,33.81
2025-02-10,ATM08,94.39
2025-02-11,ATM08,73.1
2025-02-12,ATM08,69.71
2025-02-13,ATM08,86.07
2025-02-14,ATM08,83.08
2025-02-15,ATM08,35.86
2025-02-16,ATM08,25.46
2025-02-17,ATM08,85.48
2025-02-18,ATM08,69.79
2025-02-19,ATM08,70.79
2025-02-20,ATM08,69.18
2025-02-21,ATM08,84.3
2025-02-22,ATM08,32.75
2025-02-23,ATM08,26.95
2025-02-24,ATM08,81.77
2025-02-25,ATM08,107.85
2025-02-26,ATM08,117.36
2025-02-27,ATM08,106.68
2025-02-28,ATM08,140.57
2025-03-01,ATM08,50.33
2025-03-02,ATM08,37.45
2025-03-03,ATM08,100.86
2025-03-04,ATM08,93.7
2025-03-05,ATM08,77.7
2025-03-06,ATM08,76.26
2025-03-07,ATM08,104.15
2025-03-08,ATM08,38.82
2025-03-09,ATM08,24.79
2025-03-10,ATM08,82.24
2025-03-11,ATM08,76.67
2025-03-12,ATM08,73.76
2025-03-13,ATM08,70.88
2025-03-14,ATM08,96.86
2025-03-15,ATM08,29.22
2025-03-16,ATM08,23.49
2025-03-17,ATM08,87.65
2025-03-18,ATM08,104.95
2025-03-19,ATM08,104.44
2025-03-20,ATM08,89.94
2025-03-21,ATM08,119.91
2025-03-22,ATM08,36.07
2025-03-23,ATM08,30.56
2025-03-24,ATM08,107.62
2025-03-25,ATM08,137.9
2025-03-26,ATM08,156.89
2025-03-27,ATM08,146.42
2025-03-28,ATM08,177.95
2025-03-29,ATM08,53.33
2025-03-30,ATM08,47.92
2025-03-31,ATM08,14.21
2025-04-01,ATM08,15.98
2025-04-02,ATM08,37.68
2025-04-03,ATM08,32.43
2025-04-04,ATM08,34.35
2025-04-05,ATM08,11.85
2025-04-06,ATM08,9.82
2025-04-07,ATM08,42.91
2025-04-08,ATM08,49.2
2025-04-09,ATM08,42.55
2025-04-10,ATM08,42.87
2025-04-11,ATM08,68.92
2025-04-12,ATM08,24.32
2025-04-13,ATM08,24.49
2025-04-14,ATM08,92.84
2025-04-15,ATM08,77.63
2025-04-16,ATM08,63.54
2025-04-17,ATM08,67.93
2025-04-18,ATM08,102.16
2025-04-19,ATM08,32.03
2025-04-20,ATM08,23.16
2025-04-21,ATM08,71.99
2025-04-22,ATM08,85.67
2025-04-23,ATM08,80.51
2025-04-24,ATM08,75.06
2025-04-25,ATM08,148.92
2025-04-26,ATM08,55.56
2025-04-27,ATM08,36.56
2025-04-28,ATM08,107.75
2025-04-29,ATM08,127.53
2025-04-30,ATM08,123.79
2025-05-01,ATM08,41.12
2025-05-02,ATM08,100.53
2025-05-03,ATM08,29.61
2025-05-04,ATM08,22.96
2025-05-05,ATM08,68.96
2025-05-06,ATM08,70.29
2025-05-07,ATM08,73.77
2025-05-08,ATM08,79.27
2025-05-09,ATM08,113.22
2025-05-10,ATM08,33.59
2025-05-11,ATM08,25.31
2025-05-12,ATM08,88.34
2025-05-13,ATM08,79.96
2025-05-14,ATM08,83.67
2025-05-15,ATM08,84.27
2025-05-16,ATM08,90.63
2025-05-17,ATM08,45.17
2025-05-18,ATM08,32.55
2025-05-19,ATM08,83.0
2025-05-20,ATM08,83.09
2025-05-21,ATM08,74.63
2025-05-22,ATM08,81.48
2025-05-23,ATM08,75.68
2025-05-24,ATM08,27.18
2025-05-25,ATM08,36.49
2025-05-26,ATM08,137.21
2025-05-27,ATM08,132.07
2025-05-28,ATM08,137.65
2025-05-29,ATM08,133.01
2025-05-30,ATM08,139.75
2025-05-31,ATM08,47.83
2025-06-01,ATM08,16.51
2025-06-02,ATM08,145.4
2025-06-03,ATM08,97.61
2025-06-04,ATM08,93.25
2025-06-05,ATM08,110.23
2025-06-06,ATM08,43.43
2025-06-07,ATM08,39.3
2025-06-08,ATM08,31.47
2025-06-09,ATM08,98.24
2025-06-10,ATM08,73.75
2025-06-11,ATM08,80.34
2025-06-12,ATM08,79.75
2025-06-13,ATM08,106.64
2025-06-14,ATM08,39.03
2025-06-15,ATM08,25.78
2025-06-16,ATM08,91.05
2025-06-17,ATM08,85.89
2025-06-18,ATM08,95.29
2025-06-19,ATM08,81.6
2025-06-20,ATM08,89.79
2025-06-21,ATM08,32.75
2025-06-22,ATM08,25.59
2025-06-23,ATM08,75.95
2025-06-24,ATM08,81.49
2025-06-25,ATM08,126.5
2025-06-26,ATM08,141.32
2025-06-27,ATM08,140.52
2025-06-28,ATM08,48.35
2025-06-29,ATM08,41.29
2025-06-30,ATM08,118.86
2025-07-01,ATM08,131.71
2025-07-02,ATM08,140.69
2025-07-03,ATM08,113.25
2025-07-04,ATM08,114.63
2025-07-05,ATM08,37.79
2025-07-06,ATM08,29.62
2025-07-07,ATM08,100.59
2025-07-08,ATM08,88.06
2025-07-09,ATM08,104.2
2025-07-10,ATM08,89.97
2025-07-11,ATM08,83.2
2025-07-12,ATM08,39.3
2025-07-13,ATM08,27.86
2025-07-14,ATM08,77.03
2025-07-15,ATM08,70.17
2025-07-16,ATM08,88.58
2025-07-17,ATM08,102.08
2025-07-18,ATM08,108.51
2025-07-19,ATM08,41.61
2025-07-20,ATM08,32.32
2025-07-21,ATM08,98.7
2025-07-22,ATM08,89.08
2025-07-23,ATM08,88.82
2025-07-24,ATM08,90.63
2025-07-25,ATM08,127.19
2025-07-26,ATM08,52.34
2025-07-27,ATM08,45.98
2025-07-28,ATM08,132.86
2025-07-29,ATM08,118.54
2025-07-30,ATM08,125.3
2025-07-31,ATM08,113.5
2025-08-01,ATM08,110.03
2025-08-02,ATM08,51.31
2025-08-03,ATM08,28.31
2025-08-04,ATM08,94.56
2025-08-05,ATM08,85.03
2025-08-06,ATM08,101.77
2025-08-07,ATM08,105.31
2025-08-08,ATM08,103.43
2025-08-09,ATM08,33.36
2025-08-10,ATM08,23.11
2025-08-11,ATM08,84.88
2025-08-12,ATM08,81.86
2025-08-13,ATM08,81.44
2025-08-14,ATM08,82.17
2025-08-15,ATM08,95.57
2025-08-16,ATM08,33.78
2025-08-17,ATM08,10.8
2025-08-18,ATM08,76.68
2025-08-19,ATM08,101.39
2025-08-20,ATM08,85.84
2025-08-21,ATM08,84.03
2025-08-22,ATM08,94.48
2025-08-23,ATM08,32.25
2025-08-24,ATM08,25.18
2025-08-25,ATM08,124.13
2025-08-26,ATM08,107.43
2025-08-27,ATM08,119.18
2025-08-28,ATM08,99.24
2025-08-29,ATM08,144.95
2025-08-30,ATM08,55.77
2025-08-31,ATM08,43.14
2025-09-01,ATM08,108.87
2025-09-02,ATM08,102.6
2025-09-03,ATM08,99.32
2025-09-04,ATM08,149.46
2025-09-05,ATM08,141.55
2025-09-06,ATM08,48.95
2025-09-07,ATM08,34.7
2025-09-08,ATM08,94.01
2025-09-09,ATM08,100.97
2025-09-10,ATM08,73.45
2025-09-11,ATM08,66.96
2025-09-12,ATM08,69.59
2025-09-13,ATM08,32.7
2025-09-14,ATM08,25.12
2025-09-15,ATM08,83.52
2025-09-16,ATM08,79.29
2025-09-17,ATM08,69.94
2025-09-18,ATM08,69.48
2025-09-19,ATM08,75.99
2025-09-20,ATM08,26.17
2025-09-21,ATM08,21.63
2025-09-22,ATM08,68.53
2025-09-23,ATM08,77.4
2025-09-24,ATM08,84.17
2025-09-25,ATM08,105.73
2025-09-26,ATM08,118.84
2025-09-27,ATM08,57.23
2025-09-28,ATM08,36.46
2025-09-29,ATM08,127.84
2025-09-30,ATM08,121.53
2025-10-01,ATM08,135.09
2025-10-02,ATM08,129.77
2025-10-03,ATM08,98.39
2025-10-04,ATM08,37.29
2025-10-05,ATM08,29.19
2025-10-06,ATM08,94.36
2025-10-07,ATM08,78.27
2025-10-08,ATM08,97.31
2025-10-09,ATM08,105.26
2025-10-10,ATM08,82.0
2025-10-11,ATM08,30.54
2025-10-12,ATM08,23.88
2025-10-13,ATM08,70.97
2025-10-14,ATM08,60.01
2025-10-15,ATM08,64.75
2025-10-16,ATM08,69.36
2025-10-17,ATM08,69.26
2025-10-18,ATM08,29.82
2025-10-19,ATM08,27.5
2025-10-20,ATM08,94.19
2025-10-21,ATM08,82.51
2025-10-22,ATM08,65.68
2025-10-23,ATM08,78.51
2025-10-24,ATM08,87.16
2025-10-25,ATM08,50.95
2025-10-26,ATM08,47.61
2025-10-27,ATM08,125.4
2025-10-28,ATM08,86.66
2025-10-29,ATM08,91.46
2025-10-30,ATM08,111.0
2025-10-31,ATM08,125.6
2025-11-01,ATM08,41.76
2025-11-02,ATM08,30.08
2025-11-03,ATM08,82.31
2025-11-04,ATM08,74.08
2025-11-05,ATM08,87.53
2025-11-06,ATM08,85.15
2025-11-07,ATM08,89.6
2025-11-08,ATM08,32.58
2025-11-09,ATM08,27.96
2025-11-10,ATM08,81.5
2025-11-11,ATM08,80.05
2025-11-12,ATM08,80.81
2025-11-13,ATM08,78.93
2025-11-14,ATM08,76.65
2025-11-15,ATM08,28.2
2025-11-16,ATM08,22.56
2025-11-17,ATM08,98.4
2025-11-18,ATM08,73.44
2025-11-19,ATM08,72.75
2025-11-20,ATM08,76.67
2025-11-21,ATM08,81.94
2025-11-22,ATM08,35.42
2025-11-23,ATM08,25.23
2025-11-24,ATM08,80.31
2025-11-25,ATM08,127.49
2025-11-26,ATM08,148.87
2025-11-27,ATM08,152.69
2025-11-28,ATM08,142.15
2025-11-29,ATM08,50.11
2025-11-30,ATM08,38.31
2025-12-01,ATM08,126.27
2025-12-02,ATM08,108.42
2025-12-03,ATM08,96.34
2025-12-04,ATM08,95.0
2025-12-05,ATM08,100.17
2025-12-06,ATM08,32.32
2025-12-07,ATM08,27.21
2025-12-08,ATM08,74.7
2025-12-09,ATM08,76.13
2025-12-10,ATM08,68.25
2025-12-11,ATM08,75.97
2025-12-12,ATM08,103.62
2025-12-13,ATM08,37.21
2025-12-14,ATM08,31.25
2025-12-15,ATM08,105.08
2025-12-16,ATM08,103.41
2025-12-17,ATM08,113.53
2025-12-18,ATM08,89.05
2025-12-19,ATM08,86.46
2025-12-20,ATM08,36.15
2025-12-21,ATM08,27.42
2025-12-22,ATM08,91.29
2025-12-23,ATM08,83.42
2025-12-24,ATM08,78.65
2025-12-25,ATM08,58.65
2025-12-26,ATM08,130.76
2025-12-27,ATM08,54.5
2025-12-28,ATM08,43.67
2025-12-29,ATM08,115.37
2025-12-30,ATM08,108.61
2025-12-31,ATM08,109.85
2022-01-01,ATM09,185.33
2022-01-02,ATM09,229.02
2022-01-03,ATM09,160.4
2022-01-04,ATM09,150.43
2022-01-05,ATM09,133.39
2022-01-06,ATM09,124.81
2022-01-07,ATM09,177.51
2022-01-08,ATM09,136.69
2022-01-09,ATM09,137.73
2022-01-10,ATM09,109.32
2022-01-11,ATM09,107.63
2022-01-12,ATM09,106.6
2022-01-13,ATM09,102.14
2022-01-14,ATM09,123.91
2022-01-15,ATM09,101.64
2022-01-16,ATM09,106.04
2022-01-17,ATM09,115.64
2022-01-18,ATM09,99.33
2022-01-19,ATM09,130.2
2022-01-20,ATM09,116.62
2022-01-21,ATM09,127.57
2022-01-22,ATM09,127.92
2022-01-23,ATM09,120.6
2022-01-24,ATM09,142.83
2022-01-25,ATM09,233.0
2022-01-26,ATM09,211.21
2022-01-27,ATM09,209.82
2022-01-28,ATM09,247.75
2022-01-29,ATM09,227.5
2022-01-30,ATM09,225.39
2022-01-31,ATM09,215.06
2022-02-01,ATM09,176.94
2022-02-02,ATM09,182.74
2022-02-03,ATM09,114.14
2022-02-04,ATM09,142.38
2022-02-05,ATM09,128.7
2022-02-06,ATM09,108.5
2022-02-07,ATM09,128.09
2022-02-08,ATM09,113.55
2022-02-09,ATM09,124.32
2022-02-10,ATM09,117.47
2022-02-11,ATM09,133.84
2022-02-12,ATM09,126.11
2022-02-13,ATM09,133.27
2022-02-14,ATM09,127.92
2022-02-15,ATM09,126.46
2022-02-16,ATM09,107.51
2022-02-17,ATM09,111.78
2022-02-18,ATM09,144.65
2022-02-19,ATM09,160.42
2022-02-20,ATM09,123.17
2022-02-21,ATM09,117.36
2022-02-22,ATM09,103.89
2022-02-23,ATM09,104.38
2022-02-24,ATM09,96.39
2022-02-25,ATM09,165.3
2022-02-26,ATM09,197.41
2022-02-27,ATM09,162.86
2022-02-28,ATM09,168.26
2022-03-01,ATM09,159.89
2022-03-02,ATM09,183.99
2022-03-03,ATM09,130.52
2022-03-04,ATM09,137.2
2022-03-05,ATM09,136.39
2022-03-06,ATM09,117.27
2022-03-07,ATM09,137.36
2022-03-08,ATM09,130.24
2022-03-09,ATM09,132.86
2022-03-10,ATM09,136.87
2022-03-11,ATM09,162.35
2022-03-12,ATM09,126.52
2022-03-13,ATM09,129.57
2022-03-14,ATM09,130.49
2022-03-15,ATM09,115.3
2022-03-16,ATM09,121.71
2022-03-17,ATM09,99.48
2022-03-18,ATM09,142.6
2022-03-19,ATM09,151.29
2022-03-20,ATM09,118.83
2022-03-21,ATM09,114.74
2022-03-22,ATM09,94.87
2022-03-23,ATM09,103.84
2022-03-24,ATM09,106.14
2022-03-25,ATM09,151.19
2022-03-26,ATM09,192.27
2022-03-27,ATM09,201.49
2022-03-28,ATM09,186.08
2022-03-29,ATM09,165.41
2022-03-30,ATM09,174.15
2022-03-31,ATM09,169.52
2022-04-01,ATM09,164.68
2022-04-02,ATM09,170.65
2022-04-03,ATM09,128.43
2022-04-04,ATM09,138.46
2022-04-05,ATM09,132.53
2022-04-06,ATM09,135.94
2022-04-07,ATM09,113.6
2022-04-08,ATM09,147.36
2022-04-09,ATM09,154.24
2022-04-10,ATM09,165.65
2022-04-11,ATM09,139.84
2022-04-12,ATM09,135.08
2022-04-13,ATM09,181.86
2022-04-14,ATM09,157.77
2022-04-15,ATM09,161.1
2022-04-16,ATM09,149.16
2022-04-17,ATM09,171.35
2022-04-18,ATM09,143.45
2022-04-19,ATM09,151.64
2022-04-20,ATM09,145.85
2022-04-21,ATM09,149.63
2022-04-22,ATM09,147.74
2022-04-23,ATM09,201.72
2022-04-24,ATM09,174.79
2022-04-25,ATM09,218.37
2022-04-26,ATM09,261.32
2022-04-27,ATM09,241.49
2022-04-28,ATM09,258.22
2022-04-29,ATM09,314.14
2022-04-30,ATM09,333.28
2022-05-01,ATM09,217.88
2022-05-02,ATM09,114.66
2022-05-03,ATM09,86.75
2022-05-04,ATM09,88.86
2022-05-05,ATM09,89.92
2022-05-06,ATM09,84.7
2022-05-07,ATM09,100.67
2022-05-08,ATM09,81.62
2022-05-09,ATM09,91.96
2022-05-10,ATM09,88.68
2022-05-11,ATM09,106.55
2022-05-12,ATM09,96.23
2022-05-13,ATM09,133.42
2022-05-14,ATM09,149.68
2022-05-15,ATM09,123.17
2022-05-16,ATM09,111.53
2022-05-17,ATM09,95.99
2022-05-18,ATM09,110.88
2022-05-19,ATM09,105.87
2022-05-20,ATM09,141.81
2022-05-21,ATM09,131.73
2022-05-22,ATM09,110.71
2022-05-23,ATM09,121.06
2022-05-24,ATM09,108.2
2022-05-25,ATM09,159.06
2022-05-26,ATM09,181.04
2022-05-27,ATM09,192.76
2022-05-28,ATM09,198.63
2022-05-29,ATM09,180.9
2022-05-30,ATM09,146.91
2022-05-31,ATM09,159.84
2022-06-01,ATM09,157.33
2022-06-02,ATM09,182.39
2022-06-03,ATM09,163.18
2022-06-04,ATM09,157.23
2022-06-05,ATM09,157.67
2022-06-06,ATM09,142.42
2022-06-07,ATM09,137.15
2022-06-08,ATM09,129.76
2022-06-09,ATM09,137.78
2022-06-10,ATM09,127.38
2022-06-11,ATM09,161.89
2022-06-12,ATM09,167.19
2022-06-13,ATM09,156.13
2022-06-14,ATM09,154.77
2022-06-15,ATM09,112.41
2022-06-16,ATM09,98.6
2022-06-17,ATM09,115.95
2022-06-18,ATM09,129.98
2022-06-19,ATM09,118.64
2022-06-20,ATM09,101.4
2022-06-21,ATM09,122.03
2022-06-22,ATM09,151.56
2022-06-23,ATM09,151.76
2022-06-24,ATM09,164.26
2022-06-25,ATM09,217.11
2022-06-26,ATM09,167.44
2022-06-27,ATM09,171.95
2022-06-28,ATM09,206.74
2022-06-29,ATM09,175.4
2022-06-30,ATM09,161.04
2022-07-01,ATM09,203.39
2022-07-02,ATM09,227.89
2022-07-03,ATM09,136.76
2022-07-04,ATM09,133.78
2022-07-05,ATM09,122.54
2022-07-06,ATM09,128.36
2022-07-07,ATM09,146.84
2022-07-08,ATM09,139.78
2022-07-09,ATM09,168.62
2022-07-10,ATM09,124.26
2022-07-11,ATM09,163.68
2022-07-12,ATM09,137.92
2022-07-13,ATM09,124.82
2022-07-14,ATM09,128.48
2022-07-15,ATM09,130.12
2022-07-16,ATM09,111.63
2022-07-17,ATM09,110.05
2022-07-18,ATM09,113.93
2022-07-19,ATM09,94.91
2022-07-20,ATM09,105.72
2022-07-21,ATM09,89.11
2022-07-22,ATM09,110.19
2022-07-23,ATM09,129.56
2022-07-24,ATM09,122.07
2022-07-25,ATM09,164.22
2022-07-26,ATM09,158.81
2022-07-27,ATM09,148.23
2022-07-28,ATM09,156.83
2022-07-29,ATM09,178.7
2022-07-30,ATM09,170.79
2022-07-31,ATM09,169.4
2022-08-01,ATM09,176.03
2022-08-02,ATM09,162.32
2022-08-03,ATM09,170.3
2022-08-04,ATM09,145.14
2022-08-05,ATM09,147.01
2022-08-06,ATM09,145.76
2022-08-07,ATM09,121.68
2022-08-08,ATM09,140.51
2022-08-09,ATM09,122.45
2022-08-10,ATM09,106.53
2022-08-11,ATM09,105.64
2022-08-12,ATM09,110.73
2022-08-13,ATM09,104.1
2022-08-14,ATM09,103.86
2022-08-15,ATM09,125.43
2022-08-16,ATM09,120.41
2022-08-17,ATM09,133.52
2022-08-18,ATM09,137.83
2022-08-19,ATM09,147.27
2022-08-20,ATM09,176.43
2022-08-21,ATM09,137.02
2022-08-22,ATM09,129.91
2022-08-23,ATM09,119.49
2022-08-24,ATM09,139.73
2022-08-25,ATM09,177.15
2022-08-26,ATM09,174.31
2022-08-27,ATM09,198.52
2022-08-28,ATM09,160.56
2022-08-29,ATM09,176.7
2022-08-30,ATM09,172.95
2022-08-31,ATM09,164.03
2022-09-01,ATM09,174.02
2022-09-02,ATM09,157.58
2022-09-03,ATM09,144.76
2022-09-04,ATM09,128.02
2022-09-05,ATM09,182.27
2022-09-06,ATM09,150.71
2022-09-07,ATM09,130.33
2022-09-08,ATM09,112.01
2022-09-09,ATM09,155.35
2022-09-10,ATM09,134.13
2022-09-11,ATM09,112.04
2022-09-12,ATM09,122.09
2022-09-13,ATM09,124.78
2022-09-14,ATM09,128.72
2022-09-15,ATM09,121.99
2022-09-16,ATM09,133.64
2022-09-17,ATM09,140.56
2022-09-18,ATM09,129.48
2022-09-19,ATM09,131.51
2022-09-20,ATM09,135.42
2022-09-21,ATM09,125.26
2022-09-22,ATM09,109.86
2022-09-23,ATM09,123.24
2022-09-24,ATM09,143.46
2022-09-25,ATM09,144.77
2022-09-26,ATM09,130.48
2022-09-27,ATM09,159.18
2022-09-28,ATM09,190.32
2022-09-29,ATM09,151.81
2022-09-30,ATM09,176.11
2022-10-01,ATM09,178.46
2022-10-02,ATM09,162.27
2022-10-03,ATM09,138.17
2022-10-04,ATM09,113.22
2022-10-05,ATM09,108.11
2022-10-06,ATM09,115.69
2022-10-07,ATM09,134.1
2022-10-08,ATM09,128.84
2022-10-09,ATM09,139.07
2022-10-10,ATM09,117.45
2022-10-11,ATM09,108.77
2022-10-12,ATM09,116.18
2022-10-13,ATM09,114.37
2022-10-14,ATM09,139.59
2022-10-15,ATM09,125.83
2022-10-16,ATM09,101.59
2022-10-17,ATM09,108.54
2022-10-18,ATM09,110.63
2022-10-19,ATM09,98.96
2022-10-20,ATM09,92.6
2022-10-21,ATM09,118.05
2022-10-22,ATM09,118.91
2022-10-23,ATM09,98.38
2022-10-24,ATM09,123.03
2022-10-25,ATM09,151.78
2022-10-26,ATM09,178.48
2022-10-27,ATM09,169.69
2022-10-28,ATM09,188.78
2022-10-29,ATM09,187.59
2022-10-30,ATM09,127.27
2022-10-31,ATM09,131.84
2022-11-01,ATM09,142.21
2022-11-02,ATM09,158.9
2022-11-03,ATM09,105.43
2022-11-04,ATM09,129.65
2022-11-05,ATM09,126.69
2022-11-06,ATM09,129.58
2022-11-07,ATM09,132.86
2022-11-08,ATM09,138.82
2022-11-09,ATM09,150.12
2022-11-10,ATM09,129.85
2022-11-11,ATM09,147.87
2022-11-12,ATM09,137.41
2022-11-13,ATM09,167.8
2022-11-14,ATM09,122.84
2022-11-15,ATM09,109.42
2022-11-16,ATM09,124.37
2022-11-17,ATM09,129.61
2022-11-18,ATM09,141.73
2022-11-19,ATM09,150.84
2022-11-20,ATM09,101.95
2022-11-21,ATM09,133.62
2022-11-22,ATM09,117.7
2022-11-23,ATM09,133.42
2022-11-24,ATM09,98.41
2022-11-25,ATM09,170.81
2022-11-26,ATM09,172.17
2022-11-27,ATM09,174.28
2022-11-28,ATM09,177.84
2022-11-29,ATM09,171.4
2022-11-30,ATM09,147.48
2022-12-01,ATM09,153.88
2022-12-02,ATM09,171.02
2022-12-03,ATM09,154.76
2022-12-04,ATM09,153.75
2022-12-05,ATM09,145.9
2022-12-06,ATM09,115.71
2022-12-07,ATM09,124.2
2022-12-08,ATM09,168.87
2022-12-09,ATM09,192.72
2022-12-10,ATM09,110.0
2022-12-11,ATM09,111.83
2022-12-12,ATM09,129.39
2022-12-13,ATM09,116.1
2022-12-14,ATM09,109.75
2022-12-15,ATM09,118.04
2022-12-16,ATM09,142.48
2022-12-17,ATM09,128.8
2022-12-18,ATM09,141.69
2022-12-19,ATM09,134.62
2022-12-20,ATM09,113.45
2022-12-21,ATM09,134.81
2022-12-22,ATM09,108.61
2022-12-23,ATM09,121.45
2022-12-24,ATM09,127.65
2022-12-25,ATM09,208.37
2022-12-26,ATM09,183.91
2022-12-27,ATM09,137.29
2022-12-28,ATM09,146.44
2022-12-29,ATM09,168.96
2022-12-30,ATM09,206.47
2022-12-31,ATM09,266.67
2023-01-01,ATM09,212.91
2023-01-02,ATM09,195.84
2023-01-03,ATM09,124.39
2023-01-04,ATM09,151.3
2023-01-05,ATM09,132.7
2023-01-06,ATM09,133.92
2023-01-07,ATM09,138.29
2023-01-08,ATM09,113.93
2023-01-09,ATM09,118.84
2023-01-10,ATM09,105.38
2023-01-11,ATM09,119.52
2023-01-12,ATM09,111.84
2023-01-13,ATM09,108.9
2023-01-14,ATM09,103.84
2023-01-15,ATM09,110.46
2023-01-16,ATM09,116.76
2023-01-17,ATM09,106.15
2023-01-18,ATM09,105.05
2023-01-19,ATM09,114.88
2023-01-20,ATM09,147.58
2023-01-21,ATM09,130.29
2023-01-22,ATM09,114.62
2023-01-23,ATM09,133.86
2023-01-24,ATM09,110.1
2023-01-25,ATM09,157.05
2023-01-26,ATM09,157.98
2023-01-27,ATM09,152.18
2023-01-28,ATM09,176.35
2023-01-29,ATM09,165.24
2023-01-30,ATM09,177.42
2023-01-31,ATM09,143.67
2023-02-01,ATM09,152.51
2023-02-02,ATM09,182.17
2023-02-03,ATM09,188.35
2023-02-04,ATM09,193.92
2023-02-05,ATM09,133.48
2023-02-06,ATM09,140.86
2023-02-07,ATM09,123.7
2023-02-08,ATM09,129.9
2023-02-09,ATM09,118.22
2023-02-10,ATM09,100.82
2023-02-11,ATM09,114.97
2023-02-12,ATM09,122.09
2023-02-13,ATM09,124.82
2023-02-14,ATM09,121.28
2023-02-15,ATM09,120.02
2023-02-16,ATM09,121.94
2023-02-17,ATM09,137.61
2023-02-18,ATM09,133.2
2023-02-19,ATM09,121.53
2023-02-20,ATM09,146.11
2023-02-21,ATM09,126.44
2023-02-22,ATM09,119.91
2023-02-23,ATM09,117.85
2023-02-24,ATM09,124.76
2023-02-25,ATM09,175.21
2023-02-26,ATM09,167.65
2023-02-27,ATM09,158.59
2023-02-28,ATM09,152.86
2023-03-01,ATM09,143.32
2023-03-02,ATM09,153.67
2023-03-03,ATM09,147.74
2023-03-04,ATM09,147.23
2023-03-05,ATM09,107.39
2023-03-06,ATM09,129.44
2023-03-07,ATM09,126.99
2023-03-08,ATM09,113.99
2023-03-09,ATM09,131.85
2023-03-10,ATM09,109.4
2023-03-11,ATM09,138.69
2023-03-12,ATM09,121.68
2023-03-13,ATM09,93.88
2023-03-14,ATM09,103.87
2023-03-15,ATM09,104.31
2023-03-16,ATM09,102.78
2023-03-17,ATM09,110.62
2023-03-18,ATM09,122.45
2023-03-19,ATM09,109.7
2023-03-20,ATM09,93.71
2023-03-21,ATM09,117.0
2023-03-22,ATM09,111.97
2023-03-23,ATM09,104.04
2023-03-24,ATM09,106.49
2023-03-25,ATM09,185.93
2023-03-26,ATM09,145.59
2023-03-27,ATM09,159.35
2023-03-28,ATM09,145.69
2023-03-29,ATM09,144.1
2023-03-30,ATM09,134.55
2023-03-31,ATM09,152.06
2023-04-01,ATM09,177.34
2023-04-02,ATM09,176.02
2023-04-03,ATM09,132.82
2023-04-04,ATM09,134.51
2023-04-05,ATM09,156.3
2023-04-06,ATM09,127.98
2023-04-07,ATM09,157.14
2023-04-08,ATM09,157.55
2023-04-09,ATM09,140.58
2023-04-10,ATM09,145.56
2023-04-11,ATM09,136.88
2023-04-12,ATM09,128.01
2023-04-13,ATM09,166.14
2023-04-14,ATM09,199.71
2023-04-15,ATM09,160.49
2023-04-16,ATM09,137.64
2023-04-17,ATM09,170.08
2023-04-18,ATM09,163.02
2023-04-19,ATM09,201.2
2023-04-20,ATM09,202.67
2023-04-21,ATM09,219.16
2023-04-22,ATM09,81.04
2023-04-23,ATM09,80.84
2023-04-24,ATM09,73.05
2023-04-25,ATM09,120.48
2023-04-26,ATM09,120.43
2023-04-27,ATM09,104.96
2023-04-28,ATM09,130.46
2023-04-29,ATM09,177.78
2023-04-30,ATM09,142.46
2023-05-01,ATM09,142.65
2023-05-02,ATM09,134.26
2023-05-03,ATM09,113.19
2023-05-04,ATM09,99.42
2023-05-05,ATM09,124.94
2023-05-06,ATM09,142.2
2023-05-07,ATM09,159.98
2023-05-08,ATM09,118.58
2023-05-09,ATM09,116.28
2023-05-10,ATM09,125.14
2023-05-11,ATM09,115.02
2023-05-12,ATM09,123.34
2023-05-13,ATM09,118.51
2023-05-14,ATM09,102.49
2023-05-15,ATM09,90.82
2023-05-16,ATM09,93.21
2023-05-17,ATM09,92.75
2023-05-18,ATM09,104.52
2023-05-19,ATM09,110.34
2023-05-20,ATM09,117.12
2023-05-21,ATM09,107.42
2023-05-22,ATM09,112.75
2023-05-23,ATM09,103.82
2023-05-24,ATM09,96.54
2023-05-25,ATM09,148.39
2023-05-26,ATM09,190.54
2023-05-27,ATM09,192.58
2023-05-28,ATM09,158.82
2023-05-29,ATM09,160.35
2023-05-30,ATM09,123.76
2023-05-31,ATM09,139.07
2023-06-01,ATM09,135.29
2023-06-02,ATM09,150.02
2023-06-03,ATM09,125.51
2023-06-04,ATM09,118.37
2023-06-05,ATM09,140.41
2023-06-06,ATM09,145.62
2023-06-07,ATM09,121.29
2023-06-08,ATM09,116.86
2023-06-09,ATM09,127.36
2023-06-10,ATM09,136.6
2023-06-11,ATM09,122.76
2023-06-12,ATM09,121.41
2023-06-13,ATM09,120.49
2023-06-14,ATM09,108.48
2023-06-15,ATM09,128.37
2023-06-16,ATM09,131.69
2023-06-17,ATM09,121.44
2023-06-18,ATM09,111.66
2023-06-19,ATM09,131.8
2023-06-20,ATM09,112.43
2023-06-21,ATM09,124.58
2023-06-22,ATM09,109.71
2023-06-23,ATM09,112.76
2023-06-24,ATM09,133.72
2023-06-25,ATM09,152.01
2023-06-26,ATM09,174.1
2023-06-27,ATM09,166.92
2023-06-28,ATM09,146.47
2023-06-29,ATM09,143.29
2023-06-30,ATM09,160.27
2023-07-01,ATM09,182.06
2023-07-02,ATM09,203.3
2023-07-03,ATM09,139.15
2023-07-04,ATM09,136.11
2023-07-05,ATM09,130.39
2023-07-06,ATM09,127.88
2023-07-07,ATM09,137.22
2023-07-08,ATM09,131.44
2023-07-09,ATM09,130.85
2023-07-10,ATM09,113.62
2023-07-11,ATM09,99.6
2023-07-12,ATM09,118.63
2023-07-13,ATM09,116.05
2023-07-14,ATM09,122.5
2023-07-15,ATM09,149.36
2023-07-16,ATM09,102.5
2023-07-17,ATM09,127.13
2023-07-18,ATM09,105.0
2023-07-19,ATM09,111.16
2023-07-20,ATM09,104.44
2023-07-21,ATM09,108.17
2023-07-22,ATM09,140.75
2023-07-23,ATM09,149.72
2023-07-24,ATM09,127.86
2023-07-25,ATM09,168.38
2023-07-26,ATM09,162.56
2023-07-27,ATM09,192.33
2023-07-28,ATM09,150.22
2023-07-29,ATM09,177.02
2023-07-30,ATM09,150.26
2023-07-31,ATM09,121.78
2023-08-01,ATM09,131.08
2023-08-02,ATM09,176.77
2023-08-03,ATM09,122.83
2023-08-04,ATM09,149.38
2023-08-05,ATM09,170.87
2023-08-06,ATM09,141.43
2023-08-07,ATM09,137.57
2023-08-08,ATM09,105.46
2023-08-09,ATM09,106.88
2023-08-10,ATM09,114.76
2023-08-11,ATM09,125.56
2023-08-12,ATM09,135.42
2023-08-13,ATM09,121.55
2023-08-14,ATM09,151.57
2023-08-15,ATM09,119.16
2023-08-16,ATM09,136.89
2023-08-17,ATM09,117.73
2023-08-18,ATM09,155.48
2023-08-19,ATM09,125.08
2023-08-20,ATM09,117.89
2023-08-21,ATM09,112.43
2023-08-22,ATM09,110.86
2023-08-23,ATM09,126.98
2023-08-24,ATM09,123.01
2023-08-25,ATM09,205.83
2023-08-26,ATM09,181.41
2023-08-27,ATM09,150.02
2023-08-28,ATM09,157.66
2023-08-29,ATM09,152.22
2023-08-30,ATM09,150.87
2023-08-31,ATM09,138.0
2023-09-01,ATM09,185.77
2023-09-02,ATM09,179.09
2023-09-03,ATM09,152.74
2023-09-04,ATM09,140.45
2023-09-05,ATM09,137.79
2023-09-06,ATM09,138.39
2023-09-07,ATM09,119.1
2023-09-08,ATM09,140.26
2023-09-09,ATM09,179.51
2023-09-10,ATM09,132.58
2023-09-11,ATM09,136.47
2023-09-12,ATM09,128.36
2023-09-13,ATM09,122.46
2023-09-14,ATM09,118.31
2023-09-15,ATM09,133.95
2023-09-16,ATM09,145.26
2023-09-17,ATM09,106.27
2023-09-18,ATM09,114.9
2023-09-19,ATM09,107.81
2023-09-20,ATM09,104.79
2023-09-21,ATM09,124.55
2023-09-22,ATM09,119.01
2023-09-23,ATM09,108.57
2023-09-24,ATM09,118.01
2023-09-25,ATM09,140.29
2023-09-26,ATM09,117.09
2023-09-27,ATM09,150.9
2023-09-28,ATM09,155.75
2023-09-29,ATM09,180.74
2023-09-30,ATM09,174.99
2023-10-01,ATM09,138.41
2023-10-02,ATM09,132.87
2023-10-03,ATM09,109.62
2023-10-04,ATM09,101.88
2023-10-05,ATM09,117.28
2023-10-06,ATM09,126.88
2023-10-07,ATM09,141.36
2023-10-08,ATM09,131.67
2023-10-09,ATM09,136.55
2023-10-10,ATM09,119.19
2023-10-11,ATM09,110.04
2023-10-12,ATM09,112.49
2023-10-13,ATM09,126.28
2023-10-14,ATM09,99.36
2023-10-15,ATM09,111.37
2023-10-16,ATM09,115.87
2023-10-17,ATM09,117.26
2023-10-18,ATM09,98.42
2023-10-19,ATM09,101.2
2023-10-20,ATM09,104.0
2023-10-21,ATM09,129.03
2023-10-22,ATM09,99.91
2023-10-23,ATM09,97.94
2023-10-24,ATM09,108.31
2023-10-25,ATM09,142.85
2023-10-26,ATM09,134.55
2023-10-27,ATM09,177.13
2023-10-28,ATM09,201.65
2023-10-29,ATM09,185.63
2023-10-30,ATM09,189.28
2023-10-31,ATM09,161.06
2023-11-01,ATM09,153.72
2023-11-02,ATM09,143.35
2023-11-03,ATM09,134.35
2023-11-04,ATM09,133.83
2023-11-05,ATM09,120.18
2023-11-06,ATM09,133.88
2023-11-07,ATM09,142.38
2023-11-08,ATM09,137.38
2023-11-09,ATM09,157.61
2023-11-10,ATM09,125.67
2023-11-11,ATM09,105.59
2023-11-12,ATM09,115.09
2023-11-13,ATM09,106.03
2023-11-14,ATM09,102.55
2023-11-15,ATM09,87.68
2023-11-16,ATM09,89.92
2023-11-17,ATM09,94.06
2023-11-18,ATM09,108.1
2023-11-19,ATM09,102.9
2023-11-20,ATM09,110.8
2023-11-21,ATM09,123.48
2023-11-22,ATM09,124.7
2023-11-23,ATM09,97.26
2023-11-24,ATM09,122.84
2023-11-25,ATM09,181.13
2023-11-26,ATM09,161.29
2023-11-27,ATM09,161.11
2023-11-28,ATM09,156.84
2023-11-29,ATM09,143.67
2023-11-30,ATM09,146.06
2023-12-01,ATM09,189.0
2023-12-02,ATM09,172.69
2023-12-03,ATM09,113.93
2023-12-04,ATM09,121.28
2023-12-05,ATM09,105.35
2023-12-06,ATM09,94.81
2023-12-07,ATM09,105.2
2023-12-08,ATM09,148.41
2023-12-09,ATM09,147.32
2023-12-10,ATM09,119.53
2023-12-11,ATM09,92.7
2023-12-12,ATM09,104.18
2023-12-13,ATM09,108.17
2023-12-14,ATM09,101.21
2023-12-15,ATM09,128.65
2023-12-16,ATM09,138.49
2023-12-17,ATM09,111.32
2023-12-18,ATM09,122.72
2023-12-19,ATM09,133.98
2023-12-20,ATM09,121.92
2023-12-21,ATM09,108.91
2023-12-22,ATM09,123.43
2023-12-23,ATM09,146.48
2023-12-24,ATM09,112.03
2023-12-25,ATM09,168.11
2023-12-26,ATM09,154.57
2023-12-27,ATM09,164.68
2023-12-28,ATM09,155.04
2023-12-29,ATM09,166.72
2023-12-30,ATM09,217.08
2023-12-31,ATM09,157.63
2024-01-01,ATM09,154.34
2024-01-02,ATM09,185.74
2024-01-03,ATM09,143.95
2024-01-04,ATM09,113.67
2024-01-05,ATM09,113.57
2024-01-06,ATM09,120.51
2024-01-07,ATM09,121.78
2024-01-08,ATM09,128.66
2024-01-09,ATM09,106.25
2024-01-10,ATM09,93.06
2024-01-11,ATM09,92.88
2024-01-12,ATM09,109.92
2024-01-13,ATM09,150.69
2024-01-14,ATM09,112.16
2024-01-15,ATM09,102.0
2024-01-16,ATM09,91.26
2024-01-17,ATM09,107.9
2024-01-18,ATM09,107.99
2024-01-19,ATM09,108.68
2024-01-20,ATM09,115.74
2024-01-21,ATM09,101.11
2024-01-22,ATM09,111.93
2024-01-23,ATM09,144.74
2024-01-24,ATM09,131.49
2024-01-25,ATM09,164.24
2024-01-26,ATM09,161.92
2024-01-27,ATM09,149.52
2024-01-28,ATM09,161.38
2024-01-29,ATM09,173.29
2024-01-30,ATM09,149.85
2024-01-31,ATM09,172.77
2024-02-01,ATM09,161.55
2024-02-02,ATM09,188.2
2024-02-03,ATM09,153.22
2024-02-04,ATM09,130.49
2024-02-05,ATM09,116.32
2024-02-06,ATM09,114.7
2024-02-07,ATM09,130.01
2024-02-08,ATM09,118.56
2024-02-09,ATM09,139.52
2024-02-10,ATM09,107.85
2024-02-11,ATM09,118.97
2024-02-12,ATM09,120.47
2024-02-13,ATM09,97.41
2024-02-14,ATM09,100.89
2024-02-15,ATM09,116.37
2024-02-16,ATM09,107.78
2024-02-17,ATM09,106.45
2024-02-18,ATM09,105.21
2024-02-19,ATM09,139.18
2024-02-20,ATM09,110.13
2024-02-21,ATM09,115.33
2024-02-22,ATM09,114.74
2024-02-23,ATM09,115.22
2024-02-24,ATM09,125.56
2024-02-25,ATM09,152.1
2024-02-26,ATM09,150.23
2024-02-27,ATM09,122.96
2024-02-28,ATM09,137.66
2024-02-29,ATM09,160.31
2024-03-01,ATM09,172.97
2024-03-02,ATM09,200.8
2024-03-03,ATM09,144.59
2024-03-04,ATM09,134.15
2024-03-05,ATM09,115.74
2024-03-06,ATM09,112.56
2024-03-07,ATM09,99.75
2024-03-08,ATM09,119.18
2024-03-09,ATM09,135.31
2024-03-10,ATM09,135.33
2024-03-11,ATM09,130.45
2024-03-12,ATM09,104.57
2024-03-13,ATM09,90.94
2024-03-14,ATM09,97.79
2024-03-15,ATM09,124.91
2024-03-16,ATM09,124.65
2024-03-17,ATM09,120.57
2024-03-18,ATM09,114.49
2024-03-19,ATM09,117.29
2024-03-20,ATM09,96.75
2024-03-21,ATM09,128.03
2024-03-22,ATM09,120.77
2024-03-23,ATM09,147.33
2024-03-24,ATM09,129.3
2024-03-25,ATM09,183.69
2024-03-26,ATM09,175.5
2024-03-27,ATM09,188.19
2024-03-28,ATM09,201.02
2024-03-29,ATM09,247.48
2024-03-30,ATM09,286.18
2024-03-31,ATM09,244.43
2024-04-01,ATM09,279.82
2024-04-02,ATM09,239.01
2024-04-03,ATM09,205.34
2024-04-04,ATM09,199.54
2024-04-05,ATM09,197.56
2024-04-06,ATM09,215.65
2024-04-07,ATM09,208.99
2024-04-08,ATM09,204.8
2024-04-09,ATM09,204.44
2024-04-10,ATM09,80.87
2024-04-11,ATM09,75.47
2024-04-12,ATM09,61.73
2024-04-13,ATM09,91.75
2024-04-14,ATM09,78.55
2024-04-15,ATM09,72.15
2024-04-16,ATM09,63.82
2024-04-17,ATM09,71.01
2024-04-18,ATM09,74.58
2024-04-19,ATM09,84.76
2024-04-20,ATM09,92.63
2024-04-21,ATM09,100.33
2024-04-22,ATM09,130.87
2024-04-23,ATM09,125.27
2024-04-24,ATM09,132.61
2024-04-25,ATM09,158.73
2024-04-26,ATM09,172.39
2024-04-27,ATM09,185.62
2024-04-28,ATM09,151.59
2024-04-29,ATM09,148.2
2024-04-30,ATM09,160.44
2024-05-01,ATM09,165.87
2024-05-02,ATM09,162.07
2024-05-03,ATM09,120.6
2024-05-04,ATM09,129.06
2024-05-05,ATM09,104.42
2024-05-06,ATM09,117.06
2024-05-07,ATM09,119.41
2024-05-08,ATM09,116.36
2024-05-09,ATM09,121.67
2024-05-10,ATM09,124.88
2024-05-11,ATM09,130.83
2024-05-12,ATM09,101.3
2024-05-13,ATM09,104.59
2024-05-14,ATM09,108.43
2024-05-15,ATM09,128.23
2024-05-16,ATM09,112.81
2024-05-17,ATM09,128.84
2024-05-18,ATM09,141.99
2024-05-19,ATM09,117.32
2024-05-20,ATM09,130.3
2024-05-21,ATM09,130.53
2024-05-22,ATM09,136.32
2024-05-23,ATM09,125.59
2024-05-24,ATM09,164.9
2024-05-25,ATM09,188.39
2024-05-26,ATM09,206.85
2024-05-27,ATM09,193.98
2024-05-28,ATM09,190.65
2024-05-29,ATM09,161.25
2024-05-30,ATM09,169.97
2024-05-31,ATM09,205.09
2024-06-01,ATM09,161.01
2024-06-02,ATM09,153.29
2024-06-03,ATM09,98.41
2024-06-04,ATM09,105.08
2024-06-05,ATM09,103.25
2024-06-06,ATM09,109.39
2024-06-07,ATM09,175.3
2024-06-08,ATM09,190.09
2024-06-09,ATM09,124.0
2024-06-10,ATM09,118.75
2024-06-11,ATM09,119.58
2024-06-12,ATM09,108.31
2024-06-13,ATM09,109.64
2024-06-14,ATM09,123.16
2024-06-15,ATM09,108.71
2024-06-16,ATM09,94.72
2024-06-17,ATM09,100.77
2024-06-18,ATM09,105.18
2024-06-19,ATM09,98.1
2024-06-20,ATM09,94.17
2024-06-21,ATM09,110.42
2024-06-22,ATM09,132.24
2024-06-23,ATM09,114.85
2024-06-24,ATM09,135.62
2024-06-25,ATM09,150.62
2024-06-26,ATM09,153.14
2024-06-27,ATM09,145.26
2024-06-28,ATM09,173.88
2024-06-29,ATM09,162.4
2024-06-30,ATM09,188.86
2024-07-01,ATM09,141.71
2024-07-02,ATM09,172.06
2024-07-03,ATM09,128.54
2024-07-04,ATM09,131.13
2024-07-05,ATM09,159.37
2024-07-06,ATM09,165.33
2024-07-07,ATM09,125.65
2024-07-08,ATM09,134.17
2024-07-09,ATM09,150.92
2024-07-10,ATM09,107.37
2024-07-11,ATM09,134.92
2024-07-12,ATM09,136.57
2024-07-13,ATM09,125.67
2024-07-14,ATM09,102.44
2024-07-15,ATM09,104.98
2024-07-16,ATM09,83.34
2024-07-17,ATM09,91.06
2024-07-18,ATM09,96.36
2024-07-19,ATM09,99.91
2024-07-20,ATM09,124.26
2024-07-21,ATM09,109.71
2024-07-22,ATM09,103.42
2024-07-23,ATM09,98.99
2024-07-24,ATM09,107.04
2024-07-25,ATM09,150.46
2024-07-26,ATM09,152.99
2024-07-27,ATM09,169.06
2024-07-28,ATM09,154.39
2024-07-29,ATM09,137.23
2024-07-30,ATM09,135.76
2024-07-31,ATM09,152.1
2024-08-01,ATM09,159.94
2024-08-02,ATM09,165.54
2024-08-03,ATM09,148.81
2024-08-04,ATM09,116.35
2024-08-05,ATM09,109.08
2024-08-06,ATM09,108.68
2024-08-07,ATM09,134.58
2024-08-08,ATM09,127.93
2024-08-09,ATM09,131.69
2024-08-10,ATM09,145.73
2024-08-11,ATM09,116.81
2024-08-12,ATM09,145.66
2024-08-13,ATM09,112.97
2024-08-14,ATM09,97.58
2024-08-15,ATM09,100.26
2024-08-16,ATM09,111.15
2024-08-17,ATM09,104.16
2024-08-18,ATM09,141.14
2024-08-19,ATM09,128.39
2024-08-20,ATM09,118.77
2024-08-21,ATM09,105.98
2024-08-22,ATM09,99.4
2024-08-23,ATM09,127.31
2024-08-24,ATM09,105.88
2024-08-25,ATM09,128.78
2024-08-26,ATM09,139.23
2024-08-27,ATM09,163.32
2024-08-28,ATM09,148.52
2024-08-29,ATM09,155.22
2024-08-30,ATM09,167.67
2024-08-31,ATM09,199.87
2024-09-01,ATM09,140.26
2024-09-02,ATM09,161.13
2024-09-03,ATM09,117.6
2024-09-04,ATM09,130.66
2024-09-05,ATM09,113.08
2024-09-06,ATM09,128.49
2024-09-07,ATM09,134.4
2024-09-08,ATM09,110.58
2024-09-09,ATM09,102.53
2024-09-10,ATM09,90.79
2024-09-11,ATM09,100.07
2024-09-12,ATM09,94.83
2024-09-13,ATM09,107.21
2024-09-14,ATM09,95.62
2024-09-15,ATM09,95.5
2024-09-16,ATM09,116.14
2024-09-17,ATM09,116.34
2024-09-18,ATM09,109.19
2024-09-19,ATM09,110.04
2024-09-20,ATM09,108.47
2024-09-21,ATM09,141.34
2024-09-22,ATM09,148.83
2024-09-23,ATM09,128.96
2024-09-24,ATM09,149.98
2024-09-25,ATM09,160.47
2024-09-26,ATM09,133.52
2024-09-27,ATM09,144.18
2024-09-28,ATM09,157.75
2024-09-29,ATM09,193.18
2024-09-30,ATM09,166.06
2024-10-01,ATM09,138.28
2024-10-02,ATM09,129.75
2024-10-03,ATM09,126.22
2024-10-04,ATM09,149.95
2024-10-05,ATM09,137.85
2024-10-06,ATM09,101.39
2024-10-07,ATM09,100.06
2024-10-08,ATM09,129.28
2024-10-09,ATM09,132.52
2024-10-10,ATM09,111.71
2024-10-11,ATM09,146.7
2024-10-12,ATM09,167.71
2024-10-13,ATM09,127.33
2024-10-14,ATM09,117.65
2024-10-15,ATM09,101.36
2024-10-16,ATM09,100.21
2024-10-17,ATM09,87.35
2024-10-18,ATM09,90.71
2024-10-19,ATM09,90.06
2024-10-20,ATM09,108.83
2024-10-21,ATM09,92.45
2024-10-22,ATM09,120.08
2024-10-23,ATM09,102.93
2024-10-24,ATM09,125.97
2024-10-25,ATM09,169.38
2024-10-26,ATM09,145.96
2024-10-27,ATM09,166.25
2024-10-28,ATM09,186.4
2024-10-29,ATM09,144.62
2024-10-30,ATM09,140.63
2024-10-31,ATM09,130.36
2024-11-01,ATM09,151.8
2024-11-02,ATM09,166.93
2024-11-03,ATM09,117.97
2024-11-04,ATM09,99.08
2024-11-05,ATM09,99.71
2024-11-06,ATM09,117.85
2024-11-07,ATM09,114.91
2024-11-08,ATM09,123.94
2024-11-09,ATM09,120.17
2024-11-10,ATM09,97.57
2024-11-11,ATM09,121.85
2024-11-12,ATM09,96.64
2024-11-13,ATM09,109.33
2024-11-14,ATM09,107.31
2024-11-15,ATM09,120.2
2024-11-16,ATM09,113.76
2024-11-17,ATM09,103.01
2024-11-18,ATM09,106.81
2024-11-19,ATM09,97.45
2024-11-20,ATM09,105.09
2024-11-21,ATM09,110.23
2024-11-22,ATM09,150.32
2024-11-23,ATM09,140.52
2024-11-24,ATM09,95.37
2024-11-25,ATM09,164.17
2024-11-26,ATM09,147.25
2024-11-27,ATM09,183.09
2024-11-28,ATM09,190.27
2024-11-29,ATM09,172.15
2024-11-30,ATM09,188.62
2024-12-01,ATM09,151.38
2024-12-02,ATM09,152.82
2024-12-03,ATM09,125.59
2024-12-04,ATM09,136.49
2024-12-05,ATM09,138.33
2024-12-06,ATM09,140.54
2024-12-07,ATM09,184.74
2024-12-08,ATM09,135.96
2024-12-09,ATM09,107.83
2024-12-10,ATM09,84.16
2024-12-11,ATM09,111.39
2024-12-12,ATM09,106.53
2024-12-13,ATM09,118.43
2024-12-14,ATM09,115.15
2024-12-15,ATM09,110.4
2024-12-16,ATM09,105.27
2024-12-17,ATM09,112.42
2024-12-18,ATM09,111.3
2024-12-19,ATM09,117.47
2024-12-20,ATM09,131.63
2024-12-21,ATM09,127.54
2024-12-22,ATM09,99.91
2024-12-23,ATM09,92.54
2024-12-24,ATM09,140.44
2024-12-25,ATM09,194.49
2024-12-26,ATM09,205.32
2024-12-27,ATM09,182.05
2024-12-28,ATM09,186.2
2024-12-29,ATM09,152.91
2024-12-30,ATM09,138.3
2024-12-31,ATM09,135.97
2025-01-01,ATM09,149.93
2025-01-02,ATM09,165.62
2025-01-03,ATM09,122.62
2025-01-04,ATM09,127.45
2025-01-05,ATM09,129.78
2025-01-06,ATM09,118.11
2025-01-07,ATM09,115.51
2025-01-08,ATM09,121.25
2025-01-09,ATM09,123.76
2025-01-10,ATM09,121.42
2025-01-11,ATM09,114.8
2025-01-12,ATM09,100.78
2025-01-13,ATM09,93.04
2025-01-14,ATM09,81.34
2025-01-15,ATM09,91.87
2025-01-16,ATM09,107.49
2025-01-17,ATM09,100.13
2025-01-18,ATM09,116.5
2025-01-19,ATM09,117.44
2025-01-20,ATM09,92.21
2025-01-21,ATM09,93.33
2025-01-22,ATM09,118.55
2025-01-23,ATM09,117.05
2025-01-24,ATM09,98.53
2025-01-25,ATM09,168.84
2025-01-26,ATM09,141.02
2025-01-27,ATM09,159.02
2025-01-28,ATM09,136.97
2025-01-29,ATM09,133.53
2025-01-30,ATM09,134.82
2025-01-31,ATM09,155.19
2025-02-01,ATM09,155.5
2025-02-02,ATM09,143.89
2025-02-03,ATM09,104.49
2025-02-04,ATM09,114.14
2025-02-05,ATM09,117.39
2025-02-06,ATM09,97.6
2025-02-07,ATM09,132.28
2025-02-08,ATM09,133.56
2025-02-09,ATM09,123.93
2025-02-10,ATM09,119.33
2025-02-11,ATM09,111.77
2025-02-12,ATM09,121.76
2025-02-13,ATM09,107.78
2025-02-14,ATM09,130.49
2025-02-15,ATM09,128.83
2025-02-16,ATM09,118.95
2025-02-17,ATM09,118.41
2025-02-18,ATM09,123.08
2025-02-19,ATM09,121.04
2025-02-20,ATM09,105.69
2025-02-21,ATM09,107.51
2025-02-22,ATM09,115.79
2025-02-23,ATM09,98.57
2025-02-24,ATM09,92.66
2025-02-25,ATM09,106.47
2025-02-26,ATM09,106.24
2025-02-27,ATM09,156.56
2025-02-28,ATM09,154.06
2025-03-01,ATM09,202.97
2025-03-02,ATM09,173.44
2025-03-03,ATM09,128.37
2025-03-04,ATM09,100.38
2025-03-05,ATM09,108.51
2025-03-06,ATM09,138.31
2025-03-07,ATM09,164.33
2025-03-08,ATM09,154.42
2025-03-09,ATM09,114.3
2025-03-10,ATM09,97.73
2025-03-11,ATM09,93.46
2025-03-12,ATM09,120.21
2025-03-13,ATM09,141.92
2025-03-14,ATM09,146.3
2025-03-15,ATM09,142.47
2025-03-16,ATM09,155.65
2025-03-17,ATM09,129.66
2025-03-18,ATM09,128.65
2025-03-19,ATM09,138.92
2025-03-20,ATM09,125.77
2025-03-21,ATM09,137.86
2025-03-22,ATM09,144.29
2025-03-23,ATM09,167.58
2025-03-24,ATM09,199.8
2025-03-25,ATM09,238.48
2025-03-26,ATM09,220.07
2025-03-27,ATM09,206.75
2025-03-28,ATM09,239.78
2025-03-29,ATM09,243.97
2025-03-30,ATM09,232.33
2025-03-31,ATM09,103.44
2025-04-01,ATM09,92.63
2025-04-02,ATM09,97.21
2025-04-03,ATM09,77.7
2025-04-04,ATM09,84.59
2025-04-05,ATM09,86.83
2025-04-06,ATM09,89.28
2025-04-07,ATM09,75.24
2025-04-08,ATM09,98.13
2025-04-09,ATM09,99.05
2025-04-10,ATM09,95.81
2025-04-11,ATM09,113.75
2025-04-12,ATM09,107.44
2025-04-13,ATM09,93.07
2025-04-14,ATM09,91.74
2025-04-15,ATM09,92.78
2025-04-16,ATM09,105.89
2025-04-17,ATM09,97.59
2025-04-18,ATM09,118.52
2025-04-19,ATM09,93.37
2025-04-20,ATM09,92.85
2025-04-21,ATM09,114.67
2025-04-22,ATM09,103.39
2025-04-23,ATM09,93.93
2025-04-24,ATM09,91.67
2025-04-25,ATM09,108.09
2025-04-26,ATM09,125.06
2025-04-27,ATM09,149.27
2025-04-28,ATM09,140.87
2025-04-29,ATM09,132.07
2025-04-30,ATM09,106.91
2025-05-01,ATM09,99.74
2025-05-02,ATM09,156.97
2025-05-03,ATM09,141.5
2025-05-04,ATM09,107.67
2025-05-05,ATM09,106.94
2025-05-06,ATM09,108.2
2025-05-07,ATM09,97.9
2025-05-08,ATM09,85.62
2025-05-09,ATM09,109.14
2025-05-10,ATM09,117.97
2025-05-11,ATM09,114.69
2025-05-12,ATM09,121.94
2025-05-13,ATM09,91.15
2025-05-14,ATM09,97.7
2025-05-15,ATM09,97.23
2025-05-16,ATM09,109.39
2025-05-17,ATM09,113.94
2025-05-18,ATM09,98.33
2025-05-19,ATM09,74.11
2025-05-20,ATM09,98.16
2025-05-21,ATM09,104.03
2025-05-22,ATM09,87.45
2025-05-23,ATM09,110.87
2025-05-24,ATM09,111.64
2025-05-25,ATM09,140.0
2025-05-26,ATM09,133.82
2025-05-27,ATM09,143.79
2025-05-28,ATM09,131.2
2025-05-29,ATM09,121.84
2025-05-30,ATM09,166.43
2025-05-31,ATM09,166.02
2025-06-01,ATM09,140.73
2025-06-02,ATM09,161.11
2025-06-03,ATM09,109.48
2025-06-04,ATM09,106.41
2025-06-05,ATM09,114.38
2025-06-06,ATM09,101.24
2025-06-07,ATM09,125.5
2025-06-08,ATM09,108.0
2025-06-09,ATM09,125.78
2025-06-10,ATM09,110.44
2025-06-11,ATM09,110.55
2025-06-12,ATM09,88.54
2025-06-13,ATM09,104.47
2025-06-14,ATM09,100.15
2025-06-15,ATM09,99.17
2025-06-16,ATM09,80.2
2025-06-17,ATM09,75.4
2025-06-18,ATM09,101.33
2025-06-19,ATM09,105.75
2025-06-20,ATM09,110.04
2025-06-21,ATM09,105.54
2025-06-22,ATM09,90.44
2025-06-23,ATM09,101.42
2025-06-24,ATM09,95.55
2025-06-25,ATM09,164.06
2025-06-26,ATM09,148.65
2025-06-27,ATM09,161.41
2025-06-28,ATM09,143.06
2025-06-29,ATM09,135.06
2025-06-30,ATM09,145.73
2025-07-01,ATM09,134.84
2025-07-02,ATM09,131.6
2025-07-03,ATM09,113.86
2025-07-04,ATM09,148.55
2025-07-05,ATM09,144.22
2025-07-06,ATM09,141.4
2025-07-07,ATM09,138.11
2025-07-08,ATM09,136.59
2025-07-09,ATM09,115.43
2025-07-10,ATM09,99.87
2025-07-11,ATM09,108.87
2025-07-12,ATM09,123.07
2025-07-13,ATM09,118.95
2025-07-14,ATM09,113.61
2025-07-15,ATM09,114.83
2025-07-16,ATM09,100.77
2025-07-17,ATM09,111.43
2025-07-18,ATM09,130.71
2025-07-19,ATM09,135.5
2025-07-20,ATM09,115.48
2025-07-21,ATM09,119.54
2025-07-22,ATM09,96.65
2025-07-23,ATM09,101.35
2025-07-24,ATM09,104.7
2025-07-25,ATM09,137.4
2025-07-26,ATM09,162.99
2025-07-27,ATM09,129.62
2025-07-28,ATM09,133.58
2025-07-29,ATM09,135.41
2025-07-30,ATM09,128.08
2025-07-31,ATM09,136.59
2025-08-01,ATM09,155.12
2025-08-02,ATM09,149.21
2025-08-03,ATM09,121.64
2025-08-04,ATM09,110.59
2025-08-05,ATM09,140.8
2025-08-06,ATM09,123.39
2025-08-07,ATM09,103.45
2025-08-08,ATM09,107.8
2025-08-09,ATM09,139.04
2025-08-10,ATM09,104.42
2025-08-11,ATM09,90.77
2025-08-12,ATM09,103.33
2025-08-13,ATM09,97.47
2025-08-14,ATM09,106.79
2025-08-15,ATM09,126.84
2025-08-16,ATM09,127.62
2025-08-17,ATM09,136.67
2025-08-18,ATM09,100.72
2025-08-19,ATM09,90.04
2025-08-20,ATM09,93.19
2025-08-21,ATM09,124.83
2025-08-22,ATM09,149.54
2025-08-23,ATM09,153.58
2025-08-24,ATM09,110.03
2025-08-25,ATM09,140.17
2025-08-26,ATM09,125.51
2025-08-27,ATM09,122.81
2025-08-28,ATM09,156.21
2025-08-29,ATM09,158.92
2025-08-30,ATM09,162.74
2025-08-31,ATM09,161.41
2025-09-01,ATM09,128.37
2025-09-02,ATM09,132.85
2025-09-03,ATM09,97.33
2025-09-04,ATM09,102.18
2025-09-05,ATM09,111.77
2025-09-06,ATM09,115.89
2025-09-07,ATM09,115.3
2025-09-08,ATM09,120.01
2025-09-09,ATM09,110.58
2025-09-10,ATM09,103.91
2025-09-11,ATM09,92.77
2025-09-12,ATM09,115.55
2025-09-13,ATM09,115.84
2025-09-14,ATM09,100.13
2025-09-15,ATM09,94.59
2025-09-16,ATM09,93.07
2025-09-17,ATM09,119.28
2025-09-18,ATM09,107.8
2025-09-19,ATM09,101.07
2025-09-20,ATM09,123.37
2025-09-21,ATM09,103.09
2025-09-22,ATM09,107.85
2025-09-23,ATM09,94.81
2025-09-24,ATM09,112.66
2025-09-25,ATM09,138.73
2025-09-26,ATM09,180.11
2025-09-27,ATM09,154.97
2025-09-28,ATM09,140.12
2025-09-29,ATM09,168.37
2025-09-30,ATM09,151.71
2025-10-01,ATM09,186.69
2025-10-02,ATM09,154.98
2025-10-03,ATM09,133.52
2025-10-04,ATM09,165.72
2025-10-05,ATM09,111.62
2025-10-06,ATM09,96.2
2025-10-07,ATM09,93.77
2025-10-08,ATM09,113.22
2025-10-09,ATM09,94.4
2025-10-10,ATM09,109.41
2025-10-11,ATM09,122.27
2025-10-12,ATM09,134.77
2025-10-13,ATM09,132.1
2025-10-14,ATM09,115.38
2025-10-15,ATM09,123.95
2025-10-16,ATM09,116.95
2025-10-17,ATM09,112.81
2025-10-18,ATM09,103.1
2025-10-19,ATM09,93.88
2025-10-20,ATM09,99.58
2025-10-21,ATM09,99.46
2025-10-22,ATM09,78.9
2025-10-23,ATM09,87.76
2025-10-24,ATM09,104.56
2025-10-25,ATM09,167.93
2025-10-26,ATM09,179.06
2025-10-27,ATM09,164.17
2025-10-28,ATM09,132.96
2025-10-29,ATM09,111.96
2025-10-30,ATM09,136.5
2025-10-31,ATM09,138.98
2025-11-01,ATM09,169.83
2025-11-02,ATM09,175.4
2025-11-03,ATM09,107.52
2025-11-04,ATM09,114.13
2025-11-05,ATM09,130.11
2025-11-06,ATM09,133.92
2025-11-07,ATM09,106.43
2025-11-08,ATM09,110.19
2025-11-09,ATM09,95.07
2025-11-10,ATM09,101.1
2025-11-11,ATM09,102.65
2025-11-12,ATM09,75.11
2025-11-13,ATM09,84.94
2025-11-14,ATM09,112.0
2025-11-15,ATM09,118.22
2025-11-16,ATM09,107.81
2025-11-17,ATM09,102.05
2025-11-18,ATM09,87.62
2025-11-19,ATM09,93.88
2025-11-20,ATM09,97.58
2025-11-21,ATM09,116.74
2025-11-22,ATM09,127.87
2025-11-23,ATM09,110.89
2025-11-24,ATM09,121.29
2025-11-25,ATM09,142.87
2025-11-26,ATM09,120.26
2025-11-27,ATM09,137.46
2025-11-28,ATM09,155.24
2025-11-29,ATM09,171.03
2025-11-30,ATM09,131.03
2025-12-01,ATM09,169.76
2025-12-02,ATM09,160.89
2025-12-03,ATM09,115.19
2025-12-04,ATM09,102.04
2025-12-05,ATM09,133.25
2025-12-06,ATM09,118.4
2025-12-07,ATM09,144.67
2025-12-08,ATM09,120.46
2025-12-09,ATM09,136.21
2025-12-10,ATM09,106.66
2025-12-11,ATM09,122.08
2025-12-12,ATM09,111.13
2025-12-13,ATM09,115.91
2025-12-14,ATM09,114.65
2025-12-15,ATM09,126.6
2025-12-16,ATM09,127.47
2025-12-17,ATM09,109.87
2025-12-18,ATM09,109.43
2025-12-19,ATM09,137.21
2025-12-20,ATM09,122.71
2025-12-21,ATM09,119.55
2025-12-22,ATM09,113.04
2025-12-23,ATM09,109.73
2025-12-24,ATM09,109.31
2025-12-25,ATM09,131.85
2025-12-26,ATM09,155.55
2025-12-27,ATM09,171.46
2025-12-28,ATM09,155.18
2025-12-29,ATM09,186.2
2025-12-30,ATM09,180.47
2025-12-31,ATM09,168.22
2022-01-01,ATM10,132.98
2022-01-02,ATM10,113.85
2022-01-03,ATM10,98.03
2022-01-04,ATM10,98.9
2022-01-05,ATM10,94.36
2022-01-06,ATM10,85.62
2022-01-07,ATM10,92.76
2022-01-08,ATM10,98.86
2022-01-09,ATM10,88.96
2022-01-10,ATM10,98.91
2022-01-11,ATM10,89.52
2022-01-12,ATM10,82.76
2022-01-13,ATM10,85.62
2022-01-14,ATM10,102.2
2022-01-15,ATM10,99.15
2022-01-16,ATM10,99.86
2022-01-17,ATM10,82.33
2022-01-18,ATM10,93.8
2022-01-19,ATM10,89.39
2022-01-20,ATM10,87.09
2022-01-21,ATM10,88.61
2022-01-22,ATM10,84.32
2022-01-23,ATM10,69.94
2022-01-24,ATM10,74.13
2022-01-25,ATM10,117.4
2022-01-26,ATM10,107.09
2022-01-27,ATM10,96.32
2022-01-28,ATM10,108.88
2022-01-29,ATM10,122.06
2022-01-30,ATM10,114.88
2022-01-31,ATM10,119.5
2022-02-01,ATM10,124.72
2022-02-02,ATM10,143.53
2022-02-03,ATM10,129.88
2022-02-04,ATM10,101.77
2022-02-05,ATM10,99.38
2022-02-06,ATM10,103.85
2022-02-07,ATM10,97.39
2022-02-08,ATM10,103.86
2022-02-09,ATM10,101.81
2022-02-10,ATM10,104.76
2022-02-11,ATM10,116.34
2022-02-12,ATM10,122.37
2022-02-13,ATM10,94.77
2022-02-14,ATM10,91.27
2022-02-15,ATM10,83.32
2022-02-16,ATM10,71.71
2022-02-17,ATM10,92.99
2022-02-18,ATM10,106.65
2022-02-19,ATM10,100.75
2022-02-20,ATM10,104.82
2022-02-21,ATM10,90.01
2022-02-22,ATM10,69.91
2022-02-23,ATM10,87.31
2022-02-24,ATM10,75.03
2022-02-25,ATM10,122.16
2022-02-26,ATM10,136.84
2022-02-27,ATM10,130.75
2022-02-28,ATM10,140.69
2022-03-01,ATM10,134.12
2022-03-02,ATM10,133.86
2022-03-03,ATM10,92.31
2022-03-04,ATM10,107.53
2022-03-05,ATM10,94.61
2022-03-06,ATM10,111.42
2022-03-07,ATM10,90.34
2022-03-08,ATM10,87.71
2022-03-09,ATM10,79.58
2022-03-10,ATM10,72.55
2022-03-11,ATM10,87.84
2022-03-12,ATM10,90.32
2022-03-13,ATM10,97.86
2022-03-14,ATM10,95.73
2022-03-15,ATM10,83.46
2022-03-16,ATM10,83.25
2022-03-17,ATM10,96.49
2022-03-18,ATM10,110.14
2022-03-19,ATM10,93.45
2022-03-20,ATM10,81.25
2022-03-21,ATM10,90.42
2022-03-22,ATM10,88.93
2022-03-23,ATM10,77.4
2022-03-24,ATM10,88.61
2022-03-25,ATM10,121.67
2022-03-26,ATM10,153.75
2022-03-27,ATM10,139.65
2022-03-28,ATM10,116.27
2022-03-29,ATM10,108.67
2022-03-30,ATM10,107.67
2022-03-31,ATM10,115.87
2022-04-01,ATM10,127.17
2022-04-02,ATM10,119.72
2022-04-03,ATM10,80.74
2022-04-04,ATM10,96.63
2022-04-05,ATM10,96.68
2022-04-06,ATM10,97.01
2022-04-07,ATM10,98.93
2022-04-08,ATM10,100.02
2022-04-09,ATM10,109.95
2022-04-10,ATM10,118.15
2022-04-11,ATM10,118.66
2022-04-12,ATM10,97.57
2022-04-13,ATM10,90.38
2022-04-14,ATM10,68.47
2022-04-15,ATM10,104.3
2022-04-16,ATM10,124.01
2022-04-17,ATM10,104.43
2022-04-18,ATM10,92.67
2022-04-19,ATM10,87.07
2022-04-20,ATM10,104.56
2022-04-21,ATM10,108.33
2022-04-22,ATM10,134.11
2022-04-23,ATM10,139.9
2022-04-24,ATM10,141.4
2022-04-25,ATM10,196.54
2022-04-26,ATM10,197.85
2022-04-27,ATM10,148.85
2022-04-28,ATM10,145.36
2022-04-29,ATM10,176.68
2022-04-30,ATM10,228.68
2022-05-01,ATM10,239.52
2022-05-02,ATM10,90.53
2022-05-03,ATM10,61.32
2022-05-04,ATM10,52.86
2022-05-05,ATM10,65.88
2022-05-06,ATM10,68.81
2022-05-07,ATM10,103.36
2022-05-08,ATM10,73.57
2022-05-09,ATM10,94.94
2022-05-10,ATM10,79.84
2022-05-11,ATM10,67.06
2022-05-12,ATM10,72.94
2022-05-13,ATM10,90.88
2022-05-14,ATM10,92.04
2022-05-15,ATM10,94.6
2022-05-16,ATM10,101.77
2022-05-17,ATM10,95.86
2022-05-18,ATM10,89.26
2022-05-19,ATM10,76.09
2022-05-20,ATM10,88.31
2022-05-21,ATM10,97.23
2022-05-22,ATM10,72.12
2022-05-23,ATM10,82.41
2022-05-24,ATM10,80.73
2022-05-25,ATM10,100.41
2022-05-26,ATM10,105.84
2022-05-27,ATM10,120.06
2022-05-28,ATM10,162.83
2022-05-29,ATM10,137.75
2022-05-30,ATM10,145.86
2022-05-31,ATM10,125.23
2022-06-01,ATM10,93.69
2022-06-02,ATM10,117.2
2022-06-03,ATM10,96.74
2022-06-04,ATM10,101.79
2022-06-05,ATM10,85.68
2022-06-06,ATM10,93.66
2022-06-07,ATM10,103.3
2022-06-08,ATM10,108.86
2022-06-09,ATM10,119.76
2022-06-10,ATM10,125.29
2022-06-11,ATM10,88.97
2022-06-12,ATM10,74.56
2022-06-13,ATM10,67.18
2022-06-14,ATM10,79.63
2022-06-15,ATM10,76.04
2022-06-16,ATM10,76.15
2022-06-17,ATM10,86.78
2022-06-18,ATM10,98.45
2022-06-19,ATM10,75.53
2022-06-20,ATM10,71.73
2022-06-21,ATM10,76.47
2022-06-22,ATM10,91.88
2022-06-23,ATM10,87.21
2022-06-24,ATM10,86.54
2022-06-25,ATM10,104.14
2022-06-26,ATM10,121.8
2022-06-27,ATM10,113.29
2022-06-28,ATM10,99.55
2022-06-29,ATM10,90.29
2022-06-30,ATM10,89.07
2022-07-01,ATM10,103.12
2022-07-02,ATM10,119.41
2022-07-03,ATM10,81.65
2022-07-04,ATM10,92.58
2022-07-05,ATM10,88.73
2022-07-06,ATM10,116.87
2022-07-07,ATM10,85.88
2022-07-08,ATM10,101.45
2022-07-09,ATM10,109.66
2022-07-10,ATM10,75.11
2022-07-11,ATM10,84.83
2022-07-12,ATM10,89.58
2022-07-13,ATM10,87.23
2022-07-14,ATM10,99.31
2022-07-15,ATM10,78.63
2022-07-16,ATM10,82.1
2022-07-17,ATM10,96.15
2022-07-18,ATM10,101.28
2022-07-19,ATM10,94.54
2022-07-20,ATM10,101.22
2022-07-21,ATM10,73.8
2022-07-22,ATM10,95.35
2022-07-23,ATM10,110.37
2022-07-24,ATM10,86.82
2022-07-25,ATM10,163.48
2022-07-26,ATM10,135.79
2022-07-27,ATM10,98.28
2022-07-28,ATM10,112.77
2022-07-29,ATM10,117.46
2022-07-30,ATM10,147.41
2022-07-31,ATM10,135.8
2022-08-01,ATM10,120.42
2022-08-02,ATM10,136.54
2022-08-03,ATM10,111.17
2022-08-04,ATM10,92.25
2022-08-05,ATM10,100.97
2022-08-06,ATM10,113.35
2022-08-07,ATM10,96.47
2022-08-08,ATM10,93.95
2022-08-09,ATM10,91.87
2022-08-10,ATM10,73.6
2022-08-11,ATM10,61.64
2022-08-12,ATM10,82.56
2022-08-13,ATM10,73.8
2022-08-14,ATM10,69.69
2022-08-15,ATM10,65.07
2022-08-16,ATM10,60.75
2022-08-17,ATM10,71.93
2022-08-18,ATM10,77.84
2022-08-19,ATM10,86.76
2022-08-20,ATM10,81.21
2022-08-21,ATM10,75.46
2022-08-22,ATM10,85.36
2022-08-23,ATM10,81.77
2022-08-24,ATM10,90.35
2022-08-25,ATM10,134.38
2022-08-26,ATM10,133.49
2022-08-27,ATM10,111.76
2022-08-28,ATM10,103.61
2022-08-29,ATM10,112.38
2022-08-30,ATM10,102.76
2022-08-31,ATM10,97.95
2022-09-01,ATM10,108.47
2022-09-02,ATM10,162.73
2022-09-03,ATM10,113.5
2022-09-04,ATM10,100.2
2022-09-05,ATM10,85.62
2022-09-06,ATM10,100.36
2022-09-07,ATM10,105.93
2022-09-08,ATM10,107.7
2022-09-09,ATM10,127.46
2022-09-10,ATM10,100.99
2022-09-11,ATM10,86.38
2022-09-12,ATM10,104.85
2022-09-13,ATM10,96.53
2022-09-14,ATM10,69.54
2022-09-15,ATM10,80.52
2022-09-16,ATM10,84.81
2022-09-17,ATM10,102.3
2022-09-18,ATM10,93.88
2022-09-19,ATM10,74.43
2022-09-20,ATM10,79.44
2022-09-21,ATM10,83.18
2022-09-22,ATM10,86.35
2022-09-23,ATM10,99.34
2022-09-24,ATM10,117.24
2022-09-25,ATM10,139.75
2022-09-26,ATM10,129.97
2022-09-27,ATM10,135.24
2022-09-28,ATM10,158.91
2022-09-29,ATM10,147.64
2022-09-30,ATM10,146.02
2022-10-01,ATM10,149.16
2022-10-02,ATM10,131.48
2022-10-03,ATM10,101.05
2022-10-04,ATM10,119.38
2022-10-05,ATM10,95.56
2022-10-06,ATM10,106.59
2022-10-07,ATM10,107.47
2022-10-08,ATM10,93.07
2022-10-09,ATM10,89.51
2022-10-10,ATM10,78.8
2022-10-11,ATM10,84.17
2022-10-12,ATM10,84.1
2022-10-13,ATM10,74.37
2022-10-14,ATM10,102.31
2022-10-15,ATM10,113.41
2022-10-16,ATM10,111.67
2022-10-17,ATM10,99.79
2022-10-18,ATM10,87.45
2022-10-19,ATM10,91.46
2022-10-20,ATM10,81.05
2022-10-21,ATM10,91.71
2022-10-22,ATM10,93.87
2022-10-23,ATM10,73.31
2022-10-24,ATM10,81.53
2022-10-25,ATM10,106.84
2022-10-26,ATM10,108.47
2022-10-27,ATM10,116.73
2022-10-28,ATM10,147.35
2022-10-29,ATM10,129.77
2022-10-30,ATM10,115.42
2022-10-31,ATM10,109.01
2022-11-01,ATM10,100.21
2022-11-02,ATM10,101.32
2022-11-03,ATM10,85.1
2022-11-04,ATM10,104.77
2022-11-05,ATM10,111.89
2022-11-06,ATM10,88.17
2022-11-07,ATM10,107.07
2022-11-08,ATM10,106.81
2022-11-09,ATM10,89.11
2022-11-10,ATM10,92.64
2022-11-11,ATM10,99.34
2022-11-12,ATM10,97.34
2022-11-13,ATM10,90.86
2022-11-14,ATM10,88.13
2022-11-15,ATM10,87.93
2022-11-16,ATM10,86.42
2022-11-17,ATM10,80.93
2022-11-18,ATM10,72.12
2022-11-19,ATM10,90.8
2022-11-20,ATM10,81.2
2022-11-21,ATM10,91.47
2022-11-22,ATM10,88.74
2022-11-23,ATM10,81.76
2022-11-24,ATM10,91.62
2022-11-25,ATM10,136.37
2022-11-26,ATM10,139.74
2022-11-27,ATM10,121.66
2022-11-28,ATM10,145.78
2022-11-29,ATM10,115.4
2022-11-30,ATM10,110.97
2022-12-01,ATM10,98.59
2022-12-02,ATM10,128.22
2022-12-03,ATM10,100.11
2022-12-04,ATM10,89.24
2022-12-05,ATM10,87.99
2022-12-06,ATM10,88.52
2022-12-07,ATM10,78.61
2022-12-08,ATM10,66.81
2022-12-09,ATM10,92.36
2022-12-10,ATM10,72.0
2022-12-11,ATM10,83.57
2022-12-12,ATM10,100.79
2022-12-13,ATM10,86.18
2022-12-14,ATM10,96.55
2022-12-15,ATM10,94.86
2022-12-16,ATM10,120.11
2022-12-17,ATM10,106.69
2022-12-18,ATM10,72.99
2022-12-19,ATM10,82.57
2022-12-20,ATM10,100.93
2022-12-21,ATM10,99.36
2022-12-22,ATM10,87.89
2022-12-23,ATM10,100.86
2022-12-24,ATM10,115.32
2022-12-25,ATM10,129.1
2022-12-26,ATM10,176.88
2022-12-27,ATM10,133.87
2022-12-28,ATM10,142.84
2022-12-29,ATM10,143.21
2022-12-30,ATM10,134.92
2022-12-31,ATM10,135.58
2023-01-01,ATM10,124.69
2023-01-02,ATM10,126.97
2023-01-03,ATM10,97.1
2023-01-04,ATM10,78.36
2023-01-05,ATM10,91.54
2023-01-06,ATM10,104.19
2023-01-07,ATM10,106.4
2023-01-08,ATM10,100.19
2023-01-09,ATM10,93.51
2023-01-10,ATM10,75.36
2023-01-11,ATM10,76.53
2023-01-12,ATM10,75.19
2023-01-13,ATM10,110.28
2023-01-14,ATM10,114.11
2023-01-15,ATM10,83.88
2023-01-16,ATM10,106.08
2023-01-17,ATM10,85.36
2023-01-18,ATM10,83.34
2023-01-19,ATM10,90.7
2023-01-20,ATM10,75.96
2023-01-21,ATM10,84.98
2023-01-22,ATM10,72.84
2023-01-23,ATM10,83.24
2023-01-24,ATM10,83.55
2023-01-25,ATM10,114.14
2023-01-26,ATM10,112.3
2023-01-27,ATM10,140.42
2023-01-28,ATM10,142.97
2023-01-29,ATM10,124.68
2023-01-30,ATM10,123.8
2023-01-31,ATM10,141.15
2023-02-01,ATM10,127.59
2023-02-02,ATM10,113.04
2023-02-03,ATM10,81.18
2023-02-04,ATM10,81.6
2023-02-05,ATM10,80.97
2023-02-06,ATM10,87.61
2023-02-07,ATM10,82.09
2023-02-08,ATM10,90.13
2023-02-09,ATM10,84.95
2023-02-10,ATM10,78.57
2023-02-11,ATM10,94.56
2023-02-12,ATM10,99.44
2023-02-13,ATM10,80.85
2023-02-14,ATM10,81.18
2023-02-15,ATM10,65.7
2023-02-16,ATM10,62.62
2023-02-17,ATM10,74.67
2023-02-18,ATM10,97.82
2023-02-19,ATM10,79.67
2023-02-20,ATM10,75.51
2023-02-21,ATM10,76.89
2023-02-22,ATM10,79.34
2023-02-23,ATM10,73.5
2023-02-24,ATM10,106.45
2023-02-25,ATM10,137.63
2023-02-26,ATM10,123.24
2023-02-27,ATM10,115.65
2023-02-28,ATM10,117.11
2023-03-01,ATM10,131.53
2023-03-02,ATM10,145.27
2023-03-03,ATM10,102.85
2023-03-04,ATM10,119.66
2023-03-05,ATM10,107.32
2023-03-06,ATM10,111.76
2023-03-07,ATM10,96.15
2023-03-08,ATM10,90.99
2023-03-09,ATM10,100.42
2023-03-10,ATM10,103.8
2023-03-11,ATM10,118.74
2023-03-12,ATM10,96.62
2023-03-13,ATM10,88.87
2023-03-14,ATM10,62.76
2023-03-15,ATM10,60.29
2023-03-16,ATM10,67.69
2023-03-17,ATM10,72.91
2023-03-18,ATM10,93.2
2023-03-19,ATM10,73.35
2023-03-20,ATM10,75.13
2023-03-21,ATM10,72.45
2023-03-22,ATM10,87.61
2023-03-23,ATM10,78.17
2023-03-24,ATM10,92.23
2023-03-25,ATM10,135.41
2023-03-26,ATM10,133.12
2023-03-27,ATM10,137.07
2023-03-28,ATM10,119.71
2023-03-29,ATM10,95.99
2023-03-30,ATM10,102.09
2023-03-31,ATM10,118.73
2023-04-01,ATM10,135.38
2023-04-02,ATM10,115.92
2023-04-03,ATM10,112.58
2023-04-04,ATM10,104.54
2023-04-05,ATM10,94.64
2023-04-06,ATM10,96.48
2023-04-07,ATM10,141.68
2023-04-08,ATM10,148.64
2023-04-09,ATM10,142.79
2023-04-10,ATM10,105.11
2023-04-11,ATM10,96.3
2023-04-12,ATM10,95.92
2023-04-13,ATM10,106.51
2023-04-14,ATM10,119.95
2023-04-15,ATM10,123.74
2023-04-16,ATM10,114.47
2023-04-17,ATM10,111.2
2023-04-18,ATM10,112.7
2023-04-19,ATM10,135.12
2023-04-20,ATM10,110.91
2023-04-21,ATM10,138.96
2023-04-22,ATM10,71.14
2023-04-23,ATM10,58.57
2023-04-24,ATM10,56.75
2023-04-25,ATM10,85.32
2023-04-26,ATM10,73.08
2023-04-27,ATM10,75.76
2023-04-28,ATM10,76.08
2023-04-29,ATM10,73.41
2023-04-30,ATM10,79.73
2023-05-01,ATM10,74.44
2023-05-02,ATM10,86.81
2023-05-03,ATM10,86.18
2023-05-04,ATM10,105.3
2023-05-05,ATM10,107.16
2023-05-06,ATM10,122.22
2023-05-07,ATM10,105.98
2023-05-08,ATM10,95.19
2023-05-09,ATM10,72.71
2023-05-10,ATM10,86.98
2023-05-11,ATM10,73.91
2023-05-12,ATM10,99.2
2023-05-13,ATM10,103.32
2023-05-14,ATM10,79.32
2023-05-15,ATM10,84.69
2023-05-16,ATM10,101.22
2023-05-17,ATM10,105.1
2023-05-18,ATM10,85.32
2023-05-19,ATM10,83.99
2023-05-20,ATM10,91.31
2023-05-21,ATM10,81.97
2023-05-22,ATM10,94.71
2023-05-23,ATM10,91.27
2023-05-24,ATM10,70.29
2023-05-25,ATM10,110.84
2023-05-26,ATM10,120.48
2023-05-27,ATM10,128.28
2023-05-28,ATM10,120.23
2023-05-29,ATM10,135.3
2023-05-30,ATM10,132.28
2023-05-31,ATM10,110.81
2023-06-01,ATM10,104.87
2023-06-02,ATM10,116.67
2023-06-03,ATM10,83.67
2023-06-04,ATM10,84.3
2023-06-05,ATM10,109.45
2023-06-06,ATM10,79.07
2023-06-07,ATM10,84.16
2023-06-08,ATM10,86.24
2023-06-09,ATM10,100.08
2023-06-10,ATM10,83.38
2023-06-11,ATM10,68.38
2023-06-12,ATM10,65.61
2023-06-13,ATM10,82.42
2023-06-14,ATM10,72.46
2023-06-15,ATM10,72.1
2023-06-16,ATM10,105.88
2023-06-17,ATM10,92.23
2023-06-18,ATM10,86.86
2023-06-19,ATM10,95.53
2023-06-20,ATM10,94.22
2023-06-21,ATM10,74.01
2023-06-22,ATM10,71.05
2023-06-23,ATM10,86.22
2023-06-24,ATM10,112.64
2023-06-25,ATM10,117.77
2023-06-26,ATM10,111.0
2023-06-27,ATM10,113.53
2023-06-28,ATM10,119.96
2023-06-29,ATM10,117.59
2023-06-30,ATM10,117.3
2023-07-01,ATM10,118.68
2023-07-02,ATM10,115.31
2023-07-03,ATM10,106.64
2023-07-04,ATM10,91.68
2023-07-05,ATM10,89.75
2023-07-06,ATM10,79.59
2023-07-07,ATM10,114.52
2023-07-08,ATM10,111.92
2023-07-09,ATM10,109.16
2023-07-10,ATM10,89.63
2023-07-11,ATM10,82.5
2023-07-12,ATM10,68.31
2023-07-13,ATM10,58.41
2023-07-14,ATM10,87.46
2023-07-15,ATM10,92.32
2023-07-16,ATM10,85.4
2023-07-17,ATM10,73.33
2023-07-18,ATM10,67.56
2023-07-19,ATM10,82.72
2023-07-20,ATM10,97.61
2023-07-21,ATM10,89.63
2023-07-22,ATM10,99.57
2023-07-23,ATM10,88.14
2023-07-24,ATM10,84.16
2023-07-25,ATM10,136.18
2023-07-26,ATM10,115.42
2023-07-27,ATM10,129.07
2023-07-28,ATM10,136.48
2023-07-29,ATM10,134.13
2023-07-30,ATM10,138.03
2023-07-31,ATM10,129.56
2023-08-01,ATM10,114.64
2023-08-02,ATM10,130.59
2023-08-03,ATM10,109.19
2023-08-04,ATM10,122.46
2023-08-05,ATM10,73.77
2023-08-06,ATM10,84.15
2023-08-07,ATM10,90.88
2023-08-08,ATM10,86.98
2023-08-09,ATM10,93.67
2023-08-10,ATM10,83.21
2023-08-11,ATM10,96.05
2023-08-12,ATM10,92.47
2023-08-13,ATM10,98.27
2023-08-14,ATM10,97.39
2023-08-15,ATM10,89.78
2023-08-16,ATM10,88.09
2023-08-17,ATM10,89.25
2023-08-18,ATM10,105.29
2023-08-19,ATM10,97.97
2023-08-20,ATM10,95.32
2023-08-21,ATM10,89.83
2023-08-22,ATM10,100.64
2023-08-23,ATM10,99.04
2023-08-24,ATM10,81.35
2023-08-25,ATM10,159.46
2023-08-26,ATM10,114.1
2023-08-27,ATM10,118.09
2023-08-28,ATM10,108.09
2023-08-29,ATM10,131.03
2023-08-30,ATM10,122.22
2023-08-31,ATM10,105.56
2023-09-01,ATM10,115.74
2023-09-02,ATM10,115.0
2023-09-03,ATM10,85.41
2023-09-04,ATM10,86.0
2023-09-05,ATM10,78.22
2023-09-06,ATM10,85.82
2023-09-07,ATM10,90.66
2023-09-08,ATM10,88.17
2023-09-09,ATM10,81.07
2023-09-10,ATM10,77.05
2023-09-11,ATM10,84.75
2023-09-12,ATM10,85.88
2023-09-13,ATM10,86.68
2023-09-14,ATM10,97.39
2023-09-15,ATM10,106.46
2023-09-16,ATM10,133.53
2023-09-17,ATM10,137.86
2023-09-18,ATM10,85.54
2023-09-19,ATM10,62.46
2023-09-20,ATM10,70.59
2023-09-21,ATM10,78.9
2023-09-22,ATM10,86.0
2023-09-23,ATM10,97.55
2023-09-24,ATM10,82.56
2023-09-25,ATM10,106.82
2023-09-26,ATM10,99.58
2023-09-27,ATM10,102.51
2023-09-28,ATM10,116.49
2023-09-29,ATM10,117.8
2023-09-30,ATM10,121.17
2023-10-01,ATM10,120.06
2023-10-02,ATM10,114.68
2023-10-03,ATM10,98.66
2023-10-04,ATM10,83.38
2023-10-05,ATM10,75.47
2023-10-06,ATM10,93.44
2023-10-07,ATM10,104.15
2023-10-08,ATM10,84.67
2023-10-09,ATM10,102.64
2023-10-10,ATM10,101.2
2023-10-11,ATM10,81.77
2023-10-12,ATM10,93.75
2023-10-13,ATM10,71.99
2023-10-14,ATM10,93.64
2023-10-15,ATM10,75.84
2023-10-16,ATM10,88.09
2023-10-17,ATM10,72.33
2023-10-18,ATM10,74.72
2023-10-19,ATM10,69.87
2023-10-20,ATM10,80.01
2023-10-21,ATM10,106.62
2023-10-22,ATM10,87.27
2023-10-23,ATM10,106.23
2023-10-24,ATM10,83.78
2023-10-25,ATM10,132.6
2023-10-26,ATM10,99.44
2023-10-27,ATM10,111.87
2023-10-28,ATM10,114.93
2023-10-29,ATM10,130.09
2023-10-30,ATM10,123.72
2023-10-31,ATM10,89.47
2023-11-01,ATM10,86.2
2023-11-02,ATM10,87.58
2023-11-03,ATM10,96.61
2023-11-04,ATM10,110.22
2023-11-05,ATM10,92.19
2023-11-06,ATM10,86.4
2023-11-07,ATM10,91.61
2023-11-08,ATM10,78.56
2023-11-09,ATM10,87.29
2023-11-10,ATM10,89.47
2023-11-11,ATM10,88.78
2023-11-12,ATM10,84.81
2023-11-13,ATM10,83.94
2023-11-14,ATM10,82.89
2023-11-15,ATM10,68.95
2023-11-16,ATM10,78.63
2023-11-17,ATM10,96.47
2023-11-18,ATM10,98.01
2023-11-19,ATM10,90.62
2023-11-20,ATM10,84.43
2023-11-21,ATM10,86.73
2023-11-22,ATM10,82.03
2023-11-23,ATM10,70.0
2023-11-24,ATM10,89.44
2023-11-25,ATM10,106.89
2023-11-26,ATM10,109.41
2023-11-27,ATM10,107.23
2023-11-28,ATM10,100.24
2023-11-29,ATM10,106.53
2023-11-30,ATM10,99.36
2023-12-01,ATM10,121.73
2023-12-02,ATM10,127.03
2023-12-03,ATM10,85.63
2023-12-04,ATM10,102.6
2023-12-05,ATM10,93.33
2023-12-06,ATM10,95.91
2023-12-07,ATM10,105.85
2023-12-08,ATM10,122.07
2023-12-09,ATM10,119.09
2023-12-10,ATM10,84.95
2023-12-11,ATM10,70.8
2023-12-12,ATM10,74.18
2023-12-13,ATM10,85.47
2023-12-14,ATM10,83.96
2023-12-15,ATM10,65.46
2023-12-16,ATM10,90.99
2023-12-17,ATM10,94.58
2023-12-18,ATM10,87.71
2023-12-19,ATM10,92.81
2023-12-20,ATM10,93.63
2023-12-21,ATM10,81.35
2023-12-22,ATM10,104.66
2023-12-23,ATM10,88.78
2023-12-24,ATM10,83.85
2023-12-25,ATM10,112.2
2023-12-26,ATM10,104.52
2023-12-27,ATM10,114.62
2023-12-28,ATM10,133.45
2023-12-29,ATM10,156.85
2023-12-30,ATM10,159.46
2023-12-31,ATM10,109.58
2024-01-01,ATM10,88.41
2024-01-02,ATM10,100.31
2024-01-03,ATM10,83.08
2024-01-04,ATM10,80.19
2024-01-05,ATM10,113.61
2024-01-06,ATM10,109.18
2024-01-07,ATM10,100.16
2024-01-08,ATM10,105.61
2024-01-09,ATM10,92.73
2024-01-10,ATM10,105.61
2024-01-11,ATM10,79.89
2024-01-12,ATM10,80.79
2024-01-13,ATM10,78.36
2024-01-14,ATM10,90.63
2024-01-15,ATM10,92.89
2024-01-16,ATM10,76.94
2024-01-17,ATM10,69.83
2024-01-18,ATM10,85.6
2024-01-19,ATM10,92.65
2024-01-20,ATM10,107.89
2024-01-21,ATM10,87.5
2024-01-22,ATM10,88.5
2024-01-23,ATM10,82.56
2024-01-24,ATM10,73.96
2024-01-25,ATM10,103.88
2024-01-26,ATM10,102.54
2024-01-27,ATM10,122.79
2024-01-28,ATM10,122.07
2024-01-29,ATM10,130.31
2024-01-30,ATM10,123.02
2024-01-31,ATM10,112.4
2024-02-01,ATM10,129.82
2024-02-02,ATM10,142.36
2024-02-03,ATM10,125.56
2024-02-04,ATM10,117.59
2024-02-05,ATM10,100.19
2024-02-06,ATM10,93.7
2024-02-07,ATM10,97.07
2024-02-08,ATM10,79.81
2024-02-09,ATM10,80.97
2024-02-10,ATM10,67.92
2024-02-11,ATM10,72.19
2024-02-12,ATM10,73.82
2024-02-13,ATM10,62.75
2024-02-14,ATM10,71.05
2024-02-15,ATM10,73.13
2024-02-16,ATM10,94.23
2024-02-17,ATM10,115.88
2024-02-18,ATM10,95.41
2024-02-19,ATM10,80.37
2024-02-20,ATM10,81.92
2024-02-21,ATM10,78.83
2024-02-22,ATM10,75.37
2024-02-23,ATM10,76.24
2024-02-24,ATM10,80.17
2024-02-25,ATM10,105.47
2024-02-26,ATM10,119.25
2024-02-27,ATM10,115.92
2024-02-28,ATM10,135.33
2024-02-29,ATM10,127.83
2024-03-01,ATM10,133.96
2024-03-02,ATM10,126.42
2024-03-03,ATM10,80.94
2024-03-04,ATM10,80.45
2024-03-05,ATM10,75.13
2024-03-06,ATM10,60.75
2024-03-07,ATM10,65.48
2024-03-08,ATM10,99.76
2024-03-09,ATM10,105.41
2024-03-10,ATM10,79.13
2024-03-11,ATM10,83.18
2024-03-12,ATM10,62.39
2024-03-13,ATM10,71.73
2024-03-14,ATM10,85.21
2024-03-15,ATM10,87.24
2024-03-16,ATM10,73.64
2024-03-17,ATM10,70.52
2024-03-18,ATM10,86.96
2024-03-19,ATM10,81.14
2024-03-20,ATM10,68.83
2024-03-21,ATM10,98.37
2024-03-22,ATM10,86.95
2024-03-23,ATM10,93.36
2024-03-24,ATM10,79.7
2024-03-25,ATM10,109.93
2024-03-26,ATM10,112.06
2024-03-27,ATM10,132.03
2024-03-28,ATM10,154.64
2024-03-29,ATM10,154.46
2024-03-30,ATM10,146.06
2024-03-31,ATM10,151.1
2024-04-01,ATM10,162.48
2024-04-02,ATM10,156.59
2024-04-03,ATM10,127.95
2024-04-04,ATM10,125.09
2024-04-05,ATM10,141.54
2024-04-06,ATM10,146.81
2024-04-07,ATM10,154.01
2024-04-08,ATM10,188.43
2024-04-09,ATM10,157.99
2024-04-10,ATM10,53.86
2024-04-11,ATM10,53.35
2024-04-12,ATM10,55.89
2024-04-13,ATM10,65.31
2024-04-14,ATM10,60.18
2024-04-15,ATM10,55.07
2024-04-16,ATM10,58.13
2024-04-17,ATM10,58.27
2024-04-18,ATM10,53.7
2024-04-19,ATM10,67.83
2024-04-20,ATM10,76.3
2024-04-21,ATM10,79.34
2024-04-22,ATM10,84.94
2024-04-23,ATM10,76.62
2024-04-24,ATM10,73.4
2024-04-25,ATM10,104.37
2024-04-26,ATM10,120.86
2024-04-27,ATM10,131.02
2024-04-28,ATM10,118.54
2024-04-29,ATM10,113.28
2024-04-30,ATM10,118.83
2024-05-01,ATM10,98.21
2024-05-02,ATM10,137.35
2024-05-03,ATM10,114.26
2024-05-04,ATM10,94.58
2024-05-05,ATM10,89.34
2024-05-06,ATM10,96.96
2024-05-07,ATM10,84.46
2024-05-08,ATM10,71.6
2024-05-09,ATM10,69.89
2024-05-10,ATM10,81.17
2024-05-11,ATM10,71.07
2024-05-12,ATM10,61.63
2024-05-13,ATM10,75.06
2024-05-14,ATM10,71.67
2024-05-15,ATM10,68.18
2024-05-16,ATM10,68.16
2024-05-17,ATM10,67.64
2024-05-18,ATM10,83.71
2024-05-19,ATM10,71.16
2024-05-20,ATM10,71.12
2024-05-21,ATM10,74.43
2024-05-22,ATM10,72.74
2024-05-23,ATM10,68.53
2024-05-24,ATM10,64.01
2024-05-25,ATM10,112.78
2024-05-26,ATM10,107.87
2024-05-27,ATM10,103.34
2024-05-28,ATM10,90.94
2024-05-29,ATM10,98.61
2024-05-30,ATM10,107.65
2024-05-31,ATM10,118.67
2024-06-01,ATM10,139.73
2024-06-02,ATM10,130.14
2024-06-03,ATM10,94.05
2024-06-04,ATM10,93.67
2024-06-05,ATM10,88.68
2024-06-06,ATM10,86.49
2024-06-07,ATM10,108.45
2024-06-08,ATM10,94.46
2024-06-09,ATM10,87.45
2024-06-10,ATM10,89.49
2024-06-11,ATM10,82.04
2024-06-12,ATM10,74.93
2024-06-13,ATM10,62.09
2024-06-14,ATM10,59.26
2024-06-15,ATM10,93.73
2024-06-16,ATM10,84.43
2024-06-17,ATM10,72.41
2024-06-18,ATM10,76.62
2024-06-19,ATM10,68.13
2024-06-20,ATM10,69.16
2024-06-21,ATM10,71.96
2024-06-22,ATM10,69.64
2024-06-23,ATM10,56.61
2024-06-24,ATM10,56.92
2024-06-25,ATM10,101.21
2024-06-26,ATM10,92.47
2024-06-27,ATM10,104.96
2024-06-28,ATM10,128.63
2024-06-29,ATM10,127.29
2024-06-30,ATM10,108.93
2024-07-01,ATM10,111.16
2024-07-02,ATM10,100.3
2024-07-03,ATM10,93.7
2024-07-04,ATM10,108.17
2024-07-05,ATM10,121.68
2024-07-06,ATM10,86.46
2024-07-07,ATM10,79.69
2024-07-08,ATM10,84.16
2024-07-09,ATM10,86.18
2024-07-10,ATM10,62.54
2024-07-11,ATM10,56.86
2024-07-12,ATM10,84.22
2024-07-13,ATM10,81.96
2024-07-14,ATM10,65.08
2024-07-15,ATM10,63.87
2024-07-16,ATM10,70.9
2024-07-17,ATM10,66.55
2024-07-18,ATM10,72.7
2024-07-19,ATM10,73.11
2024-07-20,ATM10,67.47
2024-07-21,ATM10,82.08
2024-07-22,ATM10,83.58
2024-07-23,ATM10,73.86
2024-07-24,ATM10,70.02
2024-07-25,ATM10,119.07
2024-07-26,ATM10,130.46
2024-07-27,ATM10,144.7
2024-07-28,ATM10,111.57
2024-07-29,ATM10,111.07
2024-07-30,ATM10,109.45
2024-07-31,ATM10,100.19
2024-08-01,ATM10,101.21
2024-08-02,ATM10,106.5
2024-08-03,ATM10,97.26
2024-08-04,ATM10,76.05
2024-08-05,ATM10,87.51
2024-08-06,ATM10,86.03
2024-08-07,ATM10,82.56
2024-08-08,ATM10,87.07
2024-08-09,ATM10,90.12
2024-08-10,ATM10,79.13
2024-08-11,ATM10,79.9
2024-08-12,ATM10,84.15
2024-08-13,ATM10,72.55
2024-08-14,ATM10,68.79
2024-08-15,ATM10,70.25
2024-08-16,ATM10,75.26
2024-08-17,ATM10,92.81
2024-08-18,ATM10,85.63
2024-08-19,ATM10,81.47
2024-08-20,ATM10,68.19
2024-08-21,ATM10,77.4
2024-08-22,ATM10,70.63
2024-08-23,ATM10,74.57
2024-08-24,ATM10,89.51
2024-08-25,ATM10,116.07
2024-08-26,ATM10,85.17
2024-08-27,ATM10,91.1
2024-08-28,ATM10,99.12
2024-08-29,ATM10,97.82
2024-08-30,ATM10,113.54
2024-08-31,ATM10,97.89
2024-09-01,ATM10,72.86
2024-09-02,ATM10,81.65
2024-09-03,ATM10,75.01
2024-09-04,ATM10,55.54
2024-09-05,ATM10,63.03
2024-09-06,ATM10,65.49
2024-09-07,ATM10,80.26
2024-09-08,ATM10,99.74
2024-09-09,ATM10,90.37
2024-09-10,ATM10,74.21
2024-09-11,ATM10,81.15
2024-09-12,ATM10,77.21
2024-09-13,ATM10,81.3
2024-09-14,ATM10,94.47
2024-09-15,ATM10,85.58
2024-09-16,ATM10,83.74
2024-09-17,ATM10,75.15
2024-09-18,ATM10,71.59
2024-09-19,ATM10,80.48
2024-09-20,ATM10,81.68
2024-09-21,ATM10,97.84
2024-09-22,ATM10,73.52
2024-09-23,ATM10,88.65
2024-09-24,ATM10,82.41
2024-09-25,ATM10,97.5
2024-09-26,ATM10,106.33
2024-09-27,ATM10,107.56
2024-09-28,ATM10,116.73
2024-09-29,ATM10,101.81
2024-09-30,ATM10,103.89
2024-10-01,ATM10,112.08
2024-10-02,ATM10,113.27
2024-10-03,ATM10,75.98
2024-10-04,ATM10,78.07
2024-10-05,ATM10,91.69
2024-10-06,ATM10,88.45
2024-10-07,ATM10,81.21
2024-10-08,ATM10,95.25
2024-10-09,ATM10,96.13
2024-10-10,ATM10,73.56
2024-10-11,ATM10,75.04
2024-10-12,ATM10,80.06
2024-10-13,ATM10,72.54
2024-10-14,ATM10,86.25
2024-10-15,ATM10,85.96
2024-10-16,ATM10,79.12
2024-10-17,ATM10,81.8
2024-10-18,ATM10,93.24
2024-10-19,ATM10,91.05
2024-10-20,ATM10,83.28
2024-10-21,ATM10,85.28
2024-10-22,ATM10,80.93
2024-10-23,ATM10,70.36
2024-10-24,ATM10,66.8
2024-10-25,ATM10,105.39
2024-10-26,ATM10,106.36
2024-10-27,ATM10,87.38
2024-10-28,ATM10,105.75
2024-10-29,ATM10,105.56
2024-10-30,ATM10,89.66
2024-10-31,ATM10,94.0
2024-11-01,ATM10,106.78
2024-11-02,ATM10,117.9
2024-11-03,ATM10,76.4
2024-11-04,ATM10,70.38
2024-11-05,ATM10,79.18
2024-11-06,ATM10,68.16
2024-11-07,ATM10,73.52
2024-11-08,ATM10,83.2
2024-11-09,ATM10,90.07
2024-11-10,ATM10,77.33
2024-11-11,ATM10,91.95
2024-11-12,ATM10,66.42
2024-11-13,ATM10,77.09
2024-11-14,ATM10,56.78
2024-11-15,ATM10,84.04
2024-11-16,ATM10,68.79
2024-11-17,ATM10,91.59
2024-11-18,ATM10,79.69
2024-11-19,ATM10,85.53
2024-11-20,ATM10,88.32
2024-11-21,ATM10,75.8
2024-11-22,ATM10,78.87
2024-11-23,ATM10,76.29
2024-11-24,ATM10,79.99
2024-11-25,ATM10,104.51
2024-11-26,ATM10,92.14
2024-11-27,ATM10,103.42
2024-11-28,ATM10,93.03
2024-11-29,ATM10,104.35
2024-11-30,ATM10,115.45
2024-12-01,ATM10,99.04
2024-12-02,ATM10,98.09
2024-12-03,ATM10,92.76
2024-12-04,ATM10,84.51
2024-12-05,ATM10,79.67
2024-12-06,ATM10,87.49
2024-12-07,ATM10,97.94
2024-12-08,ATM10,77.87
2024-12-09,ATM10,86.09
2024-12-10,ATM10,74.97
2024-12-11,ATM10,60.57
2024-12-12,ATM10,81.61
2024-12-13,ATM10,99.43
2024-12-14,ATM10,84.85
2024-12-15,ATM10,73.32
2024-12-16,ATM10,80.3
2024-12-17,ATM10,66.25
2024-12-18,ATM10,84.5
2024-12-19,ATM10,77.06
2024-12-20,ATM10,102.82
2024-12-21,ATM10,89.58
2024-12-22,ATM10,81.05
2024-12-23,ATM10,94.12
2024-12-24,ATM10,80.28
2024-12-25,ATM10,108.6
2024-12-26,ATM10,126.06
2024-12-27,ATM10,121.43
2024-12-28,ATM10,110.65
2024-12-29,ATM10,92.43
2024-12-30,ATM10,111.38
2024-12-31,ATM10,112.63
2025-01-01,ATM10,109.71
2025-01-02,ATM10,104.38
2025-01-03,ATM10,77.65
2025-01-04,ATM10,67.99
2025-01-05,ATM10,101.25
2025-01-06,ATM10,97.72
2025-01-07,ATM10,87.51
2025-01-08,ATM10,86.56
2025-01-09,ATM10,71.35
2025-01-10,ATM10,69.23
2025-01-11,ATM10,95.14
2025-01-12,ATM10,86.73
2025-01-13,ATM10,74.26
2025-01-14,ATM10,62.51
2025-01-15,ATM10,64.01
2025-01-16,ATM10,66.13
2025-01-17,ATM10,96.2
2025-01-18,ATM10,89.15
2025-01-19,ATM10,68.69
2025-01-20,ATM10,72.21
2025-01-21,ATM10,72.69
2025-01-22,ATM10,62.94
2025-01-23,ATM10,70.98
2025-01-24,ATM10,90.49
2025-01-25,ATM10,125.79
2025-01-26,ATM10,100.71
2025-01-27,ATM10,97.95
2025-01-28,ATM10,81.14
2025-01-29,ATM10,85.71
2025-01-30,ATM10,99.37
2025-01-31,ATM10,100.43
2025-02-01,ATM10,138.05
2025-02-02,ATM10,124.99
2025-02-03,ATM10,75.1
2025-02-04,ATM10,62.86
2025-02-05,ATM10,64.75
2025-02-06,ATM10,86.93
2025-02-07,ATM10,101.75
2025-02-08,ATM10,118.56
2025-02-09,ATM10,94.67
2025-02-10,ATM10,77.82
2025-02-11,ATM10,63.54
2025-02-12,ATM10,70.75
2025-02-13,ATM10,69.92
2025-02-14,ATM10,76.54
2025-02-15,ATM10,97.88
2025-02-16,ATM10,80.33
2025-02-17,ATM10,90.05
2025-02-18,ATM10,65.32
2025-02-19,ATM10,92.59
2025-02-20,ATM10,77.35
2025-02-21,ATM10,88.79
2025-02-22,ATM10,96.28
2025-02-23,ATM10,76.5
2025-02-24,ATM10,83.22
2025-02-25,ATM10,115.6
2025-02-26,ATM10,99.03
2025-02-27,ATM10,92.48
2025-02-28,ATM10,107.58
2025-03-01,ATM10,113.3
2025-03-02,ATM10,121.88
2025-03-03,ATM10,97.47
2025-03-04,ATM10,85.03
2025-03-05,ATM10,88.14
2025-03-06,ATM10,66.9
2025-03-07,ATM10,76.45
2025-03-08,ATM10,89.78
2025-03-09,ATM10,94.1
2025-03-10,ATM10,83.3
2025-03-11,ATM10,91.87
2025-03-12,ATM10,93.4
2025-03-13,ATM10,82.18
2025-03-14,ATM10,90.32
2025-03-15,ATM10,101.58
2025-03-16,ATM10,87.89
2025-03-17,ATM10,108.23
2025-03-18,ATM10,85.5
2025-03-19,ATM10,93.16
2025-03-20,ATM10,102.6
2025-03-21,ATM10,106.75
2025-03-22,ATM10,107.37
2025-03-23,ATM10,101.97
2025-03-24,ATM10,115.91
2025-03-25,ATM10,142.88
2025-03-26,ATM10,131.05
2025-03-27,ATM10,162.57
2025-03-28,ATM10,184.11
2025-03-29,ATM10,210.57
2025-03-30,ATM10,195.65
2025-03-31,ATM10,95.23
2025-04-01,ATM10,86.38
2025-04-02,ATM10,72.74
2025-04-03,ATM10,60.02
2025-04-04,ATM10,60.07
2025-04-05,ATM10,60.86
2025-04-06,ATM10,49.05
2025-04-07,ATM10,55.4
2025-04-08,ATM10,62.52
2025-04-09,ATM10,64.76
2025-04-10,ATM10,53.69
2025-04-11,ATM10,56.04
2025-04-12,ATM10,87.24
2025-04-13,ATM10,79.52
2025-04-14,ATM10,71.6
2025-04-15,ATM10,73.46
2025-04-16,ATM10,91.95
2025-04-17,ATM10,85.59
2025-04-18,ATM10,62.96
2025-04-19,ATM10,99.89
2025-04-20,ATM10,66.71
2025-04-21,ATM10,69.56
2025-04-22,ATM10,60.8
2025-04-23,ATM10,61.15
2025-04-24,ATM10,68.61
2025-04-25,ATM10,86.29
2025-04-26,ATM10,102.38
2025-04-27,ATM10,112.78
2025-04-28,ATM10,98.77
2025-04-29,ATM10,83.23
2025-04-30,ATM10,90.48
2025-05-01,ATM10,87.31
2025-05-02,ATM10,99.44
2025-05-03,ATM10,77.32
2025-05-04,ATM10,82.0
2025-05-05,ATM10,88.61
2025-05-06,ATM10,72.61
2025-05-07,ATM10,68.97
2025-05-08,ATM10,75.75
2025-05-09,ATM10,77.36
2025-05-10,ATM10,79.19
2025-05-11,ATM10,86.39
2025-05-12,ATM10,79.26
2025-05-13,ATM10,63.8
2025-05-14,ATM10,70.64
2025-05-15,ATM10,69.46
2025-05-16,ATM10,76.42
2025-05-17,ATM10,85.57
2025-05-18,ATM10,82.08
2025-05-19,ATM10,78.22
2025-05-20,ATM10,71.95
2025-05-21,ATM10,89.57
2025-05-22,ATM10,89.89
2025-05-23,ATM10,95.56
2025-05-24,ATM10,91.06
2025-05-25,ATM10,97.99
2025-05-26,ATM10,114.88
2025-05-27,ATM10,105.2
2025-05-28,ATM10,95.58
2025-05-29,ATM10,94.96
2025-05-30,ATM10,96.64
2025-05-31,ATM10,121.86
2025-06-01,ATM10,109.77
2025-06-02,ATM10,111.43
2025-06-03,ATM10,81.28
2025-06-04,ATM10,74.37
2025-06-05,ATM10,60.93
2025-06-06,ATM10,63.27
2025-06-07,ATM10,74.74
2025-06-08,ATM10,68.92
2025-06-09,ATM10,79.0
2025-06-10,ATM10,75.45
2025-06-11,ATM10,71.77
2025-06-12,ATM10,83.09
2025-06-13,ATM10,77.07
2025-06-14,ATM10,80.12
2025-06-15,ATM10,73.26
2025-06-16,ATM10,83.28
2025-06-17,ATM10,75.19
2025-06-18,ATM10,73.71
2025-06-19,ATM10,60.0
2025-06-20,ATM10,65.68
2025-06-21,ATM10,85.32
2025-06-22,ATM10,60.28
2025-06-23,ATM10,78.37
2025-06-24,ATM10,76.35
2025-06-25,ATM10,94.25
2025-06-26,ATM10,88.23
2025-06-27,ATM10,127.77
2025-06-28,ATM10,143.31
2025-06-29,ATM10,113.51
2025-06-30,ATM10,109.7
2025-07-01,ATM10,94.17
2025-07-02,ATM10,98.04
2025-07-03,ATM10,73.06
2025-07-04,ATM10,83.5
2025-07-05,ATM10,109.3
2025-07-06,ATM10,89.06
2025-07-07,ATM10,76.34
2025-07-08,ATM10,65.33
2025-07-09,ATM10,73.45
2025-07-10,ATM10,62.69
2025-07-11,ATM10,75.85
2025-07-12,ATM10,67.4
2025-07-13,ATM10,73.35
2025-07-14,ATM10,65.6
2025-07-15,ATM10,66.93
2025-07-16,ATM10,66.25
2025-07-17,ATM10,82.67
2025-07-18,ATM10,85.15
2025-07-19,ATM10,105.03
2025-07-20,ATM10,88.23
2025-07-21,ATM10,93.64
2025-07-22,ATM10,76.34
2025-07-23,ATM10,75.73
2025-07-24,ATM10,83.06
2025-07-25,ATM10,129.42
2025-07-26,ATM10,130.51
2025-07-27,ATM10,106.11
2025-07-28,ATM10,102.79
2025-07-29,ATM10,111.01
2025-07-30,ATM10,120.32
2025-07-31,ATM10,100.79
2025-08-01,ATM10,101.16
2025-08-02,ATM10,99.7
2025-08-03,ATM10,85.36
2025-08-04,ATM10,75.69
2025-08-05,ATM10,82.55
2025-08-06,ATM10,85.24
2025-08-07,ATM10,76.7
2025-08-08,ATM10,101.93
2025-08-09,ATM10,83.16
2025-08-10,ATM10,85.03
2025-08-11,ATM10,81.39
2025-08-12,ATM10,58.27
2025-08-13,ATM10,76.78
2025-08-14,ATM10,81.19
2025-08-15,ATM10,78.87
2025-08-16,ATM10,73.49
2025-08-17,ATM10,56.33
2025-08-18,ATM10,87.11
2025-08-19,ATM10,68.14
2025-08-20,ATM10,60.13
2025-08-21,ATM10,67.27
2025-08-22,ATM10,63.4
2025-08-23,ATM10,66.45
2025-08-24,ATM10,75.09
2025-08-25,ATM10,109.36
2025-08-26,ATM10,96.29
2025-08-27,ATM10,97.29
2025-08-28,ATM10,92.9
2025-08-29,ATM10,104.86
2025-08-30,ATM10,102.67
2025-08-31,ATM10,92.35
2025-09-01,ATM10,91.6
2025-09-02,ATM10,85.6
2025-09-03,ATM10,82.58
2025-09-04,ATM10,87.17
2025-09-05,ATM10,81.85
2025-09-06,ATM10,77.41
2025-09-07,ATM10,75.32
2025-09-08,ATM10,100.14
2025-09-09,ATM10,76.2
2025-09-10,ATM10,67.71
2025-09-11,ATM10,69.45
2025-09-12,ATM10,75.96
2025-09-13,ATM10,76.21
2025-09-14,ATM10,81.14
2025-09-15,ATM10,80.65
2025-09-16,ATM10,79.76
2025-09-17,ATM10,78.95
2025-09-18,ATM10,81.26
2025-09-19,ATM10,98.16
2025-09-20,ATM10,104.07
2025-09-21,ATM10,106.1
2025-09-22,ATM10,98.9
2025-09-23,ATM10,73.96
2025-09-24,ATM10,78.46
2025-09-25,ATM10,111.11
2025-09-26,ATM10,141.0
2025-09-27,ATM10,114.4
2025-09-28,ATM10,109.63
2025-09-29,ATM10,97.95
2025-09-30,ATM10,100.85
2025-10-01,ATM10,96.52
2025-10-02,ATM10,102.14
2025-10-03,ATM10,75.24
2025-10-04,ATM10,92.52
2025-10-05,ATM10,84.73
2025-10-06,ATM10,84.51
2025-10-07,ATM10,97.71
2025-10-08,ATM10,82.58
2025-10-09,ATM10,82.9
2025-10-10,ATM10,79.8
2025-10-11,ATM10,83.55
2025-10-12,ATM10,94.86
2025-10-13,ATM10,82.68
2025-10-14,ATM10,68.88
2025-10-15,ATM10,84.89
2025-10-16,ATM10,73.38
2025-10-17,ATM10,65.85
2025-10-18,ATM10,69.07
2025-10-19,ATM10,59.42
2025-10-20,ATM10,54.53
2025-10-21,ATM10,58.38
2025-10-22,ATM10,63.61
2025-10-23,ATM10,75.86
2025-10-24,ATM10,85.41
2025-10-25,ATM10,125.68
2025-10-26,ATM10,97.25
2025-10-27,ATM10,109.98
2025-10-28,ATM10,116.75
2025-10-29,ATM10,109.97
2025-10-30,ATM10,107.37
2025-10-31,ATM10,97.51
2025-11-01,ATM10,120.67
2025-11-02,ATM10,128.07
2025-11-03,ATM10,93.56
2025-11-04,ATM10,77.13
2025-11-05,ATM10,75.88
2025-11-06,ATM10,73.2
2025-11-07,ATM10,80.13
2025-11-08,ATM10,93.38
2025-11-09,ATM10,85.52
2025-11-10,ATM10,82.95
2025-11-11,ATM10,76.29
2025-11-12,ATM10,65.63
2025-11-13,ATM10,63.83
2025-11-14,ATM10,69.19
2025-11-15,ATM10,74.88
2025-11-16,ATM10,85.89
2025-11-17,ATM10,97.05
2025-11-18,ATM10,86.12
2025-11-19,ATM10,77.18
2025-11-20,ATM10,62.41
2025-11-21,ATM10,74.61
2025-11-22,ATM10,72.44
2025-11-23,ATM10,83.05
2025-11-24,ATM10,64.57
2025-11-25,ATM10,95.45
2025-11-26,ATM10,87.14
2025-11-27,ATM10,91.98
2025-11-28,ATM10,112.2
2025-11-29,ATM10,127.77
2025-11-30,ATM10,107.04
2025-12-01,ATM10,112.94
2025-12-02,ATM10,93.97
2025-12-03,ATM10,78.25
2025-12-04,ATM10,86.59
2025-12-05,ATM10,93.03
2025-12-06,ATM10,87.53
2025-12-07,ATM10,77.92
2025-12-08,ATM10,88.99
2025-12-09,ATM10,71.18
2025-12-10,ATM10,59.77
2025-12-11,ATM10,68.92
2025-12-12,ATM10,72.42
2025-12-13,ATM10,66.33
2025-12-14,ATM10,77.26
2025-12-15,ATM10,71.24
2025-12-16,ATM10,69.59
2025-12-17,ATM10,67.28
2025-12-18,ATM10,68.64
2025-12-19,ATM10,71.77
2025-12-20,ATM10,87.42
2025-12-21,ATM10,79.58
2025-12-22,ATM10,87.65
2025-12-23,ATM10,72.98
2025-12-24,ATM10,92.98
2025-12-25,ATM10,88.44
2025-12-26,ATM10,91.64
2025-12-27,ATM10,131.56
2025-12-28,ATM10,119.71
2025-12-29,ATM10,118.02
2025-12-30,ATM10,112.5
2025-12-31,ATM10,114.41
2022-01-01,ATM11,173.45
2022-01-02,ATM11,194.19
2022-01-03,ATM11,172.98
2022-01-04,ATM11,147.3
2022-01-05,ATM11,118.12
2022-01-06,ATM11,148.76
2022-01-07,ATM11,134.17
2022-01-08,ATM11,148.89
2022-01-09,ATM11,130.1
2022-01-10,ATM11,111.94
2022-01-11,ATM11,119.26
2022-01-12,ATM11,118.59
2022-01-13,ATM11,121.83
2022-01-14,ATM11,117.75
2022-01-15,ATM11,124.61
2022-01-16,ATM11,106.57
2022-01-17,ATM11,110.39
2022-01-18,ATM11,107.48
2022-01-19,ATM11,134.85
2022-01-20,ATM11,118.49
2022-01-21,ATM11,100.61
2022-01-22,ATM11,137.88
2022-01-23,ATM11,127.46
2022-01-24,ATM11,120.47
2022-01-25,ATM11,151.02
2022-01-26,ATM11,139.02
2022-01-27,ATM11,183.94
2022-01-28,ATM11,187.38
2022-01-29,ATM11,155.4
2022-01-30,ATM11,159.6
2022-01-31,ATM11,185.69
2022-02-01,ATM11,159.82
2022-02-02,ATM11,146.58
2022-02-03,ATM11,109.12
2022-02-04,ATM11,117.7
2022-02-05,ATM11,159.48
2022-02-06,ATM11,136.59
2022-02-07,ATM11,111.42
2022-02-08,ATM11,121.17
2022-02-09,ATM11,125.36
2022-02-10,ATM11,106.5
2022-02-11,ATM11,108.09
2022-02-12,ATM11,108.44
2022-02-13,ATM11,122.47
2022-02-14,ATM11,123.12
2022-02-15,ATM11,120.24
2022-02-16,ATM11,118.65
2022-02-17,ATM11,119.01
2022-02-18,ATM11,120.66
2022-02-19,ATM11,125.14
2022-02-20,ATM11,131.67
2022-02-21,ATM11,144.53
2022-02-22,ATM11,107.12
2022-02-23,ATM11,107.09
2022-02-24,ATM11,120.15
2022-02-25,ATM11,219.56
2022-02-26,ATM11,245.16
2022-02-27,ATM11,172.72
2022-02-28,ATM11,193.37
2022-03-01,ATM11,169.06
2022-03-02,ATM11,181.5
2022-03-03,ATM11,145.73
2022-03-04,ATM11,128.72
2022-03-05,ATM11,148.82
2022-03-06,ATM11,148.68
2022-03-07,ATM11,138.57
2022-03-08,ATM11,124.38
2022-03-09,ATM11,104.79
2022-03-10,ATM11,111.0
2022-03-11,ATM11,125.74
2022-03-12,ATM11,117.6
2022-03-13,ATM11,108.46
2022-03-14,ATM11,115.08
2022-03-15,ATM11,103.8
2022-03-16,ATM11,107.86
2022-03-17,ATM11,90.48
2022-03-18,ATM11,129.94
2022-03-19,ATM11,132.24
2022-03-20,ATM11,104.95
2022-03-21,ATM11,85.0
2022-03-22,ATM11,107.78
2022-03-23,ATM11,116.53
2022-03-24,ATM11,116.16
2022-03-25,ATM11,192.84
2022-03-26,ATM11,208.43
2022-03-27,ATM11,178.57
2022-03-28,ATM11,165.47
2022-03-29,ATM11,149.19
2022-03-30,ATM11,159.78
2022-03-31,ATM11,183.45
2022-04-01,ATM11,182.93
2022-04-02,ATM11,217.66
2022-04-03,ATM11,148.46
2022-04-04,ATM11,144.34
2022-04-05,ATM11,169.16
2022-04-06,ATM11,171.13
2022-04-07,ATM11,172.51
2022-04-08,ATM11,145.71
2022-04-09,ATM11,187.91
2022-04-10,ATM11,130.39
2022-04-11,ATM11,122.99
2022-04-12,ATM11,93.38
2022-04-13,ATM11,112.55
2022-04-14,ATM11,106.3
2022-04-15,ATM11,136.77
2022-04-16,ATM11,130.8
2022-04-17,ATM11,160.1
2022-04-18,ATM11,161.6
2022-04-19,ATM11,188.76
2022-04-20,ATM11,145.79
2022-04-21,ATM11,174.28
2022-04-22,ATM11,146.04
2022-04-23,ATM11,170.42
2022-04-24,ATM11,149.93
2022-04-25,ATM11,213.35
2022-04-26,ATM11,204.81
2022-04-27,ATM11,199.01
2022-04-28,ATM11,191.09
2022-04-29,ATM11,229.17
2022-04-30,ATM11,267.46
2022-05-01,ATM11,274.76
2022-05-02,ATM11,117.16
2022-05-03,ATM11,96.87
2022-05-04,ATM11,79.16
2022-05-05,ATM11,79.24
2022-05-06,ATM11,99.36
2022-05-07,ATM11,105.8
2022-05-08,ATM11,84.85
2022-05-09,ATM11,102.94
2022-05-10,ATM11,83.2
2022-05-11,ATM11,81.24
2022-05-12,ATM11,94.58
2022-05-13,ATM11,108.62
2022-05-14,ATM11,111.64
2022-05-15,ATM11,102.38
2022-05-16,ATM11,99.13
2022-05-17,ATM11,98.24
2022-05-18,ATM11,118.03
2022-05-19,ATM11,116.66
2022-05-20,ATM11,138.74
2022-05-21,ATM11,143.07
2022-05-22,ATM11,114.05
2022-05-23,ATM11,95.91
2022-05-24,ATM11,91.24
2022-05-25,ATM11,131.45
2022-05-26,ATM11,132.02
2022-05-27,ATM11,176.82
2022-05-28,ATM11,201.72
2022-05-29,ATM11,218.4
2022-05-30,ATM11,170.31
2022-05-31,ATM11,187.54
2022-06-01,ATM11,190.26
2022-06-02,ATM11,168.78
2022-06-03,ATM11,149.31
2022-06-04,ATM11,170.22
2022-06-05,ATM11,139.32
2022-06-06,ATM11,131.75
2022-06-07,ATM11,115.63
2022-06-08,ATM11,92.21
2022-06-09,ATM11,108.79
2022-06-10,ATM11,106.14
2022-06-11,ATM11,106.25
2022-06-12,ATM11,111.57
2022-06-13,ATM11,96.87
2022-06-14,ATM11,110.68
2022-06-15,ATM11,116.07
2022-06-16,ATM11,107.59
2022-06-17,ATM11,119.24
2022-06-18,ATM11,110.49
2022-06-19,ATM11,117.65
2022-06-20,ATM11,118.73
2022-06-21,ATM11,114.18
2022-06-22,ATM11,117.87
2022-06-23,ATM11,105.41
2022-06-24,ATM11,100.61
2022-06-25,ATM11,181.36
2022-06-26,ATM11,175.62
2022-06-27,ATM11,157.91
2022-06-28,ATM11,158.65
2022-06-29,ATM11,178.6
2022-06-30,ATM11,185.91
2022-07-01,ATM11,173.46
2022-07-02,ATM11,152.09
2022-07-03,ATM11,104.03
2022-07-04,ATM11,113.03
2022-07-05,ATM11,135.46
2022-07-06,ATM11,118.18
2022-07-07,ATM11,112.75
2022-07-08,ATM11,121.73
2022-07-09,ATM11,127.36
2022-07-10,ATM11,103.92
2022-07-11,ATM11,97.59
2022-07-12,ATM11,114.21
2022-07-13,ATM11,109.58
2022-07-14,ATM11,143.53
2022-07-15,ATM11,119.84
2022-07-16,ATM11,149.96
2022-07-17,ATM11,144.47
2022-07-18,ATM11,121.61
2022-07-19,ATM11,107.09
2022-07-20,ATM11,97.67
2022-07-21,ATM11,93.81
2022-07-22,ATM11,112.53
2022-07-23,ATM11,122.58
2022-07-24,ATM11,94.86
2022-07-25,ATM11,189.59
2022-07-26,ATM11,159.63
2022-07-27,ATM11,156.68
2022-07-28,ATM11,143.97
2022-07-29,ATM11,159.34
2022-07-30,ATM11,165.35
2022-07-31,ATM11,155.63
2022-08-01,ATM11,157.86
2022-08-02,ATM11,165.15
2022-08-03,ATM11,129.47
2022-08-04,ATM11,135.2
2022-08-05,ATM11,140.85
2022-08-06,ATM11,147.53
2022-08-07,ATM11,127.3
2022-08-08,ATM11,142.57
2022-08-09,ATM11,132.24
2022-08-10,ATM11,110.78
2022-08-11,ATM11,107.28
2022-08-12,ATM11,117.88
2022-08-13,ATM11,125.07
2022-08-14,ATM11,113.25
2022-08-15,ATM11,106.96
2022-08-16,ATM11,114.54
2022-08-17,ATM11,115.63
2022-08-18,ATM11,138.95
2022-08-19,ATM11,125.34
2022-08-20,ATM11,137.8
2022-08-21,ATM11,96.42
2022-08-22,ATM11,115.83
2022-08-23,ATM11,92.92
2022-08-24,ATM11,90.7
2022-08-25,ATM11,145.17
2022-08-26,ATM11,153.42
2022-08-27,ATM11,155.16
2022-08-28,ATM11,143.06
2022-08-29,ATM11,164.53
2022-08-30,ATM11,138.62
2022-08-31,ATM11,144.65
2022-09-01,ATM11,142.26
2022-09-02,ATM11,178.04
2022-09-03,ATM11,158.27
2022-09-04,ATM11,109.97
2022-09-05,ATM11,133.76
2022-09-06,ATM11,115.66
2022-09-07,ATM11,121.68
2022-09-08,ATM11,109.38
2022-09-09,ATM11,133.09
2022-09-10,ATM11,165.2
2022-09-11,ATM11,130.64
2022-09-12,ATM11,115.01
2022-09-13,ATM11,105.78
2022-09-14,ATM11,90.98
2022-09-15,ATM11,117.18
2022-09-16,ATM11,128.07
2022-09-17,ATM11,114.92
2022-09-18,ATM11,97.78
2022-09-19,ATM11,106.3
2022-09-20,ATM11,115.97
2022-09-21,ATM11,98.14
2022-09-22,ATM11,116.77
2022-09-23,ATM11,122.23
2022-09-24,ATM11,113.93
2022-09-25,ATM11,144.75
2022-09-26,ATM11,184.54
2022-09-27,ATM11,138.48
2022-09-28,ATM11,133.85
2022-09-29,ATM11,158.64
2022-09-30,ATM11,174.53
2022-10-01,ATM11,163.3
2022-10-02,ATM11,171.14
2022-10-03,ATM11,146.71
2022-10-04,ATM11,133.39
2022-10-05,ATM11,117.88
2022-10-06,ATM11,113.39
2022-10-07,ATM11,133.64
2022-10-08,ATM11,120.88
2022-10-09,ATM11,137.51
2022-10-10,ATM11,141.48
2022-10-11,ATM11,115.76
2022-10-12,ATM11,115.52
2022-10-13,ATM11,126.42
2022-10-14,ATM11,158.36
2022-10-15,ATM11,167.97
2022-10-16,ATM11,106.89
2022-10-17,ATM11,106.42
2022-10-18,ATM11,110.37
2022-10-19,ATM11,102.9
2022-10-20,ATM11,128.07
2022-10-21,ATM11,153.58
2022-10-22,ATM11,127.53
2022-10-23,ATM11,112.19
2022-10-24,ATM11,103.63
2022-10-25,ATM11,141.34
2022-10-26,ATM11,142.46
2022-10-27,ATM11,162.76
2022-10-28,ATM11,155.94
2022-10-29,ATM11,126.66
2022-10-30,ATM11,114.77
2022-10-31,ATM11,122.09
2022-11-01,ATM11,124.24
2022-11-02,ATM11,140.58
2022-11-03,ATM11,103.41
2022-11-04,ATM11,108.48
2022-11-05,ATM11,114.48
2022-11-06,ATM11,102.3
2022-11-07,ATM11,107.96
2022-11-08,ATM11,104.57
2022-11-09,ATM11,121.52
2022-11-10,ATM11,96.5
2022-11-11,ATM11,108.45
2022-11-12,ATM11,112.13
2022-11-13,ATM11,117.59
2022-11-14,ATM11,112.79
2022-11-15,ATM11,120.05
2022-11-16,ATM11,99.15
2022-11-17,ATM11,102.7
2022-11-18,ATM11,108.82
2022-11-19,ATM11,104.13
2022-11-20,ATM11,103.22
2022-11-21,ATM11,130.82
2022-11-22,ATM11,104.02
2022-11-23,ATM11,103.98
2022-11-24,ATM11,91.25
2022-11-25,ATM11,131.0
2022-11-26,ATM11,142.84
2022-11-27,ATM11,137.21
2022-11-28,ATM11,141.32
2022-11-29,ATM11,138.75
2022-11-30,ATM11,120.42
2022-12-01,ATM11,126.42
2022-12-02,ATM11,161.66
2022-12-03,ATM11,117.9
2022-12-04,ATM11,112.41
2022-12-05,ATM11,123.32
2022-12-06,ATM11,108.51
2022-12-07,ATM11,118.61
2022-12-08,ATM11,100.58
2022-12-09,ATM11,134.53
2022-12-10,ATM11,129.44
2022-12-11,ATM11,115.17
2022-12-12,ATM11,128.28
2022-12-13,ATM11,109.01
2022-12-14,ATM11,100.43
2022-12-15,ATM11,130.1
2022-12-16,ATM11,164.3
2022-12-17,ATM11,138.29
2022-12-18,ATM11,121.42
2022-12-19,ATM11,135.77
2022-12-20,ATM11,119.85
2022-12-21,ATM11,124.85
2022-12-22,ATM11,129.79
2022-12-23,ATM11,125.92
2022-12-24,ATM11,138.57
2022-12-25,ATM11,163.45
2022-12-26,ATM11,148.92
2022-12-27,ATM11,135.91
2022-12-28,ATM11,138.52
2022-12-29,ATM11,166.22
2022-12-30,ATM11,200.13
2022-12-31,ATM11,212.87
2023-01-01,ATM11,165.63
2023-01-02,ATM11,171.68
2023-01-03,ATM11,127.65
2023-01-04,ATM11,128.21
2023-01-05,ATM11,129.41
2023-01-06,ATM11,116.79
2023-01-07,ATM11,119.48
2023-01-08,ATM11,104.67
2023-01-09,ATM11,130.2
2023-01-10,ATM11,129.37
2023-01-11,ATM11,91.22
2023-01-12,ATM11,117.53
2023-01-13,ATM11,123.73
2023-01-14,ATM11,140.4
2023-01-15,ATM11,125.13
2023-01-16,ATM11,137.42
2023-01-17,ATM11,118.92
2023-01-18,ATM11,95.91
2023-01-19,ATM11,99.96
2023-01-20,ATM11,120.52
2023-01-21,ATM11,121.13
2023-01-22,ATM11,113.03
2023-01-23,ATM11,113.76
2023-01-24,ATM11,99.9
2023-01-25,ATM11,127.9
2023-01-26,ATM11,132.6
2023-01-27,ATM11,159.04
2023-01-28,ATM11,136.22
2023-01-29,ATM11,128.77
2023-01-30,ATM11,114.62
2023-01-31,ATM11,120.26
2023-02-01,ATM11,153.52
2023-02-02,ATM11,131.82
2023-02-03,ATM11,133.96
2023-02-04,ATM11,189.17
2023-02-05,ATM11,168.69
2023-02-06,ATM11,144.62
2023-02-07,ATM11,138.83
2023-02-08,ATM11,109.15
2023-02-09,ATM11,95.77
2023-02-10,ATM11,106.27
2023-02-11,ATM11,122.23
2023-02-12,ATM11,125.1
2023-02-13,ATM11,109.88
2023-02-14,ATM11,107.07
2023-02-15,ATM11,107.88
2023-02-16,ATM11,104.83
2023-02-17,ATM11,115.11
2023-02-18,ATM11,110.32
2023-02-19,ATM11,109.15
2023-02-20,ATM11,112.32
2023-02-21,ATM11,100.79
2023-02-22,ATM11,110.93
2023-02-23,ATM11,120.51
2023-02-24,ATM11,133.02
2023-02-25,ATM11,161.36
2023-02-26,ATM11,152.69
2023-02-27,ATM11,139.09
2023-02-28,ATM11,141.55
2023-03-01,ATM11,130.72
2023-03-02,ATM11,160.37
2023-03-03,ATM11,147.23
2023-03-04,ATM11,163.37
2023-03-05,ATM11,150.71
2023-03-06,ATM11,131.15
2023-03-07,ATM11,115.05
2023-03-08,ATM11,140.87
2023-03-09,ATM11,125.1
2023-03-10,ATM11,102.67
2023-03-11,ATM11,128.35
2023-03-12,ATM11,114.89
2023-03-13,ATM11,132.51
2023-03-14,ATM11,116.82
2023-03-15,ATM11,109.72
2023-03-16,ATM11,126.43
2023-03-17,ATM11,106.31
2023-03-18,ATM11,109.36
2023-03-19,ATM11,95.37
2023-03-20,ATM11,81.06
2023-03-21,ATM11,100.29
2023-03-22,ATM11,96.5
2023-03-23,ATM11,111.39
2023-03-24,ATM11,124.06
2023-03-25,ATM11,187.0
2023-03-26,ATM11,153.11
2023-03-27,ATM11,141.17
2023-03-28,ATM11,142.03
2023-03-29,ATM11,159.64
2023-03-30,ATM11,151.23
2023-03-31,ATM11,151.83
2023-04-01,ATM11,148.33
2023-04-02,ATM11,154.73
2023-04-03,ATM11,122.89
2023-04-04,ATM11,124.42
2023-04-05,ATM11,127.42
2023-04-06,ATM11,127.59
2023-04-07,ATM11,155.02
2023-04-08,ATM11,176.61
2023-04-09,ATM11,197.13
2023-04-10,ATM11,171.08
2023-04-11,ATM11,178.0
2023-04-12,ATM11,143.86
2023-04-13,ATM11,121.3
2023-04-14,ATM11,149.48
2023-04-15,ATM11,182.99
2023-04-16,ATM11,177.26
2023-04-17,ATM11,194.94
2023-04-18,ATM11,129.3
2023-04-19,ATM11,168.57
2023-04-20,ATM11,173.4
2023-04-21,ATM11,159.39
2023-04-22,ATM11,81.3
2023-04-23,ATM11,74.67
2023-04-24,ATM11,80.81
2023-04-25,ATM11,116.47
2023-04-26,ATM11,113.43
2023-04-27,ATM11,90.9
2023-04-28,ATM11,105.26
2023-04-29,ATM11,100.87
2023-04-30,ATM11,116.02
2023-05-01,ATM11,136.39
2023-05-02,ATM11,114.99
2023-05-03,ATM11,92.79
2023-05-04,ATM11,93.03
2023-05-05,ATM11,110.2
2023-05-06,ATM11,133.7
2023-05-07,ATM11,116.15
2023-05-08,ATM11,128.37
2023-05-09,ATM11,133.48
2023-05-10,ATM11,124.61
2023-05-11,ATM11,99.58
2023-05-12,ATM11,131.04
2023-05-13,ATM11,149.79
2023-05-14,ATM11,142.97
2023-05-15,ATM11,121.06
2023-05-16,ATM11,99.95
2023-05-17,ATM11,91.46
2023-05-18,ATM11,86.74
2023-05-19,ATM11,105.8
2023-05-20,ATM11,127.02
2023-05-21,ATM11,129.11
2023-05-22,ATM11,111.46
2023-05-23,ATM11,104.1
2023-05-24,ATM11,102.55
2023-05-25,ATM11,134.5
2023-05-26,ATM11,167.84
2023-05-27,ATM11,178.22
2023-05-28,ATM11,159.08
2023-05-29,ATM11,161.56
2023-05-30,ATM11,158.97
2023-05-31,ATM11,161.32
2023-06-01,ATM11,131.59
2023-06-02,ATM11,173.0
2023-06-03,ATM11,142.74
2023-06-04,ATM11,119.43
2023-06-05,ATM11,123.82
2023-06-06,ATM11,121.01
2023-06-07,ATM11,132.9
2023-06-08,ATM11,109.68
2023-06-09,ATM11,144.32
2023-06-10,ATM11,126.52
2023-06-11,ATM11,105.38
2023-06-12,ATM11,100.96
2023-06-13,ATM11,89.39
2023-06-14,ATM11,79.82
2023-06-15,ATM11,98.97
2023-06-16,ATM11,139.07
2023-06-17,ATM11,109.24
2023-06-18,ATM11,93.88
2023-06-19,ATM11,110.37
2023-06-20,ATM11,103.29
2023-06-21,ATM11,113.02
2023-06-22,ATM11,106.16
2023-06-23,ATM11,108.21
2023-06-24,ATM11,113.65
2023-06-25,ATM11,114.22
2023-06-26,ATM11,117.69
2023-06-27,ATM11,142.62
2023-06-28,ATM11,163.44
2023-06-29,ATM11,169.01
2023-06-30,ATM11,183.68
2023-07-01,ATM11,138.7
2023-07-02,ATM11,130.05
2023-07-03,ATM11,130.86
2023-07-04,ATM11,142.42
2023-07-05,ATM11,147.12
2023-07-06,ATM11,125.19
2023-07-07,ATM11,114.38
2023-07-08,ATM11,126.4
2023-07-09,ATM11,118.42
2023-07-10,ATM11,127.09
2023-07-11,ATM11,113.2
2023-07-12,ATM11,107.43
2023-07-13,ATM11,105.58
2023-07-14,ATM11,120.01
2023-07-15,ATM11,130.52
2023-07-16,ATM11,103.99
2023-07-17,ATM11,94.47
2023-07-18,ATM11,112.25
2023-07-19,ATM11,89.13
2023-07-20,ATM11,115.22
2023-07-21,ATM11,96.74
2023-07-22,ATM11,103.62
2023-07-23,ATM11,112.89
2023-07-24,ATM11,110.05
2023-07-25,ATM11,125.17
2023-07-26,ATM11,141.31
2023-07-27,ATM11,143.44
2023-07-28,ATM11,154.7
2023-07-29,ATM11,153.24
2023-07-30,ATM11,144.93
2023-07-31,ATM11,138.89
2023-08-01,ATM11,180.37
2023-08-02,ATM11,154.68
2023-08-03,ATM11,113.78
2023-08-04,ATM11,118.87
2023-08-05,ATM11,156.68
2023-08-06,ATM11,108.46
2023-08-07,ATM11,119.52
2023-08-08,ATM11,111.04
2023-08-09,ATM11,96.5
2023-08-10,ATM11,86.44
2023-08-11,ATM11,108.4
2023-08-12,ATM11,105.55
2023-08-13,ATM11,105.05
2023-08-14,ATM11,128.61
2023-08-15,ATM11,112.73
2023-08-16,ATM11,90.93
2023-08-17,ATM11,83.82
2023-08-18,ATM11,102.33
2023-08-19,ATM11,108.73
2023-08-20,ATM11,105.15
2023-08-21,ATM11,110.03
2023-08-22,ATM11,124.68
2023-08-23,ATM11,111.52
2023-08-24,ATM11,93.47
2023-08-25,ATM11,172.13
2023-08-26,ATM11,197.36
2023-08-27,ATM11,166.82
2023-08-28,ATM11,153.14
2023-08-29,ATM11,154.01
2023-08-30,ATM11,144.16
2023-08-31,ATM11,114.22
2023-09-01,ATM11,151.64
2023-09-02,ATM11,178.85
2023-09-03,ATM11,145.73
2023-09-04,ATM11,120.77
2023-09-05,ATM11,117.12
2023-09-06,ATM11,118.48
2023-09-07,ATM11,116.98
2023-09-08,ATM11,128.96
2023-09-09,ATM11,133.79
2023-09-10,ATM11,110.2
2023-09-11,ATM11,117.57
2023-09-12,ATM11,121.21
2023-09-13,ATM11,101.17
2023-09-14,ATM11,99.45
2023-09-15,ATM11,106.1
2023-09-16,ATM11,107.68
2023-09-17,ATM11,85.96
2023-09-18,ATM11,97.1
2023-09-19,ATM11,102.44
2023-09-20,ATM11,100.14
2023-09-21,ATM11,100.72
2023-09-22,ATM11,116.97
2023-09-23,ATM11,139.75
2023-09-24,ATM11,110.19
2023-09-25,ATM11,133.19
2023-09-26,ATM11,133.39
2023-09-27,ATM11,169.7
2023-09-28,ATM11,135.29
2023-09-29,ATM11,164.78
2023-09-30,ATM11,190.68
2023-10-01,ATM11,123.03
2023-10-02,ATM11,143.07
2023-10-03,ATM11,118.86
2023-10-04,ATM11,112.41
2023-10-05,ATM11,105.14
2023-10-06,ATM11,113.44
2023-10-07,ATM11,120.99
2023-10-08,ATM11,111.2
2023-10-09,ATM11,109.44
2023-10-10,ATM11,93.65
2023-10-11,ATM11,111.31
2023-10-12,ATM11,92.33
2023-10-13,ATM11,88.45
2023-10-14,ATM11,120.26
2023-10-15,ATM11,105.39
2023-10-16,ATM11,101.45
2023-10-17,ATM11,97.66
2023-10-18,ATM11,101.75
2023-10-19,ATM11,95.61
2023-10-20,ATM11,115.07
2023-10-21,ATM11,106.57
2023-10-22,ATM11,98.55
2023-10-23,ATM11,80.46
2023-10-24,ATM11,101.26
2023-10-25,ATM11,138.7
2023-10-26,ATM11,150.72
2023-10-27,ATM11,169.28
2023-10-28,ATM11,180.06
2023-10-29,ATM11,154.99
2023-10-30,ATM11,157.95
2023-10-31,ATM11,130.44
2023-11-01,ATM11,119.67
2023-11-02,ATM11,129.49
2023-11-03,ATM11,111.3
2023-11-04,ATM11,145.11
2023-11-05,ATM11,129.67
2023-11-06,ATM11,114.11
2023-11-07,ATM11,107.46
2023-11-08,ATM11,111.9
2023-11-09,ATM11,111.46
2023-11-10,ATM11,113.96
2023-11-11,ATM11,118.62
2023-11-12,ATM11,91.57
2023-11-13,ATM11,78.24
2023-11-14,ATM11,84.19
2023-11-15,ATM11,98.68
2023-11-16,ATM11,95.75
2023-11-17,ATM11,124.46
2023-11-18,ATM11,121.78
2023-11-19,ATM11,125.28
2023-11-20,ATM11,129.48
2023-11-21,ATM11,123.46
2023-11-22,ATM11,96.49
2023-11-23,ATM11,98.76
2023-11-24,ATM11,125.94
2023-11-25,ATM11,177.41
2023-11-26,ATM11,163.36
2023-11-27,ATM11,132.69
2023-11-28,ATM11,165.13
2023-11-29,ATM11,138.39
2023-11-30,ATM11,111.96
2023-12-01,ATM11,134.76
2023-12-02,ATM11,116.48
2023-12-03,ATM11,90.24
2023-12-04,ATM11,138.61
2023-12-05,ATM11,115.6
2023-12-06,ATM11,97.15
2023-12-07,ATM11,105.39
2023-12-08,ATM11,109.16
2023-12-09,ATM11,134.81
2023-12-10,ATM11,97.15
2023-12-11,ATM11,104.61
2023-12-12,ATM11,87.9
2023-12-13,ATM11,125.57
2023-12-14,ATM11,117.08
2023-12-15,ATM11,126.07
2023-12-16,ATM11,124.05
2023-12-17,ATM11,106.53
2023-12-18,ATM11,101.48
2023-12-19,ATM11,94.03
2023-12-20,ATM11,121.96
2023-12-21,ATM11,107.25
2023-12-22,ATM11,94.06
2023-12-23,ATM11,98.71
2023-12-24,ATM11,113.06
2023-12-25,ATM11,146.52
2023-12-26,ATM11,146.7
2023-12-27,ATM11,169.4
2023-12-28,ATM11,145.88
2023-12-29,ATM11,176.01
2023-12-30,ATM11,166.23
2023-12-31,ATM11,165.36
2024-01-01,ATM11,136.18
2024-01-02,ATM11,134.38
2024-01-03,ATM11,120.09
2024-01-04,ATM11,125.21
2024-01-05,ATM11,127.53
2024-01-06,ATM11,124.5
2024-01-07,ATM11,137.68
2024-01-08,ATM11,134.55
2024-01-09,ATM11,113.56
2024-01-10,ATM11,93.4
2024-01-11,ATM11,108.24
2024-01-12,ATM11,115.67
2024-01-13,ATM11,115.73
2024-01-14,ATM11,106.25
2024-01-15,ATM11,109.36
2024-01-16,ATM11,100.77
2024-01-17,ATM11,114.17
2024-01-18,ATM11,121.5
2024-01-19,ATM11,127.47
2024-01-20,ATM11,143.1
2024-01-21,ATM11,115.47
2024-01-22,ATM11,117.95
2024-01-23,ATM11,117.09
2024-01-24,ATM11,119.62
2024-01-25,ATM11,167.16
2024-01-26,ATM11,178.89
2024-01-27,ATM11,213.69
2024-01-28,ATM11,156.58
2024-01-29,ATM11,148.22
2024-01-30,ATM11,136.47
2024-01-31,ATM11,132.29
2024-02-01,ATM11,109.15
2024-02-02,ATM11,160.15
2024-02-03,ATM11,117.07
2024-02-04,ATM11,114.14
2024-02-05,ATM11,98.86
2024-02-06,ATM11,110.21
2024-02-07,ATM11,101.45
2024-02-08,ATM11,94.03
2024-02-09,ATM11,116.26
2024-02-10,ATM11,98.46
2024-02-11,ATM11,93.48
2024-02-12,ATM11,101.11
2024-02-13,ATM11,106.62
2024-02-14,ATM11,93.51
2024-02-15,ATM11,86.48
2024-02-16,ATM11,103.17
2024-02-17,ATM11,118.38
2024-02-18,ATM11,124.09
2024-02-19,ATM11,100.11
2024-02-20,ATM11,93.8
2024-02-21,ATM11,109.85
2024-02-22,ATM11,128.75
2024-02-23,ATM11,110.27
2024-02-24,ATM11,105.91
2024-02-25,ATM11,146.62
2024-02-26,ATM11,137.01
2024-02-27,ATM11,123.74
2024-02-28,ATM11,135.07
2024-02-29,ATM11,162.17
2024-03-01,ATM11,142.09
2024-03-02,ATM11,182.58
2024-03-03,ATM11,115.88
2024-03-04,ATM11,120.59
2024-03-05,ATM11,133.74
2024-03-06,ATM11,124.74
2024-03-07,ATM11,112.88
2024-03-08,ATM11,133.36
2024-03-09,ATM11,130.51
2024-03-10,ATM11,110.88
2024-03-11,ATM11,104.48
2024-03-12,ATM11,108.65
2024-03-13,ATM11,88.29
2024-03-14,ATM11,83.85
2024-03-15,ATM11,86.69
2024-03-16,ATM11,102.26
2024-03-17,ATM11,83.38
2024-03-18,ATM11,87.05
2024-03-19,ATM11,80.55
2024-03-20,ATM11,108.81
2024-03-21,ATM11,96.34
2024-03-22,ATM11,98.97
2024-03-23,ATM11,120.45
2024-03-24,ATM11,139.08
2024-03-25,ATM11,180.2
2024-03-26,ATM11,168.9
2024-03-27,ATM11,196.78
2024-03-28,ATM11,203.93
2024-03-29,ATM11,220.56
2024-03-30,ATM11,207.23
2024-03-31,ATM11,203.42
2024-04-01,ATM11,174.38
2024-04-02,ATM11,169.49
2024-04-03,ATM11,173.61
2024-04-04,ATM11,193.33
2024-04-05,ATM11,206.07
2024-04-06,ATM11,165.39
2024-04-07,ATM11,145.83
2024-04-08,ATM11,153.96
2024-04-09,ATM11,160.03
2024-04-10,ATM11,54.47
2024-04-11,ATM11,58.51
2024-04-12,ATM11,87.72
2024-04-13,ATM11,88.62
2024-04-14,ATM11,77.68
2024-04-15,ATM11,66.69
2024-04-16,ATM11,55.24
2024-04-17,ATM11,57.24
2024-04-18,ATM11,56.81
2024-04-19,ATM11,77.81
2024-04-20,ATM11,95.1
2024-04-21,ATM11,81.73
2024-04-22,ATM11,92.06
2024-04-23,ATM11,108.97
2024-04-24,ATM11,129.54
2024-04-25,ATM11,169.08
2024-04-26,ATM11,163.19
2024-04-27,ATM11,177.81
2024-04-28,ATM11,176.01
2024-04-29,ATM11,126.37
2024-04-30,ATM11,151.8
2024-05-01,ATM11,128.23
2024-05-02,ATM11,128.16
2024-05-03,ATM11,112.91
2024-05-04,ATM11,127.18
2024-05-05,ATM11,102.04
2024-05-06,ATM11,105.64
2024-05-07,ATM11,111.42
2024-05-08,ATM11,112.91
2024-05-09,ATM11,115.62
2024-05-10,ATM11,106.71
2024-05-11,ATM11,121.31
2024-05-12,ATM11,119.06
2024-05-13,ATM11,122.41
2024-05-14,ATM11,110.6
2024-05-15,ATM11,114.37
2024-05-16,ATM11,115.24
2024-05-17,ATM11,155.87
2024-05-18,ATM11,152.3
2024-05-19,ATM11,116.21
2024-05-20,ATM11,98.09
2024-05-21,ATM11,92.75
2024-05-22,ATM11,91.82
2024-05-23,ATM11,100.28
2024-05-24,ATM11,100.92
2024-05-25,ATM11,174.73
2024-05-26,ATM11,128.84
2024-05-27,ATM11,114.15
2024-05-28,ATM11,121.06
2024-05-29,ATM11,117.68
2024-05-30,ATM11,110.99
2024-05-31,ATM11,127.92
2024-06-01,ATM11,127.95
2024-06-02,ATM11,133.58
2024-06-03,ATM11,103.68
2024-06-04,ATM11,98.03
2024-06-05,ATM11,103.73
2024-06-06,ATM11,119.01
2024-06-07,ATM11,147.12
2024-06-08,ATM11,140.13
2024-06-09,ATM11,123.08
2024-06-10,ATM11,103.44
2024-06-11,ATM11,102.87
2024-06-12,ATM11,103.95
2024-06-13,ATM11,115.76
2024-06-14,ATM11,94.28
2024-06-15,ATM11,103.26
2024-06-16,ATM11,102.0
2024-06-17,ATM11,96.62
2024-06-18,ATM11,87.27
2024-06-19,ATM11,80.11
2024-06-20,ATM11,97.17
2024-06-21,ATM11,98.63
2024-06-22,ATM11,89.09
2024-06-23,ATM11,100.97
2024-06-24,ATM11,106.72
2024-06-25,ATM11,136.6
2024-06-26,ATM11,122.95
2024-06-27,ATM11,128.06
2024-06-28,ATM11,166.83
2024-06-29,ATM11,137.83
2024-06-30,ATM11,113.22
2024-07-01,ATM11,119.9
2024-07-02,ATM11,124.86
2024-07-03,ATM11,98.85
2024-07-04,ATM11,111.51
2024-07-05,ATM11,136.64
2024-07-06,ATM11,137.16
2024-07-07,ATM11,126.15
2024-07-08,ATM11,122.84
2024-07-09,ATM11,112.02
2024-07-10,ATM11,85.07
2024-07-11,ATM11,81.43
2024-07-12,ATM11,85.17
2024-07-13,ATM11,99.33
2024-07-14,ATM11,98.81
2024-07-15,ATM11,85.51
2024-07-16,ATM11,89.98
2024-07-17,ATM11,84.89
2024-07-18,ATM11,80.93
2024-07-19,ATM11,91.93
2024-07-20,ATM11,92.32
2024-07-21,ATM11,99.56
2024-07-22,ATM11,98.73
2024-07-23,ATM11,104.1
2024-07-24,ATM11,94.99
2024-07-25,ATM11,128.13
2024-07-26,ATM11,178.93
2024-07-27,ATM11,141.75
2024-07-28,ATM11,156.45
2024-07-29,ATM11,177.8
2024-07-30,ATM11,162.24
2024-07-31,ATM11,141.21
2024-08-01,ATM11,160.93
2024-08-02,ATM11,155.63
2024-08-03,ATM11,117.73
2024-08-04,ATM11,105.83
2024-08-05,ATM11,103.2
2024-08-06,ATM11,92.99
2024-08-07,ATM11,113.85
2024-08-08,ATM11,101.36
2024-08-09,ATM11,115.37
2024-08-10,ATM11,93.59
2024-08-11,ATM11,93.85
2024-08-12,ATM11,86.07
2024-08-13,ATM11,78.43
2024-08-14,ATM11,86.58
2024-08-15,ATM11,102.91
2024-08-16,ATM11,114.86
2024-08-17,ATM11,115.68
2024-08-18,ATM11,103.73
2024-08-19,ATM11,98.48
2024-08-20,ATM11,103.44
2024-08-21,ATM11,93.23
2024-08-22,ATM11,103.75
2024-08-23,ATM11,125.75
2024-08-24,ATM11,109.26
2024-08-25,ATM11,129.89
2024-08-26,ATM11,128.04
2024-08-27,ATM11,109.19
2024-08-28,ATM11,116.07
2024-08-29,ATM11,144.95
2024-08-30,ATM11,136.76
2024-08-31,ATM11,173.16
2024-09-01,ATM11,141.26
2024-09-02,ATM11,178.04
2024-09-03,ATM11,110.39
2024-09-04,ATM11,106.86
2024-09-05,ATM11,96.79
2024-09-06,ATM11,104.84
2024-09-07,ATM11,136.0
2024-09-08,ATM11,123.77
2024-09-09,ATM11,131.6
2024-09-10,ATM11,88.66
2024-09-11,ATM11,99.26
2024-09-12,ATM11,87.32
2024-09-13,ATM11,87.51
2024-09-14,ATM11,104.31
2024-09-15,ATM11,100.39
2024-09-16,ATM11,101.01
2024-09-17,ATM11,103.52
2024-09-18,ATM11,108.95
2024-09-19,ATM11,119.04
2024-09-20,ATM11,102.17
2024-09-21,ATM11,128.44
2024-09-22,ATM11,132.15
2024-09-23,ATM11,109.09
2024-09-24,ATM11,82.37
2024-09-25,ATM11,107.3
2024-09-26,ATM11,114.95
2024-09-27,ATM11,172.06
2024-09-28,ATM11,165.85
2024-09-29,ATM11,135.42
2024-09-30,ATM11,128.06
2024-10-01,ATM11,110.59
2024-10-02,ATM11,134.9
2024-10-03,ATM11,106.1
2024-10-04,ATM11,148.09
2024-10-05,ATM11,146.56
2024-10-06,ATM11,132.76
2024-10-07,ATM11,117.8
2024-10-08,ATM11,96.58
2024-10-09,ATM11,92.57
2024-10-10,ATM11,76.77
2024-10-11,ATM11,105.47
2024-10-12,ATM11,105.66
2024-10-13,ATM11,109.06
2024-10-14,ATM11,105.54
2024-10-15,ATM11,94.23
2024-10-16,ATM11,83.2
2024-10-17,ATM11,92.48
2024-10-18,ATM11,101.23
2024-10-19,ATM11,119.43
2024-10-20,ATM11,95.86
2024-10-21,ATM11,104.92
2024-10-22,ATM11,116.18
2024-10-23,ATM11,107.07
2024-10-24,ATM11,109.19
2024-10-25,ATM11,166.48
2024-10-26,ATM11,200.45
2024-10-27,ATM11,164.0
2024-10-28,ATM11,162.14
2024-10-29,ATM11,141.31
2024-10-30,ATM11,125.32
2024-10-31,ATM11,113.19
2024-11-01,ATM11,156.88
2024-11-02,ATM11,141.67
2024-11-03,ATM11,116.87
2024-11-04,ATM11,119.27
2024-11-05,ATM11,120.83
2024-11-06,ATM11,106.23
2024-11-07,ATM11,97.24
2024-11-08,ATM11,117.45
2024-11-09,ATM11,118.94
2024-11-10,ATM11,85.74
2024-11-11,ATM11,115.18
2024-11-12,ATM11,92.54
2024-11-13,ATM11,83.93
2024-11-14,ATM11,87.23
2024-11-15,ATM11,115.62
2024-11-16,ATM11,90.23
2024-11-17,ATM11,103.7
2024-11-18,ATM11,91.65
2024-11-19,ATM11,93.72
2024-11-20,ATM11,87.35
2024-11-21,ATM11,113.48
2024-11-22,ATM11,114.89
2024-11-23,ATM11,105.57
2024-11-24,ATM11,94.6
2024-11-25,ATM11,137.36
2024-11-26,ATM11,133.92
2024-11-27,ATM11,139.43
2024-11-28,ATM11,135.26
2024-11-29,ATM11,126.75
2024-11-30,ATM11,138.16
2024-12-01,ATM11,141.89
2024-12-02,ATM11,130.24
2024-12-03,ATM11,110.39
2024-12-04,ATM11,108.04
2024-12-05,ATM11,104.09
2024-12-06,ATM11,132.13
2024-12-07,ATM11,106.7
2024-12-08,ATM11,96.96
2024-12-09,ATM11,119.58
2024-12-10,ATM11,119.02
2024-12-11,ATM11,134.47
2024-12-12,ATM11,111.08
2024-12-13,ATM11,117.81
2024-12-14,ATM11,126.03
2024-12-15,ATM11,131.34
2024-12-16,ATM11,121.36
2024-12-17,ATM11,119.01
2024-12-18,ATM11,114.68
2024-12-19,ATM11,113.54
2024-12-20,ATM11,106.62
2024-12-21,ATM11,110.73
2024-12-22,ATM11,98.16
2024-12-23,ATM11,90.18
2024-12-24,ATM11,78.37
2024-12-25,ATM11,114.6
2024-12-26,ATM11,128.11
2024-12-27,ATM11,151.5
2024-12-28,ATM11,171.91
2024-12-29,ATM11,155.57
2024-12-30,ATM11,147.82
2024-12-31,ATM11,127.64
2025-01-01,ATM11,130.98
2025-01-02,ATM11,132.67
2025-01-03,ATM11,111.15
2025-01-04,ATM11,116.78
2025-01-05,ATM11,100.09
2025-01-06,ATM11,99.66
2025-01-07,ATM11,94.15
2025-01-08,ATM11,96.79
2025-01-09,ATM11,108.71
2025-01-10,ATM11,109.97
2025-01-11,ATM11,132.05
2025-01-12,ATM11,123.01
2025-01-13,ATM11,134.98
2025-01-14,ATM11,114.64
2025-01-15,ATM11,108.8
2025-01-16,ATM11,94.88
2025-01-17,ATM11,113.91
2025-01-18,ATM11,105.22
2025-01-19,ATM11,82.63
2025-01-20,ATM11,107.57
2025-01-21,ATM11,84.78
2025-01-22,ATM11,93.85
2025-01-23,ATM11,84.96
2025-01-24,ATM11,111.96
2025-01-25,ATM11,180.4
2025-01-26,ATM11,157.81
2025-01-27,ATM11,167.82
2025-01-28,ATM11,143.0
2025-01-29,ATM11,165.26
2025-01-30,ATM11,161.29
2025-01-31,ATM11,143.74
2025-02-01,ATM11,152.07
2025-02-02,ATM11,135.49
2025-02-03,ATM11,106.25
2025-02-04,ATM11,85.69
2025-02-05,ATM11,99.66
2025-02-06,ATM11,87.76
2025-02-07,ATM11,80.81
2025-02-08,ATM11,99.11
2025-02-09,ATM11,92.44
2025-02-10,ATM11,82.51
2025-02-11,ATM11,61.25
2025-02-12,ATM11,70.21
2025-02-13,ATM11,80.43
2025-02-14,ATM11,89.83
2025-02-15,ATM11,105.78
2025-02-16,ATM11,113.2
2025-02-17,ATM11,110.62
2025-02-18,ATM11,109.99
2025-02-19,ATM11,113.29
2025-02-20,ATM11,90.84
2025-02-21,ATM11,106.7
2025-02-22,ATM11,122.12
2025-02-23,ATM11,98.69
2025-02-24,ATM11,90.01
2025-02-25,ATM11,132.81
2025-02-26,ATM11,111.52
2025-02-27,ATM11,107.64
2025-02-28,ATM11,122.63
2025-03-01,ATM11,147.25
2025-03-02,ATM11,138.75
2025-03-03,ATM11,123.35
2025-03-04,ATM11,99.11
2025-03-05,ATM11,91.36
2025-03-06,ATM11,103.86
2025-03-07,ATM11,105.13
2025-03-08,ATM11,108.15
2025-03-09,ATM11,84.95
2025-03-10,ATM11,92.51
2025-03-11,ATM11,111.9
2025-03-12,ATM11,95.37
2025-03-13,ATM11,112.77
2025-03-14,ATM11,120.96
2025-03-15,ATM11,105.0
2025-03-16,ATM11,97.79
2025-03-17,ATM11,99.43
2025-03-18,ATM11,103.37
2025-03-19,ATM11,118.15
2025-03-20,ATM11,148.57
2025-03-21,ATM11,128.37
2025-03-22,ATM11,135.11
2025-03-23,ATM11,118.94
2025-03-24,ATM11,113.76
2025-03-25,ATM11,174.14
2025-03-26,ATM11,185.52
2025-03-27,ATM11,157.94
2025-03-28,ATM11,200.62
2025-03-29,ATM11,197.51
2025-03-30,ATM11,201.56
2025-03-31,ATM11,100.51
2025-04-01,ATM11,94.83
2025-04-02,ATM11,96.43
2025-04-03,ATM11,70.27
2025-04-04,ATM11,79.51
2025-04-05,ATM11,88.89
2025-04-06,ATM11,82.3
2025-04-07,ATM11,82.17
2025-04-08,ATM11,82.9
2025-04-09,ATM11,73.75
2025-04-10,ATM11,68.21
2025-04-11,ATM11,91.83
2025-04-12,ATM11,109.06
2025-04-13,ATM11,98.66
2025-04-14,ATM11,117.0
2025-04-15,ATM11,106.0
2025-04-16,ATM11,95.63
2025-04-17,ATM11,81.91
2025-04-18,ATM11,113.1
2025-04-19,ATM11,121.68
2025-04-20,ATM11,125.33
2025-04-21,ATM11,138.06
2025-04-22,ATM11,93.68
2025-04-23,ATM11,80.53
2025-04-24,ATM11,63.23
2025-04-25,ATM11,133.01
2025-04-26,ATM11,155.43
2025-04-27,ATM11,139.56
2025-04-28,ATM11,119.97
2025-04-29,ATM11,120.64
2025-04-30,ATM11,127.55
2025-05-01,ATM11,132.68
2025-05-02,ATM11,152.01
2025-05-03,ATM11,132.07
2025-05-04,ATM11,111.88
2025-05-05,ATM11,125.11
2025-05-06,ATM11,117.64
2025-05-07,ATM11,95.86
2025-05-08,ATM11,116.05
2025-05-09,ATM11,137.28
2025-05-10,ATM11,121.76
2025-05-11,ATM11,105.89
2025-05-12,ATM11,120.78
2025-05-13,ATM11,84.75
2025-05-14,ATM11,101.43
2025-05-15,ATM11,91.04
2025-05-16,ATM11,113.92
2025-05-17,ATM11,113.35
2025-05-18,ATM11,86.66
2025-05-19,ATM11,87.01
2025-05-20,ATM11,97.86
2025-05-21,ATM11,92.19
2025-05-22,ATM11,85.77
2025-05-23,ATM11,91.69
2025-05-24,ATM11,108.81
2025-05-25,ATM11,165.46
2025-05-26,ATM11,116.82
2025-05-27,ATM11,163.39
2025-05-28,ATM11,146.13
2025-05-29,ATM11,144.83
2025-05-30,ATM11,142.55
2025-05-31,ATM11,148.65
2025-06-01,ATM11,130.89
2025-06-02,ATM11,121.23
2025-06-03,ATM11,89.33
2025-06-04,ATM11,109.65
2025-06-05,ATM11,88.97
2025-06-06,ATM11,105.88
2025-06-07,ATM11,112.96
2025-06-08,ATM11,94.81
2025-06-09,ATM11,126.27
2025-06-10,ATM11,88.3
2025-06-11,ATM11,79.4
2025-06-12,ATM11,83.96
2025-06-13,ATM11,89.25
2025-06-14,ATM11,100.04
2025-06-15,ATM11,95.3
2025-06-16,ATM11,98.17
2025-06-17,ATM11,90.85
2025-06-18,ATM11,84.24
2025-06-19,ATM11,94.41
2025-06-20,ATM11,101.07
2025-06-21,ATM11,100.05
2025-06-22,ATM11,110.18
2025-06-23,ATM11,100.7
2025-06-24,ATM11,104.98
2025-06-25,ATM11,155.52
2025-06-26,ATM11,160.58
2025-06-27,ATM11,168.61
2025-06-28,ATM11,159.95
2025-06-29,ATM11,138.08
2025-06-30,ATM11,132.24
2025-07-01,ATM11,99.71
2025-07-02,ATM11,123.43
2025-07-03,ATM11,103.16
2025-07-04,ATM11,123.95
2025-07-05,ATM11,121.54
2025-07-06,ATM11,116.87
2025-07-07,ATM11,95.73
2025-07-08,ATM11,85.05
2025-07-09,ATM11,71.47
2025-07-10,ATM11,76.34
2025-07-11,ATM11,85.25
2025-07-12,ATM11,88.44
2025-07-13,ATM11,91.71
2025-07-14,ATM11,89.5
2025-07-15,ATM11,75.26
2025-07-16,ATM11,110.34
2025-07-17,ATM11,98.66
2025-07-18,ATM11,92.41
2025-07-19,ATM11,94.03
2025-07-20,ATM11,89.1
2025-07-21,ATM11,90.75
2025-07-22,ATM11,102.26
2025-07-23,ATM11,94.84
2025-07-24,ATM11,113.42
2025-07-25,ATM11,147.87
2025-07-26,ATM11,157.62
2025-07-27,ATM11,154.18
2025-07-28,ATM11,162.39
2025-07-29,ATM11,159.94
2025-07-30,ATM11,136.56
2025-07-31,ATM11,130.95
2025-08-01,ATM11,108.18
2025-08-02,ATM11,127.8
2025-08-03,ATM11,113.02
2025-08-04,ATM11,120.79
2025-08-05,ATM11,106.11
2025-08-06,ATM11,124.65
2025-08-07,ATM11,106.57
2025-08-08,ATM11,105.82
2025-08-09,ATM11,108.55
2025-08-10,ATM11,81.21
2025-08-11,ATM11,94.84
2025-08-12,ATM11,93.12
2025-08-13,ATM11,97.9
2025-08-14,ATM11,89.46
2025-08-15,ATM11,98.73
2025-08-16,ATM11,81.85
2025-08-17,ATM11,84.26
2025-08-18,ATM11,93.09
2025-08-19,ATM11,79.21
2025-08-20,ATM11,84.09
2025-08-21,ATM11,84.94
2025-08-22,ATM11,117.78
2025-08-23,ATM11,100.14
2025-08-24,ATM11,96.58
2025-08-25,ATM11,118.74
2025-08-26,ATM11,112.81
2025-08-27,ATM11,123.65
2025-08-28,ATM11,122.11
2025-08-29,ATM11,137.26
2025-08-30,ATM11,150.38
2025-08-31,ATM11,127.36
2025-09-01,ATM11,143.53
2025-09-02,ATM11,126.23
2025-09-03,ATM11,99.79
2025-09-04,ATM11,104.38
2025-09-05,ATM11,116.0
2025-09-06,ATM11,127.52
2025-09-07,ATM11,114.27
2025-09-08,ATM11,115.44
2025-09-09,ATM11,100.94
2025-09-10,ATM11,80.0
2025-09-11,ATM11,72.88
2025-09-12,ATM11,75.2
2025-09-13,ATM11,111.42
2025-09-14,ATM11,76.45
2025-09-15,ATM11,97.97
2025-09-16,ATM11,83.36
2025-09-17,ATM11,98.93
2025-09-18,ATM11,73.59
2025-09-19,ATM11,88.39
2025-09-20,ATM11,115.75
2025-09-21,ATM11,107.23
2025-09-22,ATM11,96.33
2025-09-23,ATM11,73.08
2025-09-24,ATM11,70.71
2025-09-25,ATM11,131.41
2025-09-26,ATM11,136.27
2025-09-27,ATM11,143.0
2025-09-28,ATM11,135.27
2025-09-29,ATM11,115.65
2025-09-30,ATM11,123.56
2025-10-01,ATM11,118.94
2025-10-02,ATM11,126.44
2025-10-03,ATM11,104.4
2025-10-04,ATM11,95.05
2025-10-05,ATM11,92.01
2025-10-06,ATM11,106.44
2025-10-07,ATM11,105.07
2025-10-08,ATM11,102.7
2025-10-09,ATM11,111.81
2025-10-10,ATM11,101.55
2025-10-11,ATM11,105.45
2025-10-12,ATM11,90.01
2025-10-13,ATM11,102.45
2025-10-14,ATM11,95.89
2025-10-15,ATM11,86.75
2025-10-16,ATM11,74.84
2025-10-17,ATM11,102.94
2025-10-18,ATM11,97.09
2025-10-19,ATM11,92.09
2025-10-20,ATM11,120.62
2025-10-21,ATM11,109.08
2025-10-22,ATM11,116.61
2025-10-23,ATM11,94.86
2025-10-24,ATM11,114.03
2025-10-25,ATM11,154.83
2025-10-26,ATM11,141.11
2025-10-27,ATM11,169.46
2025-10-28,ATM11,135.73
2025-10-29,ATM11,129.87
2025-10-30,ATM11,115.02
2025-10-31,ATM11,146.58
2025-11-01,ATM11,139.58
2025-11-02,ATM11,144.67
2025-11-03,ATM11,91.49
2025-11-04,ATM11,99.58
2025-11-05,ATM11,92.84
2025-11-06,ATM11,104.63
2025-11-07,ATM11,112.43
2025-11-08,ATM11,109.8
2025-11-09,ATM11,98.31
2025-11-10,ATM11,82.83
2025-11-11,ATM11,92.29
2025-11-12,ATM11,80.57
2025-11-13,ATM11,82.59
2025-11-14,ATM11,98.73
2025-11-15,ATM11,123.18
2025-11-16,ATM11,101.32
2025-11-17,ATM11,94.4
2025-11-18,ATM11,91.94
2025-11-19,ATM11,71.81
2025-11-20,ATM11,70.74
2025-11-21,ATM11,85.01
2025-11-22,ATM11,89.1
2025-11-23,ATM11,73.47
2025-11-24,ATM11,92.14
2025-11-25,ATM11,127.04
2025-11-26,ATM11,127.42
2025-11-27,ATM11,116.39
2025-11-28,ATM11,134.47
2025-11-29,ATM11,150.73
2025-11-30,ATM11,129.65
2025-12-01,ATM11,136.71
2025-12-02,ATM11,116.03
2025-12-03,ATM11,97.34
2025-12-04,ATM11,111.55
2025-12-05,ATM11,132.37
2025-12-06,ATM11,144.68
2025-12-07,ATM11,119.53
2025-12-08,ATM11,111.33
2025-12-09,ATM11,97.15
2025-12-10,ATM11,71.89
2025-12-11,ATM11,69.51
2025-12-12,ATM11,86.12
2025-12-13,ATM11,95.6
2025-12-14,ATM11,105.43
2025-12-15,ATM11,122.87
2025-12-16,ATM11,96.92
2025-12-17,ATM11,105.18
2025-12-18,ATM11,94.62
2025-12-19,ATM11,113.27
2025-12-20,ATM11,124.68
2025-12-21,ATM11,121.58
2025-12-22,ATM11,103.67
2025-12-23,ATM11,108.19
2025-12-24,ATM11,82.14
2025-12-25,ATM11,136.76
2025-12-26,ATM11,152.2
2025-12-27,ATM11,156.65
2025-12-28,ATM11,112.95
2025-12-29,ATM11,121.99
2025-12-30,ATM11,145.33
2025-12-31,ATM11,132.26
2022-01-01,ATM12,192.35
2022-01-02,ATM12,187.97
2022-01-03,ATM12,134.15
2022-01-04,ATM12,134.95
2022-01-05,ATM12,164.11
2022-01-06,ATM12,158.72
2022-01-07,ATM12,161.51
2022-01-08,ATM12,211.61
2022-01-09,ATM12,188.56
2022-01-10,ATM12,160.67
2022-01-11,ATM12,141.46
2022-01-12,ATM12,143.05
2022-01-13,ATM12,144.27
2022-01-14,ATM12,115.77
2022-01-15,ATM12,139.42
2022-01-16,ATM12,126.94
2022-01-17,ATM12,122.37
2022-01-18,ATM12,118.23
2022-01-19,ATM12,102.57
2022-01-20,ATM12,93.62
2022-01-21,ATM12,138.9
2022-01-22,ATM12,152.39
2022-01-23,ATM12,103.09
2022-01-24,ATM12,110.45
2022-01-25,ATM12,177.85
2022-01-26,ATM12,170.59
2022-01-27,ATM12,197.99
2022-01-28,ATM12,229.02
2022-01-29,ATM12,187.92
2022-01-30,ATM12,174.89
2022-01-31,ATM12,170.91
2022-02-01,ATM12,137.64
2022-02-02,ATM12,136.65
2022-02-03,ATM12,114.34
2022-02-04,ATM12,131.32
2022-02-05,ATM12,154.93
2022-02-06,ATM12,161.54
2022-02-07,ATM12,162.08
2022-02-08,ATM12,158.26
2022-02-09,ATM12,143.26
2022-02-10,ATM12,134.57
2022-02-11,ATM12,140.1
2022-02-12,ATM12,138.33
2022-02-13,ATM12,158.36
2022-02-14,ATM12,110.33
2022-02-15,ATM12,93.67
2022-02-16,ATM12,114.13
2022-02-17,ATM12,116.15
2022-02-18,ATM12,113.74
2022-02-19,ATM12,117.68
2022-02-20,ATM12,107.91
2022-02-21,ATM12,132.29
2022-02-22,ATM12,142.66
2022-02-23,ATM12,158.3
2022-02-24,ATM12,116.29
2022-02-25,ATM12,160.48
2022-02-26,ATM12,158.48
2022-02-27,ATM12,189.3
2022-02-28,ATM12,194.47
2022-03-01,ATM12,180.18
2022-03-02,ATM12,181.11
2022-03-03,ATM12,140.71
2022-03-04,ATM12,136.52
2022-03-05,ATM12,161.43
2022-03-06,ATM12,143.49
2022-03-07,ATM12,127.04
2022-03-08,ATM12,138.87
2022-03-09,ATM12,132.51
2022-03-10,ATM12,124.46
2022-03-11,ATM12,135.38
2022-03-12,ATM12,157.45
2022-03-13,ATM12,139.35
2022-03-14,ATM12,121.92
2022-03-15,ATM12,124.53
2022-03-16,ATM12,129.12
2022-03-17,ATM12,133.51
2022-03-18,ATM12,158.68
2022-03-19,ATM12,143.22
2022-03-20,ATM12,140.21
2022-03-21,ATM12,111.41
2022-03-22,ATM12,113.86
2022-03-23,ATM12,115.67
2022-03-24,ATM12,140.79
2022-03-25,ATM12,199.48
2022-03-26,ATM12,218.46
2022-03-27,ATM12,156.11
2022-03-28,ATM12,163.57
2022-03-29,ATM12,150.28
2022-03-30,ATM12,213.32
2022-03-31,ATM12,176.74
2022-04-01,ATM12,194.7
2022-04-02,ATM12,204.86
2022-04-03,ATM12,123.59
2022-04-04,ATM12,127.72
2022-04-05,ATM12,136.4
2022-04-06,ATM12,138.82
2022-04-07,ATM12,107.61
2022-04-08,ATM12,128.33
2022-04-09,ATM12,165.66
2022-04-10,ATM12,140.84
2022-04-11,ATM12,158.52
2022-04-12,ATM12,126.47
2022-04-13,ATM12,152.18
2022-04-14,ATM12,144.97
2022-04-15,ATM12,190.24
2022-04-16,ATM12,183.2
2022-04-17,ATM12,129.63
2022-04-18,ATM12,161.29
2022-04-19,ATM12,148.47
2022-04-20,ATM12,149.25
2022-04-21,ATM12,134.47
2022-04-22,ATM12,201.21
2022-04-23,ATM12,193.01
2022-04-24,ATM12,214.74
2022-04-25,ATM12,266.93
2022-04-26,ATM12,230.03
2022-04-27,ATM12,284.85
2022-04-28,ATM12,271.84
2022-04-29,ATM12,297.49
2022-04-30,ATM12,274.06
2022-05-01,ATM12,246.96
2022-05-02,ATM12,120.42
2022-05-03,ATM12,79.46
2022-05-04,ATM12,85.33
2022-05-05,ATM12,87.22
2022-05-06,ATM12,102.71
2022-05-07,ATM12,129.33
2022-05-08,ATM12,105.0
2022-05-09,ATM12,100.71
2022-05-10,ATM12,125.58
2022-05-11,ATM12,107.93
2022-05-12,ATM12,106.04
2022-05-13,ATM12,116.79
2022-05-14,ATM12,125.98
2022-05-15,ATM12,123.22
2022-05-16,ATM12,142.59
2022-05-17,ATM12,134.32
2022-05-18,ATM12,144.09
2022-05-19,ATM12,148.16
2022-05-20,ATM12,151.26
2022-05-21,ATM12,155.73
2022-05-22,ATM12,152.25
2022-05-23,ATM12,123.22
2022-05-24,ATM12,158.3
2022-05-25,ATM12,182.28
2022-05-26,ATM12,169.91
2022-05-27,ATM12,165.5
2022-05-28,ATM12,164.33
2022-05-29,ATM12,184.85
2022-05-30,ATM12,234.6
2022-05-31,ATM12,181.58
2022-06-01,ATM12,173.94
2022-06-02,ATM12,181.22
2022-06-03,ATM12,173.77
2022-06-04,ATM12,215.89
2022-06-05,ATM12,196.24
2022-06-06,ATM12,161.69
2022-06-07,ATM12,153.18
2022-06-08,ATM12,154.66
2022-06-09,ATM12,144.63
2022-06-10,ATM12,123.02
2022-06-11,ATM12,124.54
2022-06-12,ATM12,138.11
2022-06-13,ATM12,152.74
2022-06-14,ATM12,129.31
2022-06-15,ATM12,129.26
2022-06-16,ATM12,143.25
2022-06-17,ATM12,120.51
2022-06-18,ATM12,128.21
2022-06-19,ATM12,153.91
2022-06-20,ATM12,144.36
2022-06-21,ATM12,113.87
2022-06-22,ATM12,120.11
2022-06-23,ATM12,135.88
2022-06-24,ATM12,107.22
2022-06-25,ATM12,182.3
2022-06-26,ATM12,166.74
2022-06-27,ATM12,145.4
2022-06-28,ATM12,156.98
2022-06-29,ATM12,162.32
2022-06-30,ATM12,166.83
2022-07-01,ATM12,180.12
2022-07-02,ATM12,173.39
2022-07-03,ATM12,115.73
2022-07-04,ATM12,121.1
2022-07-05,ATM12,139.24
2022-07-06,ATM12,141.62
2022-07-07,ATM12,138.03
2022-07-08,ATM12,135.52
2022-07-09,ATM12,144.83
2022-07-10,ATM12,127.33
2022-07-11,ATM12,138.58
2022-07-12,ATM12,119.95
2022-07-13,ATM12,90.96
2022-07-14,ATM12,99.37
2022-07-15,ATM12,116.72
2022-07-16,ATM12,119.94
2022-07-17,ATM12,114.12
2022-07-18,ATM12,133.34
2022-07-19,ATM12,123.68
2022-07-20,ATM12,136.98
2022-07-21,ATM12,108.96
2022-07-22,ATM12,124.01
2022-07-23,ATM12,109.98
2022-07-24,ATM12,109.54
2022-07-25,ATM12,149.27
2022-07-26,ATM12,180.94
2022-07-27,ATM12,183.44
2022-07-28,ATM12,197.27
2022-07-29,ATM12,192.19
2022-07-30,ATM12,178.25
2022-07-31,ATM12,152.86
2022-08-01,ATM12,172.1
2022-08-02,ATM12,204.38
2022-08-03,ATM12,155.0
2022-08-04,ATM12,138.76
2022-08-05,ATM12,148.93
2022-08-06,ATM12,156.65
2022-08-07,ATM12,178.9
2022-08-08,ATM12,181.67
2022-08-09,ATM12,156.12
2022-08-10,ATM12,131.06
2022-08-11,ATM12,130.15
2022-08-12,ATM12,146.49
2022-08-13,ATM12,140.03
2022-08-14,ATM12,116.49
2022-08-15,ATM12,137.58
2022-08-16,ATM12,126.04
2022-08-17,ATM12,130.44
2022-08-18,ATM12,154.06
2022-08-19,ATM12,158.44
2022-08-20,ATM12,157.84
2022-08-21,ATM12,191.74
2022-08-22,ATM12,157.16
2022-08-23,ATM12,118.36
2022-08-24,ATM12,116.53
2022-08-25,ATM12,198.18
2022-08-26,ATM12,174.81
2022-08-27,ATM12,175.61
2022-08-28,ATM12,192.19
2022-08-29,ATM12,179.53
2022-08-30,ATM12,168.35
2022-08-31,ATM12,190.63
2022-09-01,ATM12,165.55
2022-09-02,ATM12,158.09
2022-09-03,ATM12,125.14
2022-09-04,ATM12,137.71
2022-09-05,ATM12,144.83
2022-09-06,ATM12,126.75
2022-09-07,ATM12,116.04
2022-09-08,ATM12,122.96
2022-09-09,ATM12,162.47
2022-09-10,ATM12,132.85
2022-09-11,ATM12,115.86
2022-09-12,ATM12,107.3
2022-09-13,ATM12,107.79
2022-09-14,ATM12,119.45
2022-09-15,ATM12,152.11
2022-09-16,ATM12,152.11
2022-09-17,ATM12,147.85
2022-09-18,ATM12,143.73
2022-09-19,ATM12,145.43
2022-09-20,ATM12,120.73
2022-09-21,ATM12,155.95
2022-09-22,ATM12,135.47
2022-09-23,ATM12,144.62
2022-09-24,ATM12,154.41
2022-09-25,ATM12,193.77
2022-09-26,ATM12,219.2
2022-09-27,ATM12,174.42
2022-09-28,ATM12,187.29
2022-09-29,ATM12,180.66
2022-09-30,ATM12,214.95
2022-10-01,ATM12,204.03
2022-10-02,ATM12,174.8
2022-10-03,ATM12,153.36
2022-10-04,ATM12,145.74
2022-10-05,ATM12,128.03
2022-10-06,ATM12,153.27
2022-10-07,ATM12,171.7
2022-10-08,ATM12,165.59
2022-10-09,ATM12,138.87
2022-10-10,ATM12,131.03
2022-10-11,ATM12,131.83
2022-10-12,ATM12,105.56
2022-10-13,ATM12,118.62
2022-10-14,ATM12,142.43
2022-10-15,ATM12,111.28
2022-10-16,ATM12,117.34
2022-10-17,ATM12,132.49
2022-10-18,ATM12,131.28
2022-10-19,ATM12,137.09
2022-10-20,ATM12,123.43
2022-10-21,ATM12,120.32
2022-10-22,ATM12,109.57
2022-10-23,ATM12,128.53
2022-10-24,ATM12,138.11
2022-10-25,ATM12,199.68
2022-10-26,ATM12,168.33
2022-10-27,ATM12,184.42
2022-10-28,ATM12,164.77
2022-10-29,ATM12,168.17
2022-10-30,ATM12,168.57
2022-10-31,ATM12,186.86
2022-11-01,ATM12,207.9
2022-11-02,ATM12,180.73
2022-11-03,ATM12,126.72
2022-11-04,ATM12,131.23
2022-11-05,ATM12,136.92
2022-11-06,ATM12,171.08
2022-11-07,ATM12,168.03
2022-11-08,ATM12,164.65
2022-11-09,ATM12,143.89
2022-11-10,ATM12,124.1
2022-11-11,ATM12,145.86
2022-11-12,ATM12,137.58
2022-11-13,ATM12,122.14
2022-11-14,ATM12,115.85
2022-11-15,ATM12,110.18
2022-11-16,ATM12,116.42
2022-11-17,ATM12,108.43
2022-11-18,ATM12,131.11
2022-11-19,ATM12,142.98
2022-11-20,ATM12,125.77
2022-11-21,ATM12,115.38
2022-11-22,ATM12,116.82
2022-11-23,ATM12,112.41
2022-11-24,ATM12,117.39
2022-11-25,ATM12,207.91
2022-11-26,ATM12,178.71
2022-11-27,ATM12,216.64
2022-11-28,ATM12,192.6
2022-11-29,ATM12,183.02
2022-11-30,ATM12,161.03
2022-12-01,ATM12,187.23
2022-12-02,ATM12,192.63
2022-12-03,ATM12,151.76
2022-12-04,ATM12,131.52
2022-12-05,ATM12,133.13
2022-12-06,ATM12,137.14
2022-12-07,ATM12,138.43
2022-12-08,ATM12,135.79
2022-12-09,ATM12,138.19
2022-12-10,ATM12,123.75
2022-12-11,ATM12,114.11
2022-12-12,ATM12,127.08
2022-12-13,ATM12,129.56
2022-12-14,ATM12,135.73
2022-12-15,ATM12,137.1
2022-12-16,ATM12,153.38
2022-12-17,ATM12,152.04
2022-12-18,ATM12,113.38
2022-12-19,ATM12,122.67
2022-12-20,ATM12,118.63
2022-12-21,ATM12,111.16
2022-12-22,ATM12,113.69
2022-12-23,ATM12,137.13
2022-12-24,ATM12,129.96
2022-12-25,ATM12,157.33
2022-12-26,ATM12,212.44
2022-12-27,ATM12,159.62
2022-12-28,ATM12,167.89
2022-12-29,ATM12,154.13
2022-12-30,ATM12,171.57
2022-12-31,ATM12,191.63
2023-01-01,ATM12,144.59
2023-01-02,ATM12,176.05
2023-01-03,ATM12,155.59
2023-01-04,ATM12,157.44
2023-01-05,ATM12,161.49
2023-01-06,ATM12,138.57
2023-01-07,ATM12,146.79
2023-01-08,ATM12,145.0
2023-01-09,ATM12,157.35
2023-01-10,ATM12,152.57
2023-01-11,ATM12,150.28
2023-01-12,ATM12,146.44
2023-01-13,ATM12,193.66
2023-01-14,ATM12,166.37
2023-01-15,ATM12,132.57
2023-01-16,ATM12,131.51
2023-01-17,ATM12,110.38
2023-01-18,ATM12,116.31
2023-01-19,ATM12,97.74
2023-01-20,ATM12,113.96
2023-01-21,ATM12,127.98
2023-01-22,ATM12,128.2
2023-01-23,ATM12,146.84
2023-01-24,ATM12,115.33
2023-01-25,ATM12,207.05
2023-01-26,ATM12,187.31
2023-01-27,ATM12,199.89
2023-01-28,ATM12,168.03
2023-01-29,ATM12,154.38
2023-01-30,ATM12,186.38
2023-01-31,ATM12,174.93
2023-02-01,ATM12,172.79
2023-02-02,ATM12,174.1
2023-02-03,ATM12,128.53
2023-02-04,ATM12,143.96
2023-02-05,ATM12,159.14
2023-02-06,ATM12,167.74
2023-02-07,ATM12,142.79
2023-02-08,ATM12,163.65
2023-02-09,ATM12,127.55
2023-02-10,ATM12,116.13
2023-02-11,ATM12,160.25
2023-02-12,ATM12,143.16
2023-02-13,ATM12,129.11
2023-02-14,ATM12,120.13
2023-02-15,ATM12,109.56
2023-02-16,ATM12,118.41
2023-02-17,ATM12,134.34
2023-02-18,ATM12,139.64
2023-02-19,ATM12,111.1
2023-02-20,ATM12,122.37
2023-02-21,ATM12,111.26
2023-02-22,ATM12,103.73
2023-02-23,ATM12,128.77
2023-02-24,ATM12,173.24
2023-02-25,ATM12,270.71
2023-02-26,ATM12,219.65
2023-02-27,ATM12,188.69
2023-02-28,ATM12,171.03
2023-03-01,ATM12,176.44
2023-03-02,ATM12,163.39
2023-03-03,ATM12,168.97
2023-03-04,ATM12,131.32
2023-03-05,ATM12,126.38
2023-03-06,ATM12,146.28
2023-03-07,ATM12,123.83
2023-03-08,ATM12,125.65
2023-03-09,ATM12,138.62
2023-03-10,ATM12,158.27
2023-03-11,ATM12,129.94
2023-03-12,ATM12,104.99
2023-03-13,ATM12,104.29
2023-03-14,ATM12,92.55
2023-03-15,ATM12,90.45
2023-03-16,ATM12,94.52
2023-03-17,ATM12,135.81
2023-03-18,ATM12,135.07
2023-03-19,ATM12,124.56
2023-03-20,ATM12,112.46
2023-03-21,ATM12,121.52
2023-03-22,ATM12,147.61
2023-03-23,ATM12,118.88
2023-03-24,ATM12,158.87
2023-03-25,ATM12,218.5
2023-03-26,ATM12,185.73
2023-03-27,ATM12,187.94
2023-03-28,ATM12,179.3
2023-03-29,ATM12,211.08
2023-03-30,ATM12,196.08
2023-03-31,ATM12,210.12
2023-04-01,ATM12,200.84
2023-04-02,ATM12,204.24
2023-04-03,ATM12,143.06
2023-04-04,ATM12,145.97
2023-04-05,ATM12,207.31
2023-04-06,ATM12,136.01
2023-04-07,ATM12,170.23
2023-04-08,ATM12,191.81
2023-04-09,ATM12,172.66
2023-04-10,ATM12,155.75
2023-04-11,ATM12,155.39
2023-04-12,ATM12,154.74
2023-04-13,ATM12,164.56
2023-04-14,ATM12,174.88
2023-04-15,ATM12,239.83
2023-04-16,ATM12,193.69
2023-04-17,ATM12,203.13
2023-04-18,ATM12,173.81
2023-04-19,ATM12,199.77
2023-04-20,ATM12,210.13
2023-04-21,ATM12,231.76
2023-04-22,ATM12,85.29
2023-04-23,ATM12,74.08
2023-04-24,ATM12,99.9
2023-04-25,ATM12,113.44
2023-04-26,ATM12,123.3
2023-04-27,ATM12,107.51
2023-04-28,ATM12,138.49
2023-04-29,ATM12,135.9
2023-04-30,ATM12,119.44
2023-05-01,ATM12,117.77
2023-05-02,ATM12,124.81
2023-05-03,ATM12,116.51
2023-05-04,ATM12,123.03
2023-05-05,ATM12,125.21
2023-05-06,ATM12,145.04
2023-05-07,ATM12,119.94
2023-05-08,ATM12,139.89
2023-05-09,ATM12,145.32
2023-05-10,ATM12,123.0
2023-05-11,ATM12,124.04
2023-05-12,ATM12,161.94
2023-05-13,ATM12,148.2
2023-05-14,ATM12,116.26
2023-05-15,ATM12,128.64
2023-05-16,ATM12,105.94
2023-05-17,ATM12,109.95
2023-05-18,ATM12,107.11
2023-05-19,ATM12,115.68
2023-05-20,ATM12,126.04
2023-05-21,ATM12,132.34
2023-05-22,ATM12,144.43
2023-05-23,ATM12,139.92
2023-05-24,ATM12,132.28
2023-05-25,ATM12,169.13
2023-05-26,ATM12,142.44
2023-05-27,ATM12,178.18
2023-05-28,ATM12,131.12
2023-05-29,ATM12,123.97
2023-05-30,ATM12,139.39
2023-05-31,ATM12,157.58
2023-06-01,ATM12,146.21
2023-06-02,ATM12,209.41
2023-06-03,ATM12,171.24
2023-06-04,ATM12,142.36
2023-06-05,ATM12,163.69
2023-06-06,ATM12,168.87
2023-06-07,ATM12,156.09
2023-06-08,ATM12,130.75
2023-06-09,ATM12,136.77
2023-06-10,ATM12,113.08
2023-06-11,ATM12,113.48
2023-06-12,ATM12,106.19
2023-06-13,ATM12,105.98
2023-06-14,ATM12,115.62
2023-06-15,ATM12,93.93
2023-06-16,ATM12,102.33
2023-06-17,ATM12,115.76
2023-06-18,ATM12,114.51
2023-06-19,ATM12,113.3
2023-06-20,ATM12,109.78
2023-06-21,ATM12,105.57
2023-06-22,ATM12,95.58
2023-06-23,ATM12,111.7
2023-06-24,ATM12,124.31
2023-06-25,ATM12,160.84
2023-06-26,ATM12,169.73
2023-06-27,ATM12,170.86
2023-06-28,ATM12,180.5
2023-06-29,ATM12,152.08
2023-06-30,ATM12,151.12
2023-07-01,ATM12,201.7
2023-07-02,ATM12,185.47
2023-07-03,ATM12,128.69
2023-07-04,ATM12,131.31
2023-07-05,ATM12,147.91
2023-07-06,ATM12,167.81
2023-07-07,ATM12,166.84
2023-07-08,ATM12,182.15
2023-07-09,ATM12,131.42
2023-07-10,ATM12,120.32
2023-07-11,ATM12,111.85
2023-07-12,ATM12,119.33
2023-07-13,ATM12,141.24
2023-07-14,ATM12,144.99
2023-07-15,ATM12,128.92
2023-07-16,ATM12,105.03
2023-07-17,ATM12,137.66
2023-07-18,ATM12,130.41
2023-07-19,ATM12,129.3
2023-07-20,ATM12,118.05
2023-07-21,ATM12,133.95
2023-07-22,ATM12,123.68
2023-07-23,ATM12,123.56
2023-07-24,ATM12,108.55
2023-07-25,ATM12,148.98
2023-07-26,ATM12,146.45
2023-07-27,ATM12,109.0
2023-07-28,ATM12,145.27
2023-07-29,ATM12,155.8
2023-07-30,ATM12,154.39
2023-07-31,ATM12,164.28
2023-08-01,ATM12,194.88
2023-08-02,ATM12,183.34
2023-08-03,ATM12,143.15
2023-08-04,ATM12,159.3
2023-08-05,ATM12,174.45
2023-08-06,ATM12,154.52
2023-08-07,ATM12,149.84
2023-08-08,ATM12,147.18
2023-08-09,ATM12,105.79
2023-08-10,ATM12,133.77
2023-08-11,ATM12,163.67
2023-08-12,ATM12,154.33
2023-08-13,ATM12,111.83
2023-08-14,ATM12,134.76
2023-08-15,ATM12,112.91
2023-08-16,ATM12,122.12
2023-08-17,ATM12,98.41
2023-08-18,ATM12,156.4
2023-08-19,ATM12,125.92
2023-08-20,ATM12,120.07
2023-08-21,ATM12,96.4
2023-08-22,ATM12,104.29
2023-08-23,ATM12,105.99
2023-08-24,ATM12,126.78
2023-08-25,ATM12,179.06
2023-08-26,ATM12,213.81
2023-08-27,ATM12,162.51
2023-08-28,ATM12,162.67
2023-08-29,ATM12,154.93
2023-08-30,ATM12,168.58
2023-08-31,ATM12,172.67
2023-09-01,ATM12,200.56
2023-09-02,ATM12,204.34
2023-09-03,ATM12,153.26
2023-09-04,ATM12,130.9
2023-09-05,ATM12,133.44
2023-09-06,ATM12,157.51
2023-09-07,ATM12,118.19
2023-09-08,ATM12,145.72
2023-09-09,ATM12,163.7
2023-09-10,ATM12,149.46
2023-09-11,ATM12,145.33
2023-09-12,ATM12,127.26
2023-09-13,ATM12,127.2
2023-09-14,ATM12,111.87
2023-09-15,ATM12,121.24
2023-09-16,ATM12,113.42
2023-09-17,ATM12,133.66
2023-09-18,ATM12,134.02
2023-09-19,ATM12,109.68
2023-09-20,ATM12,116.86
2023-09-21,ATM12,132.58
2023-09-22,ATM12,152.27
2023-09-23,ATM12,131.38
2023-09-24,ATM12,85.86
2023-09-25,ATM12,152.76
2023-09-26,ATM12,140.37
2023-09-27,ATM12,163.25
2023-09-28,ATM12,181.13
2023-09-29,ATM12,213.58
2023-09-30,ATM12,246.9
2023-10-01,ATM12,221.85
2023-10-02,ATM12,233.49
2023-10-03,ATM12,174.32
2023-10-04,ATM12,174.59
2023-10-05,ATM12,148.01
2023-10-06,ATM12,132.37
2023-10-07,ATM12,190.89
2023-10-08,ATM12,153.55
2023-10-09,ATM12,165.19
2023-10-10,ATM12,119.06
2023-10-11,ATM12,130.69
2023-10-12,ATM12,93.67
2023-10-13,ATM12,111.46
2023-10-14,ATM12,124.92
2023-10-15,ATM12,124.51
2023-10-16,ATM12,138.77
2023-10-17,ATM12,109.06
2023-10-18,ATM12,121.45
2023-10-19,ATM12,135.67
2023-10-20,ATM12,178.24
2023-10-21,ATM12,168.53
2023-10-22,ATM12,128.67
2023-10-23,ATM12,108.78
2023-10-24,ATM12,134.76
2023-10-25,ATM12,188.54
2023-10-26,ATM12,173.36
2023-10-27,ATM12,154.76
2023-10-28,ATM12,158.86
2023-10-29,ATM12,169.92
2023-10-30,ATM12,177.31
2023-10-31,ATM12,133.31
2023-11-01,ATM12,159.34
2023-11-02,ATM12,135.53
2023-11-03,ATM12,153.65
2023-11-04,ATM12,158.69
2023-11-05,ATM12,133.12
2023-11-06,ATM12,150.65
2023-11-07,ATM12,141.06
2023-11-08,ATM12,155.94
2023-11-09,ATM12,142.26
2023-11-10,ATM12,135.57
2023-11-11,ATM12,133.43
2023-11-12,ATM12,125.26
2023-11-13,ATM12,148.81
2023-11-14,ATM12,119.91
2023-11-15,ATM12,126.36
2023-11-16,ATM12,109.35
2023-11-17,ATM12,99.39
2023-11-18,ATM12,122.44
2023-11-19,ATM12,121.89
2023-11-20,ATM12,120.43
2023-11-21,ATM12,97.69
2023-11-22,ATM12,110.91
2023-11-23,ATM12,116.93
2023-11-24,ATM12,116.55
2023-11-25,ATM12,155.04
2023-11-26,ATM12,152.24
2023-11-27,ATM12,174.11
2023-11-28,ATM12,171.19
2023-11-29,ATM12,150.72
2023-11-30,ATM12,159.18
2023-12-01,ATM12,195.81
2023-12-02,ATM12,171.6
2023-12-03,ATM12,131.93
2023-12-04,ATM12,155.66
2023-12-05,ATM12,119.47
2023-12-06,ATM12,141.8
2023-12-07,ATM12,161.17
2023-12-08,ATM12,154.09
2023-12-09,ATM12,149.23
2023-12-10,ATM12,136.02
2023-12-11,ATM12,125.31
2023-12-12,ATM12,90.39
2023-12-13,ATM12,102.33
2023-12-14,ATM12,115.18
2023-12-15,ATM12,149.37
2023-12-16,ATM12,135.9
2023-12-17,ATM12,124.0
2023-12-18,ATM12,142.45
2023-12-19,ATM12,128.51
2023-12-20,ATM12,106.82
2023-12-21,ATM12,133.24
2023-12-22,ATM12,138.65
2023-12-23,ATM12,163.18
2023-12-24,ATM12,118.91
2023-12-25,ATM12,164.7
2023-12-26,ATM12,179.77
2023-12-27,ATM12,175.11
2023-12-28,ATM12,153.38
2023-12-29,ATM12,139.9
2023-12-30,ATM12,206.66
2023-12-31,ATM12,190.58
2024-01-01,ATM12,186.65
2024-01-02,ATM12,190.82
2024-01-03,ATM12,148.65
2024-01-04,ATM12,132.76
2024-01-05,ATM12,152.46
2024-01-06,ATM12,180.24
2024-01-07,ATM12,149.14
2024-01-08,ATM12,174.6
2024-01-09,ATM12,122.48
2024-01-10,ATM12,94.28
2024-01-11,ATM12,117.33
2024-01-12,ATM12,117.28
2024-01-13,ATM12,160.89
2024-01-14,ATM12,152.78
2024-01-15,ATM12,160.14
2024-01-16,ATM12,143.82
2024-01-17,ATM12,114.95
2024-01-18,ATM12,95.82
2024-01-19,ATM12,138.05
2024-01-20,ATM12,117.2
2024-01-21,ATM12,136.08
2024-01-22,ATM12,137.36
2024-01-23,ATM12,120.71
2024-01-24,ATM12,123.38
2024-01-25,ATM12,174.88
2024-01-26,ATM12,180.59
2024-01-27,ATM12,219.47
2024-01-28,ATM12,212.49
2024-01-29,ATM12,190.8
2024-01-30,ATM12,158.9
2024-01-31,ATM12,184.69
2024-02-01,ATM12,137.02
2024-02-02,ATM12,173.66
2024-02-03,ATM12,159.9
2024-02-04,ATM12,127.62
2024-02-05,ATM12,146.74
2024-02-06,ATM12,132.96
2024-02-07,ATM12,122.93
2024-02-08,ATM12,140.08
2024-02-09,ATM12,131.06
2024-02-10,ATM12,133.96
2024-02-11,ATM12,99.76
2024-02-12,ATM12,114.36
2024-02-13,ATM12,112.49
2024-02-14,ATM12,107.16
2024-02-15,ATM12,116.12
2024-02-16,ATM12,126.36
2024-02-17,ATM12,148.92
2024-02-18,ATM12,135.18
2024-02-19,ATM12,133.49
2024-02-20,ATM12,123.88
2024-02-21,ATM12,112.7
2024-02-22,ATM12,110.04
2024-02-23,ATM12,127.81
2024-02-24,ATM12,130.71
2024-02-25,ATM12,189.54
2024-02-26,ATM12,179.7
2024-02-27,ATM12,171.91
2024-02-28,ATM12,141.8
2024-02-29,ATM12,168.3
2024-03-01,ATM12,169.9
2024-03-02,ATM12,162.41
2024-03-03,ATM12,152.35
2024-03-04,ATM12,153.89
2024-03-05,ATM12,151.44
2024-03-06,ATM12,145.26
2024-03-07,ATM12,134.22
2024-03-08,ATM12,140.24
2024-03-09,ATM12,160.94
2024-03-10,ATM12,141.49
2024-03-11,ATM12,128.51
2024-03-12,ATM12,147.94
2024-03-13,ATM12,125.66
2024-03-14,ATM12,102.35
2024-03-15,ATM12,99.49
2024-03-16,ATM12,98.73
2024-03-17,ATM12,100.77
2024-03-18,ATM12,108.29
2024-03-19,ATM12,117.51
2024-03-20,ATM12,118.65
2024-03-21,ATM12,133.11
2024-03-22,ATM12,143.94
2024-03-23,ATM12,150.89
2024-03-24,ATM12,130.33
2024-03-25,ATM12,225.16
2024-03-26,ATM12,172.1
2024-03-27,ATM12,193.35
2024-03-28,ATM12,195.6
2024-03-29,ATM12,244.55
2024-03-30,ATM12,250.87
2024-03-31,ATM12,229.28
2024-04-01,ATM12,225.52
2024-04-02,ATM12,258.09
2024-04-03,ATM12,194.77
2024-04-04,ATM12,238.09
2024-04-05,ATM12,241.49
2024-04-06,ATM12,239.22
2024-04-07,ATM12,210.31
2024-04-08,ATM12,226.2
2024-04-09,ATM12,197.52
2024-04-10,ATM12,75.88
2024-04-11,ATM12,75.91
2024-04-12,ATM12,91.46
2024-04-13,ATM12,97.6
2024-04-14,ATM12,89.97
2024-04-15,ATM12,87.53
2024-04-16,ATM12,96.58
2024-04-17,ATM12,95.94
2024-04-18,ATM12,124.83
2024-04-19,ATM12,120.2
2024-04-20,ATM12,133.95
2024-04-21,ATM12,106.42
2024-04-22,ATM12,129.37
2024-04-23,ATM12,108.71
2024-04-24,ATM12,119.27
2024-04-25,ATM12,158.08
2024-04-26,ATM12,184.43
2024-04-27,ATM12,183.56
2024-04-28,ATM12,153.41
2024-04-29,ATM12,156.35
2024-04-30,ATM12,182.87
2024-05-01,ATM12,169.5
2024-05-02,ATM12,145.45
2024-05-03,ATM12,152.47
2024-05-04,ATM12,138.59
2024-05-05,ATM12,141.47
2024-05-06,ATM12,145.95
2024-05-07,ATM12,141.58
2024-05-08,ATM12,163.74
2024-05-09,ATM12,130.14
2024-05-10,ATM12,135.68
2024-05-11,ATM12,156.47
2024-05-12,ATM12,120.47
2024-05-13,ATM12,110.53
2024-05-14,ATM12,106.23
2024-05-15,ATM12,114.22
2024-05-16,ATM12,97.5
2024-05-17,ATM12,124.51
2024-05-18,ATM12,112.2
2024-05-19,ATM12,128.3
2024-05-20,ATM12,130.55
2024-05-21,ATM12,145.79
2024-05-22,ATM12,136.73
2024-05-23,ATM12,119.34
2024-05-24,ATM12,117.5
2024-05-25,ATM12,183.36
2024-05-26,ATM12,166.41
2024-05-27,ATM12,190.07
2024-05-28,ATM12,151.9
2024-05-29,ATM12,194.38
2024-05-30,ATM12,200.07
2024-05-31,ATM12,190.39
2024-06-01,ATM12,220.75
2024-06-02,ATM12,170.33
2024-06-03,ATM12,137.89
2024-06-04,ATM12,111.88
2024-06-05,ATM12,146.92
2024-06-06,ATM12,113.08
2024-06-07,ATM12,113.65
2024-06-08,ATM12,124.64
2024-06-09,ATM12,143.44
2024-06-10,ATM12,136.76
2024-06-11,ATM12,122.09
2024-06-12,ATM12,131.03
2024-06-13,ATM12,119.39
2024-06-14,ATM12,134.25
2024-06-15,ATM12,162.24
2024-06-16,ATM12,127.64
2024-06-17,ATM12,107.3
2024-06-18,ATM12,116.35
2024-06-19,ATM12,124.29
2024-06-20,ATM12,119.47
2024-06-21,ATM12,143.09
2024-06-22,ATM12,136.12
2024-06-23,ATM12,122.85
2024-06-24,ATM12,125.81
2024-06-25,ATM12,167.51
2024-06-26,ATM12,193.9
2024-06-27,ATM12,180.6
2024-06-28,ATM12,179.51
2024-06-29,ATM12,196.46
2024-06-30,ATM12,192.03
2024-07-01,ATM12,193.33
2024-07-02,ATM12,183.09
2024-07-03,ATM12,114.61
2024-07-04,ATM12,91.99
2024-07-05,ATM12,139.39
2024-07-06,ATM12,153.49
2024-07-07,ATM12,135.65
2024-07-08,ATM12,144.9
2024-07-09,ATM12,162.4
2024-07-10,ATM12,147.6
2024-07-11,ATM12,141.57
2024-07-12,ATM12,125.29
2024-07-13,ATM12,120.47
2024-07-14,ATM12,88.08
2024-07-15,ATM12,111.31
2024-07-16,ATM12,123.78
2024-07-17,ATM12,134.06
2024-07-18,ATM12,131.31
2024-07-19,ATM12,131.23
2024-07-20,ATM12,125.59
2024-07-21,ATM12,106.51
2024-07-22,ATM12,111.02
2024-07-23,ATM12,98.24
2024-07-24,ATM12,128.53
2024-07-25,ATM12,145.05
2024-07-26,ATM12,164.3
2024-07-27,ATM12,143.72
2024-07-28,ATM12,154.0
2024-07-29,ATM12,160.45
2024-07-30,ATM12,149.32
2024-07-31,ATM12,138.85
2024-08-01,ATM12,148.94
2024-08-02,ATM12,159.96
2024-08-03,ATM12,138.41
2024-08-04,ATM12,160.7
2024-08-05,ATM12,147.41
2024-08-06,ATM12,140.14
2024-08-07,ATM12,125.62
2024-08-08,ATM12,115.44
2024-08-09,ATM12,133.55
2024-08-10,ATM12,168.37
2024-08-11,ATM12,128.77
2024-08-12,ATM12,127.94
2024-08-13,ATM12,106.32
2024-08-14,ATM12,80.98
2024-08-15,ATM12,88.93
2024-08-16,ATM12,145.29
2024-08-17,ATM12,141.65
2024-08-18,ATM12,150.67
2024-08-19,ATM12,126.95
2024-08-20,ATM12,89.51
2024-08-21,ATM12,89.79
2024-08-22,ATM12,106.1
2024-08-23,ATM12,124.22
2024-08-24,ATM12,129.94
2024-08-25,ATM12,156.08
2024-08-26,ATM12,178.74
2024-08-27,ATM12,154.02
2024-08-28,ATM12,161.12
2024-08-29,ATM12,162.39
2024-08-30,ATM12,169.27
2024-08-31,ATM12,163.24
2024-09-01,ATM12,150.28
2024-09-02,ATM12,194.65
2024-09-03,ATM12,152.84
2024-09-04,ATM12,153.53
2024-09-05,ATM12,126.11
2024-09-06,ATM12,118.74
2024-09-07,ATM12,152.94
2024-09-08,ATM12,149.39
2024-09-09,ATM12,141.8
2024-09-10,ATM12,111.1
2024-09-11,ATM12,95.04
2024-09-12,ATM12,114.49
2024-09-13,ATM12,142.5
2024-09-14,ATM12,128.26
2024-09-15,ATM12,107.9
2024-09-16,ATM12,129.89
2024-09-17,ATM12,109.03
2024-09-18,ATM12,134.58
2024-09-19,ATM12,120.2
2024-09-20,ATM12,122.47
2024-09-21,ATM12,129.69
2024-09-22,ATM12,112.97
2024-09-23,ATM12,130.88
2024-09-24,ATM12,129.37
2024-09-25,ATM12,188.52
2024-09-26,ATM12,173.78
2024-09-27,ATM12,172.55
2024-09-28,ATM12,180.93
2024-09-29,ATM12,157.16
2024-09-30,ATM12,189.6
2024-10-01,ATM12,186.22
2024-10-02,ATM12,167.59
2024-10-03,ATM12,116.63
2024-10-04,ATM12,158.82
2024-10-05,ATM12,156.6
2024-10-06,ATM12,134.51
2024-10-07,ATM12,157.73
2024-10-08,ATM12,128.33
2024-10-09,ATM12,122.22
2024-10-10,ATM12,107.79
2024-10-11,ATM12,105.13
2024-10-12,ATM12,124.58
2024-10-13,ATM12,106.32
2024-10-14,ATM12,105.53
2024-10-15,ATM12,98.46
2024-10-16,ATM12,98.92
2024-10-17,ATM12,96.42
2024-10-18,ATM12,118.7
2024-10-19,ATM12,124.88
2024-10-20,ATM12,116.31
2024-10-21,ATM12,151.52
2024-10-22,ATM12,123.02
2024-10-23,ATM12,124.62
2024-10-24,ATM12,126.91
2024-10-25,ATM12,181.68
2024-10-26,ATM12,190.7
2024-10-27,ATM12,168.75
2024-10-28,ATM12,170.06
2024-10-29,ATM12,148.64
2024-10-30,ATM12,144.62
2024-10-31,ATM12,151.1
2024-11-01,ATM12,136.85
2024-11-02,ATM12,191.95
2024-11-03,ATM12,171.26
2024-11-04,ATM12,150.83
2024-11-05,ATM12,142.89
2024-11-06,ATM12,149.38
2024-11-07,ATM12,116.95
2024-11-08,ATM12,148.34
2024-11-09,ATM12,142.44
2024-11-10,ATM12,149.88
2024-11-11,ATM12,128.24
2024-11-12,ATM12,128.13
2024-11-13,ATM12,116.29
2024-11-14,ATM12,144.56
2024-11-15,ATM12,130.8
2024-11-16,ATM12,150.59
2024-11-17,ATM12,134.62
2024-11-18,ATM12,130.37
2024-11-19,ATM12,119.74
2024-11-20,ATM12,106.85
2024-11-21,ATM12,82.19
2024-11-22,ATM12,120.75
2024-11-23,ATM12,121.05
2024-11-24,ATM12,129.48
2024-11-25,ATM12,178.23
2024-11-26,ATM12,184.47
2024-11-27,ATM12,183.49
2024-11-28,ATM12,127.79
2024-11-29,ATM12,168.41
2024-11-30,ATM12,171.84
2024-12-01,ATM12,182.23
2024-12-02,ATM12,183.35
2024-12-03,ATM12,139.91
2024-12-04,ATM12,127.29
2024-12-05,ATM12,113.68
2024-12-06,ATM12,125.88
2024-12-07,ATM12,113.55
2024-12-08,ATM12,110.23
2024-12-09,ATM12,103.13
2024-12-10,ATM12,85.13
2024-12-11,ATM12,99.77
2024-12-12,ATM12,112.19
2024-12-13,ATM12,122.82
2024-12-14,ATM12,121.7
2024-12-15,ATM12,110.91
2024-12-16,ATM12,114.94
2024-12-17,ATM12,104.97
2024-12-18,ATM12,112.09
2024-12-19,ATM12,98.33
2024-12-20,ATM12,130.84
2024-12-21,ATM12,129.59
2024-12-22,ATM12,127.43
2024-12-23,ATM12,139.63
2024-12-24,ATM12,129.96
2024-12-25,ATM12,180.37
2024-12-26,ATM12,141.2
2024-12-27,ATM12,162.4
2024-12-28,ATM12,206.43
2024-12-29,ATM12,191.77
2024-12-30,ATM12,224.37
2024-12-31,ATM12,225.15
2025-01-01,ATM12,173.91
2025-01-02,ATM12,162.49
2025-01-03,ATM12,125.98
2025-01-04,ATM12,131.18
2025-01-05,ATM12,119.81
2025-01-06,ATM12,117.63
2025-01-07,ATM12,106.93
2025-01-08,ATM12,121.21
2025-01-09,ATM12,147.86
2025-01-10,ATM12,146.71
2025-01-11,ATM12,134.18
2025-01-12,ATM12,132.92
2025-01-13,ATM12,128.37
2025-01-14,ATM12,115.04
2025-01-15,ATM12,111.29
2025-01-16,ATM12,108.47
2025-01-17,ATM12,130.13
2025-01-18,ATM12,133.71
2025-01-19,ATM12,109.52
2025-01-20,ATM12,103.94
2025-01-21,ATM12,108.63
2025-01-22,ATM12,114.94
2025-01-23,ATM12,108.65
2025-01-24,ATM12,106.99
2025-01-25,ATM12,193.61
2025-01-26,ATM12,188.99
2025-01-27,ATM12,139.88
2025-01-28,ATM12,167.33
2025-01-29,ATM12,148.71
2025-01-30,ATM12,158.71
2025-01-31,ATM12,195.91
2025-02-01,ATM12,228.24
2025-02-02,ATM12,202.63
2025-02-03,ATM12,147.48
2025-02-04,ATM12,112.39
2025-02-05,ATM12,94.74
2025-02-06,ATM12,120.75
2025-02-07,ATM12,156.63
2025-02-08,ATM12,139.1
2025-02-09,ATM12,124.63
2025-02-10,ATM12,107.11
2025-02-11,ATM12,99.72
2025-02-12,ATM12,118.59
2025-02-13,ATM12,116.68
2025-02-14,ATM12,121.86
2025-02-15,ATM12,170.95
2025-02-16,ATM12,112.99
2025-02-17,ATM12,121.74
2025-02-18,ATM12,100.32
2025-02-19,ATM12,103.79
2025-02-20,ATM12,109.0
2025-02-21,ATM12,132.94
2025-02-22,ATM12,128.91
2025-02-23,ATM12,111.86
2025-02-24,ATM12,110.6
2025-02-25,ATM12,134.0
2025-02-26,ATM12,155.12
2025-02-27,ATM12,159.39
2025-02-28,ATM12,181.37
2025-03-01,ATM12,182.1
2025-03-02,ATM12,160.22
2025-03-03,ATM12,146.81
2025-03-04,ATM12,145.75
2025-03-05,ATM12,155.24
2025-03-06,ATM12,142.39
2025-03-07,ATM12,168.61
2025-03-08,ATM12,149.98
2025-03-09,ATM12,129.69
2025-03-10,ATM12,135.77
2025-03-11,ATM12,135.27
2025-03-12,ATM12,123.75
2025-03-13,ATM12,110.94
2025-03-14,ATM12,129.81
2025-03-15,ATM12,134.1
2025-03-16,ATM12,159.97
2025-03-17,ATM12,164.64
2025-03-18,ATM12,135.62
2025-03-19,ATM12,124.85
2025-03-20,ATM12,125.34
2025-03-21,ATM12,143.82
2025-03-22,ATM12,161.8
2025-03-23,ATM12,176.82
2025-03-24,ATM12,154.46
2025-03-25,ATM12,279.53
2025-03-26,ATM12,227.36
2025-03-27,ATM12,198.86
2025-03-28,ATM12,293.88
2025-03-29,ATM12,340.32
2025-03-30,ATM12,276.99
2025-03-31,ATM12,115.59
2025-04-01,ATM12,110.32
2025-04-02,ATM12,112.95
2025-04-03,ATM12,76.22
2025-04-04,ATM12,68.49
2025-04-05,ATM12,78.26
2025-04-06,ATM12,99.13
2025-04-07,ATM12,121.78
2025-04-08,ATM12,103.2
2025-04-09,ATM12,93.08
2025-04-10,ATM12,93.09
2025-04-11,ATM12,112.75
2025-04-12,ATM12,128.06
2025-04-13,ATM12,87.41
2025-04-14,ATM12,146.53
2025-04-15,ATM12,138.16
2025-04-16,ATM12,118.94
2025-04-17,ATM12,104.99
2025-04-18,ATM12,132.34
2025-04-19,ATM12,139.33
2025-04-20,ATM12,121.44
2025-04-21,ATM12,124.04
2025-04-22,ATM12,111.72
2025-04-23,ATM12,115.42
2025-04-24,ATM12,121.37
2025-04-25,ATM12,184.17
2025-04-26,ATM12,190.13
2025-04-27,ATM12,193.83
2025-04-28,ATM12,146.88
2025-04-29,ATM12,134.47
2025-04-30,ATM12,144.79
2025-05-01,ATM12,130.85
2025-05-02,ATM12,154.41
2025-05-03,ATM12,156.73
2025-05-04,ATM12,132.59
2025-05-05,ATM12,106.7
2025-05-06,ATM12,107.29
2025-05-07,ATM12,116.05
2025-05-08,ATM12,119.97
2025-05-09,ATM12,142.46
2025-05-10,ATM12,136.38
2025-05-11,ATM12,117.11
2025-05-12,ATM12,101.63
2025-05-13,ATM12,98.39
2025-05-14,ATM12,97.26
2025-05-15,ATM12,100.41
2025-05-16,ATM12,125.34
2025-05-17,ATM12,134.38
2025-05-18,ATM12,129.27
2025-05-19,ATM12,116.1
2025-05-20,ATM12,129.39
2025-05-21,ATM12,126.82
2025-05-22,ATM12,118.15
2025-05-23,ATM12,133.51
2025-05-24,ATM12,122.72
2025-05-25,ATM12,125.78
2025-05-26,ATM12,134.59
2025-05-27,ATM12,152.98
2025-05-28,ATM12,154.09
2025-05-29,ATM12,150.94
2025-05-30,ATM12,152.84
2025-05-31,ATM12,136.26
2025-06-01,ATM12,158.73
2025-06-02,ATM12,159.73
2025-06-03,ATM12,116.09
2025-06-04,ATM12,110.78
2025-06-05,ATM12,134.06
2025-06-06,ATM12,147.2
2025-06-07,ATM12,135.14
2025-06-08,ATM12,143.02
2025-06-09,ATM12,132.59
2025-06-10,ATM12,103.26
2025-06-11,ATM12,102.89
2025-06-12,ATM12,97.33
2025-06-13,ATM12,98.89
2025-06-14,ATM12,125.62
2025-06-15,ATM12,111.61
2025-06-16,ATM12,121.11
2025-06-17,ATM12,115.11
2025-06-18,ATM12,118.48
2025-06-19,ATM12,90.22
2025-06-20,ATM12,100.43
2025-06-21,ATM12,123.6
2025-06-22,ATM12,98.62
2025-06-23,ATM12,111.48
2025-06-24,ATM12,92.16
2025-06-25,ATM12,141.49
2025-06-26,ATM12,175.73
2025-06-27,ATM12,195.31
2025-06-28,ATM12,153.67
2025-06-29,ATM12,165.25
2025-06-30,ATM12,198.37
2025-07-01,ATM12,227.74
2025-07-02,ATM12,192.08
2025-07-03,ATM12,116.25
2025-07-04,ATM12,138.12
2025-07-05,ATM12,169.84
2025-07-06,ATM12,136.38
2025-07-07,ATM12,147.65
2025-07-08,ATM12,118.17
2025-07-09,ATM12,124.99
2025-07-10,ATM12,83.54
2025-07-11,ATM12,96.0
2025-07-12,ATM12,113.54
2025-07-13,ATM12,104.8
2025-07-14,ATM12,95.18
2025-07-15,ATM12,94.56
2025-07-16,ATM12,105.69
2025-07-17,ATM12,106.14
2025-07-18,ATM12,119.45
2025-07-19,ATM12,135.81
2025-07-20,ATM12,113.81
2025-07-21,ATM12,132.29
2025-07-22,ATM12,103.86
2025-07-23,ATM12,131.38
2025-07-24,ATM12,133.51
2025-07-25,ATM12,177.03
2025-07-26,ATM12,174.27
2025-07-27,ATM12,162.69
2025-07-28,ATM12,171.88
2025-07-29,ATM12,176.75
2025-07-30,ATM12,140.12
2025-07-31,ATM12,153.46
2025-08-01,ATM12,133.42
2025-08-02,ATM12,155.28
2025-08-03,ATM12,141.67
2025-08-04,ATM12,114.39
2025-08-05,ATM12,96.74
2025-08-06,ATM12,112.15
2025-08-07,ATM12,136.27
2025-08-08,ATM12,146.28
2025-08-09,ATM12,118.33
2025-08-10,ATM12,87.6
2025-08-11,ATM12,102.23
2025-08-12,ATM12,90.46
2025-08-13,ATM12,101.26
2025-08-14,ATM12,107.21
2025-08-15,ATM12,112.75
2025-08-16,ATM12,148.82
2025-08-17,ATM12,124.63
2025-08-18,ATM12,138.53
2025-08-19,ATM12,130.61
2025-08-20,ATM12,115.69
2025-08-21,ATM12,109.01
2025-08-22,ATM12,115.97
2025-08-23,ATM12,132.99
2025-08-24,ATM12,108.76
2025-08-25,ATM12,188.52
2025-08-26,ATM12,150.23
2025-08-27,ATM12,154.27
2025-08-28,ATM12,148.67
2025-08-29,ATM12,157.71
2025-08-30,ATM12,216.44
2025-08-31,ATM12,166.7
2025-09-01,ATM12,157.01
2025-09-02,ATM12,139.55
2025-09-03,ATM12,117.08
2025-09-04,ATM12,117.75
2025-09-05,ATM12,116.65
2025-09-06,ATM12,125.56
2025-09-07,ATM12,129.46
2025-09-08,ATM12,143.43
2025-09-09,ATM12,127.78
2025-09-10,ATM12,111.25
2025-09-11,ATM12,105.03
2025-09-12,ATM12,111.36
2025-09-13,ATM12,109.37
2025-09-14,ATM12,90.03
2025-09-15,ATM12,94.58
2025-09-16,ATM12,109.61
2025-09-17,ATM12,103.57
2025-09-18,ATM12,101.83
2025-09-19,ATM12,111.44
2025-09-20,ATM12,138.75
2025-09-21,ATM12,107.33
2025-09-22,ATM12,113.96
2025-09-23,ATM12,107.06
2025-09-24,ATM12,108.13
2025-09-25,ATM12,155.04
2025-09-26,ATM12,169.66
2025-09-27,ATM12,191.86
2025-09-28,ATM12,164.9
2025-09-29,ATM12,195.41
2025-09-30,ATM12,166.19
2025-10-01,ATM12,130.46
2025-10-02,ATM12,151.35
2025-10-03,ATM12,139.25
2025-10-04,ATM12,142.74
2025-10-05,ATM12,124.43
2025-10-06,ATM12,99.56
2025-10-07,ATM12,87.14
2025-10-08,ATM12,124.7
2025-10-09,ATM12,114.61
2025-10-10,ATM12,129.14
2025-10-11,ATM12,108.25
2025-10-12,ATM12,94.63
2025-10-13,ATM12,112.4
2025-10-14,ATM12,105.87
2025-10-15,ATM12,113.15
2025-10-16,ATM12,109.72
2025-10-17,ATM12,117.07
2025-10-18,ATM12,114.6
2025-10-19,ATM12,95.49
2025-10-20,ATM12,122.16
2025-10-21,ATM12,132.02
2025-10-22,ATM12,105.03
2025-10-23,ATM12,94.07
2025-10-24,ATM12,107.52
2025-10-25,ATM12,172.68
2025-10-26,ATM12,154.39
2025-10-27,ATM12,165.15
2025-10-28,ATM12,152.24
2025-10-29,ATM12,149.1
2025-10-30,ATM12,195.05
2025-10-31,ATM12,176.08
2025-11-01,ATM12,213.69
2025-11-02,ATM12,203.18
2025-11-03,ATM12,149.51
2025-11-04,ATM12,104.7
2025-11-05,ATM12,113.19
2025-11-06,ATM12,110.39
2025-11-07,ATM12,127.95
2025-11-08,ATM12,121.55
2025-11-09,ATM12,129.16
2025-11-10,ATM12,126.86
2025-11-11,ATM12,128.38
2025-11-12,ATM12,111.34
2025-11-13,ATM12,96.93
2025-11-14,ATM12,117.55
2025-11-15,ATM12,149.83
2025-11-16,ATM12,123.58
2025-11-17,ATM12,123.37
2025-11-18,ATM12,108.57
2025-11-19,ATM12,101.84
2025-11-20,ATM12,112.43
2025-11-21,ATM12,119.44
2025-11-22,ATM12,130.0
2025-11-23,ATM12,121.6
2025-11-24,ATM12,121.02
2025-11-25,ATM12,164.36
2025-11-26,ATM12,142.05
2025-11-27,ATM12,132.13
2025-11-28,ATM12,155.57
2025-11-29,ATM12,168.12
2025-11-30,ATM12,146.62
2025-12-01,ATM12,156.5
2025-12-02,ATM12,164.75
2025-12-03,ATM12,142.33
2025-12-04,ATM12,151.02
2025-12-05,ATM12,126.99
2025-12-06,ATM12,119.62
2025-12-07,ATM12,114.1
2025-12-08,ATM12,121.44
2025-12-09,ATM12,114.55
2025-12-10,ATM12,98.48
2025-12-11,ATM12,99.49
2025-12-12,ATM12,120.47
2025-12-13,ATM12,107.71
2025-12-14,ATM12,136.57
2025-12-15,ATM12,132.68
2025-12-16,ATM12,134.59
2025-12-17,ATM12,115.85
2025-12-18,ATM12,122.95
2025-12-19,ATM12,132.47
2025-12-20,ATM12,149.1
2025-12-21,ATM12,124.64
2025-12-22,ATM12,145.49
2025-12-23,ATM12,106.02
2025-12-24,ATM12,123.07
2025-12-25,ATM12,159.75
2025-12-26,ATM12,162.21
2025-12-27,ATM12,221.6
2025-12-28,ATM12,224.43
2025-12-29,ATM12,153.03
2025-12-30,ATM12,156.73
2025-12-31,ATM12,171.83
2022-01-01,ATM13,179.72
2022-01-02,ATM13,220.93
2022-01-03,ATM13,170.71
2022-01-04,ATM13,138.56
2022-01-05,ATM13,126.26
2022-01-06,ATM13,147.54
2022-01-07,ATM13,139.8
2022-01-08,ATM13,142.54
2022-01-09,ATM13,130.42
2022-01-10,ATM13,124.69
2022-01-11,ATM13,114.99
2022-01-12,ATM13,100.28
2022-01-13,ATM13,123.84
2022-01-14,ATM13,126.69
2022-01-15,ATM13,167.35
2022-01-16,ATM13,139.82
2022-01-17,ATM13,149.65
2022-01-18,ATM13,136.67
2022-01-19,ATM13,144.76
2022-01-20,ATM13,136.87
2022-01-21,ATM13,142.17
2022-01-22,ATM13,159.16
2022-01-23,ATM13,173.76
2022-01-24,ATM13,139.34
2022-01-25,ATM13,188.65
2022-01-26,ATM13,174.14
2022-01-27,ATM13,177.69
2022-01-28,ATM13,188.33
2022-01-29,ATM13,151.99
2022-01-30,ATM13,152.39
2022-01-31,ATM13,181.72
2022-02-01,ATM13,146.19
2022-02-02,ATM13,175.91
2022-02-03,ATM13,137.81
2022-02-04,ATM13,144.79
2022-02-05,ATM13,167.28
2022-02-06,ATM13,155.04
2022-02-07,ATM13,151.97
2022-02-08,ATM13,152.76
2022-02-09,ATM13,143.29
2022-02-10,ATM13,101.44
2022-02-11,ATM13,116.1
2022-02-12,ATM13,105.61
2022-02-13,ATM13,118.11
2022-02-14,ATM13,133.11
2022-02-15,ATM13,134.11
2022-02-16,ATM13,131.01
2022-02-17,ATM13,136.65
2022-02-18,ATM13,116.35
2022-02-19,ATM13,127.39
2022-02-20,ATM13,102.31
2022-02-21,ATM13,108.68
2022-02-22,ATM13,131.83
2022-02-23,ATM13,138.92
2022-02-24,ATM13,135.65
2022-02-25,ATM13,189.25
2022-02-26,ATM13,173.07
2022-02-27,ATM13,168.52
2022-02-28,ATM13,192.39
2022-03-01,ATM13,179.61
2022-03-02,ATM13,143.08
2022-03-03,ATM13,124.44
2022-03-04,ATM13,114.38
2022-03-05,ATM13,148.71
2022-03-06,ATM13,126.36
2022-03-07,ATM13,115.64
2022-03-08,ATM13,132.12
2022-03-09,ATM13,139.54
2022-03-10,ATM13,123.17
2022-03-11,ATM13,168.01
2022-03-12,ATM13,163.04
2022-03-13,ATM13,124.39
2022-03-14,ATM13,130.66
2022-03-15,ATM13,116.14
2022-03-16,ATM13,133.71
2022-03-17,ATM13,127.82
2022-03-18,ATM13,139.96
2022-03-19,ATM13,119.48
2022-03-20,ATM13,116.88
2022-03-21,ATM13,119.24
2022-03-22,ATM13,102.76
2022-03-23,ATM13,107.42
2022-03-24,ATM13,117.81
2022-03-25,ATM13,181.04
2022-03-26,ATM13,161.95
2022-03-27,ATM13,155.42
2022-03-28,ATM13,155.88
2022-03-29,ATM13,159.47
2022-03-30,ATM13,162.92
2022-03-31,ATM13,155.75
2022-04-01,ATM13,167.96
2022-04-02,ATM13,184.22
2022-04-03,ATM13,150.94
2022-04-04,ATM13,147.7
2022-04-05,ATM13,157.59
2022-04-06,ATM13,160.83
2022-04-07,ATM13,168.93
2022-04-08,ATM13,188.22
2022-04-09,ATM13,202.16
2022-04-10,ATM13,123.09
2022-04-11,ATM13,135.6
2022-04-12,ATM13,145.4
2022-04-13,ATM13,158.88
2022-04-14,ATM13,132.08
2022-04-15,ATM13,159.33
2022-04-16,ATM13,165.04
2022-04-17,ATM13,183.76
2022-04-18,ATM13,142.84
2022-04-19,ATM13,131.3
2022-04-20,ATM13,116.77
2022-04-21,ATM13,138.99
2022-04-22,ATM13,212.2
2022-04-23,ATM13,201.73
2022-04-24,ATM13,180.37
2022-04-25,ATM13,266.22
2022-04-26,ATM13,243.28
2022-04-27,ATM13,254.75
2022-04-28,ATM13,263.53
2022-04-29,ATM13,260.73
2022-04-30,ATM13,285.07
2022-05-01,ATM13,277.84
2022-05-02,ATM13,129.96
2022-05-03,ATM13,106.01
2022-05-04,ATM13,103.62
2022-05-05,ATM13,100.44
2022-05-06,ATM13,114.32
2022-05-07,ATM13,104.67
2022-05-08,ATM13,89.15
2022-05-09,ATM13,96.48
2022-05-10,ATM13,76.7
2022-05-11,ATM13,91.89
2022-05-12,ATM13,109.56
2022-05-13,ATM13,110.5
2022-05-14,ATM13,128.8
2022-05-15,ATM13,111.61
2022-05-16,ATM13,106.82
2022-05-17,ATM13,137.12
2022-05-18,ATM13,112.16
2022-05-19,ATM13,99.38
2022-05-20,ATM13,122.61
2022-05-21,ATM13,135.76
2022-05-22,ATM13,132.2
2022-05-23,ATM13,157.9
2022-05-24,ATM13,119.7
2022-05-25,ATM13,154.74
2022-05-26,ATM13,189.89
2022-05-27,ATM13,213.79
2022-05-28,ATM13,222.41
2022-05-29,ATM13,172.97
2022-05-30,ATM13,194.73
2022-05-31,ATM13,188.32
2022-06-01,ATM13,168.57
2022-06-02,ATM13,158.64
2022-06-03,ATM13,143.92
2022-06-04,ATM13,180.71
2022-06-05,ATM13,131.82
2022-06-06,ATM13,123.31
2022-06-07,ATM13,115.85
2022-06-08,ATM13,118.05
2022-06-09,ATM13,124.34
2022-06-10,ATM13,139.82
2022-06-11,ATM13,147.07
2022-06-12,ATM13,128.16
2022-06-13,ATM13,128.77
2022-06-14,ATM13,127.36
2022-06-15,ATM13,100.64
2022-06-16,ATM13,122.54
2022-06-17,ATM13,120.1
2022-06-18,ATM13,124.32
2022-06-19,ATM13,122.53
2022-06-20,ATM13,121.38
2022-06-21,ATM13,122.15
2022-06-22,ATM13,120.69
2022-06-23,ATM13,114.48
2022-06-24,ATM13,150.9
2022-06-25,ATM13,218.9
2022-06-26,ATM13,189.37
2022-06-27,ATM13,193.31
2022-06-28,ATM13,158.93
2022-06-29,ATM13,204.44
2022-06-30,ATM13,159.92
2022-07-01,ATM13,180.61
2022-07-02,ATM13,182.83
2022-07-03,ATM13,130.39
2022-07-04,ATM13,127.41
2022-07-05,ATM13,115.67
2022-07-06,ATM13,140.6
2022-07-07,ATM13,117.98
2022-07-08,ATM13,153.29
2022-07-09,ATM13,166.47
2022-07-10,ATM13,116.49
2022-07-11,ATM13,129.78
2022-07-12,ATM13,117.23
2022-07-13,ATM13,103.31
2022-07-14,ATM13,97.7
2022-07-15,ATM13,127.61
2022-07-16,ATM13,143.29
2022-07-17,ATM13,129.16
2022-07-18,ATM13,120.0
2022-07-19,ATM13,112.75
2022-07-20,ATM13,110.54
2022-07-21,ATM13,93.7
2022-07-22,ATM13,117.29
2022-07-23,ATM13,136.72
2022-07-24,ATM13,124.04
2022-07-25,ATM13,209.21
2022-07-26,ATM13,159.29
2022-07-27,ATM13,149.74
2022-07-28,ATM13,158.92
2022-07-29,ATM13,182.63
2022-07-30,ATM13,153.78
2022-07-31,ATM13,166.89
2022-08-01,ATM13,173.83
2022-08-02,ATM13,129.62
2022-08-03,ATM13,115.91
2022-08-04,ATM13,112.93
2022-08-05,ATM13,128.28
2022-08-06,ATM13,123.43
2022-08-07,ATM13,130.98
2022-08-08,ATM13,162.83
2022-08-09,ATM13,144.7
2022-08-10,ATM13,96.02
2022-08-11,ATM13,109.95
2022-08-12,ATM13,122.51
2022-08-13,ATM13,116.59
2022-08-14,ATM13,119.11
2022-08-15,ATM13,133.02
2022-08-16,ATM13,112.01
2022-08-17,ATM13,90.53
2022-08-18,ATM13,85.1
2022-08-19,ATM13,103.64
2022-08-20,ATM13,119.97
2022-08-21,ATM13,109.64
2022-08-22,ATM13,107.89
2022-08-23,ATM13,116.78
2022-08-24,ATM13,122.41
2022-08-25,ATM13,170.04
2022-08-26,ATM13,200.43
2022-08-27,ATM13,183.82
2022-08-28,ATM13,149.98
2022-08-29,ATM13,152.14
2022-08-30,ATM13,144.36
2022-08-31,ATM13,122.88
2022-09-01,ATM13,134.87
2022-09-02,ATM13,186.38
2022-09-03,ATM13,167.05
2022-09-04,ATM13,151.84
2022-09-05,ATM13,145.39
2022-09-06,ATM13,156.57
2022-09-07,ATM13,125.7
2022-09-08,ATM13,115.07
2022-09-09,ATM13,153.81
2022-09-10,ATM13,138.9
2022-09-11,ATM13,115.09
2022-09-12,ATM13,126.29
2022-09-13,ATM13,112.18
2022-09-14,ATM13,104.16
2022-09-15,ATM13,100.43
2022-09-16,ATM13,124.43
2022-09-17,ATM13,135.48
2022-09-18,ATM13,144.77
2022-09-19,ATM13,127.62
2022-09-20,ATM13,114.34
2022-09-21,ATM13,134.95
2022-09-22,ATM13,138.31
2022-09-23,ATM13,140.92
2022-09-24,ATM13,117.97
2022-09-25,ATM13,147.38
2022-09-26,ATM13,142.31
2022-09-27,ATM13,150.04
2022-09-28,ATM13,148.1
2022-09-29,ATM13,185.72
2022-09-30,ATM13,160.29
2022-10-01,ATM13,157.16
2022-10-02,ATM13,161.88
2022-10-03,ATM13,141.22
2022-10-04,ATM13,99.09
2022-10-05,ATM13,94.95
2022-10-06,ATM13,109.51
2022-10-07,ATM13,154.24
2022-10-08,ATM13,191.05
2022-10-09,ATM13,145.38
2022-10-10,ATM13,123.07
2022-10-11,ATM13,106.09
2022-10-12,ATM13,119.36
2022-10-13,ATM13,138.89
2022-10-14,ATM13,159.49
2022-10-15,ATM13,147.58
2022-10-16,ATM13,116.06
2022-10-17,ATM13,119.34
2022-10-18,ATM13,133.52
2022-10-19,ATM13,118.14
2022-10-20,ATM13,95.69
2022-10-21,ATM13,112.9
2022-10-22,ATM13,122.89
2022-10-23,ATM13,95.92
2022-10-24,ATM13,112.25
2022-10-25,ATM13,165.14
2022-10-26,ATM13,200.56
2022-10-27,ATM13,154.07
2022-10-28,ATM13,189.75
2022-10-29,ATM13,214.2
2022-10-30,ATM13,191.71
2022-10-31,ATM13,160.94
2022-11-01,ATM13,140.42
2022-11-02,ATM13,153.57
2022-11-03,ATM13,127.8
2022-11-04,ATM13,133.87
2022-11-05,ATM13,167.81
2022-11-06,ATM13,137.29
2022-11-07,ATM13,111.1
2022-11-08,ATM13,115.3
2022-11-09,ATM13,129.64
2022-11-10,ATM13,120.17
2022-11-11,ATM13,134.97
2022-11-12,ATM13,161.79
2022-11-13,ATM13,117.29
2022-11-14,ATM13,114.3
2022-11-15,ATM13,133.28
2022-11-16,ATM13,99.32
2022-11-17,ATM13,107.38
2022-11-18,ATM13,141.56
2022-11-19,ATM13,160.27
2022-11-20,ATM13,141.96
2022-11-21,ATM13,140.7
2022-11-22,ATM13,110.1
2022-11-23,ATM13,131.59
2022-11-24,ATM13,107.43
2022-11-25,ATM13,152.73
2022-11-26,ATM13,182.21
2022-11-27,ATM13,159.4
2022-11-28,ATM13,169.2
2022-11-29,ATM13,169.23
2022-11-30,ATM13,200.86
2022-12-01,ATM13,187.13
2022-12-02,ATM13,178.45
2022-12-03,ATM13,161.37
2022-12-04,ATM13,128.59
2022-12-05,ATM13,146.83
2022-12-06,ATM13,134.87
2022-12-07,ATM13,137.85
2022-12-08,ATM13,109.51
2022-12-09,ATM13,103.63
2022-12-10,ATM13,98.15
2022-12-11,ATM13,128.25
2022-12-12,ATM13,109.83
2022-12-13,ATM13,119.67
2022-12-14,ATM13,109.42
2022-12-15,ATM13,118.64
2022-12-16,ATM13,134.21
2022-12-17,ATM13,171.07
2022-12-18,ATM13,151.19
2022-12-19,ATM13,146.03
2022-12-20,ATM13,150.99
2022-12-21,ATM13,126.85
2022-12-22,ATM13,141.43
2022-12-23,ATM13,161.16
2022-12-24,ATM13,170.96
2022-12-25,ATM13,185.29
2022-12-26,ATM13,180.0
2022-12-27,ATM13,157.27
2022-12-28,ATM13,152.5
2022-12-29,ATM13,148.59
2022-12-30,ATM13,186.95
2022-12-31,ATM13,194.44
2023-01-01,ATM13,166.65
2023-01-02,ATM13,182.11
2023-01-03,ATM13,118.71
2023-01-04,ATM13,110.43
2023-01-05,ATM13,117.51
2023-01-06,ATM13,125.77
2023-01-07,ATM13,128.37
2023-01-08,ATM13,153.12
2023-01-09,ATM13,121.29
2023-01-10,ATM13,137.0
2023-01-11,ATM13,128.77
2023-01-12,ATM13,135.21
2023-01-13,ATM13,150.8
2023-01-14,ATM13,154.29
2023-01-15,ATM13,155.68
2023-01-16,ATM13,120.65
2023-01-17,ATM13,113.15
2023-01-18,ATM13,104.2
2023-01-19,ATM13,91.51
2023-01-20,ATM13,106.9
2023-01-21,ATM13,151.72
2023-01-22,ATM13,119.94
2023-01-23,ATM13,153.81
2023-01-24,ATM13,161.5
2023-01-25,ATM13,261.4
2023-01-26,ATM13,247.51
2023-01-27,ATM13,280.54
2023-01-28,ATM13,237.69
2023-01-29,ATM13,194.31
2023-01-30,ATM13,186.6
2023-01-31,ATM13,168.51
2023-02-01,ATM13,167.44
2023-02-02,ATM13,178.4
2023-02-03,ATM13,141.96
2023-02-04,ATM13,128.29
2023-02-05,ATM13,132.16
2023-02-06,ATM13,124.46
2023-02-07,ATM13,116.41
2023-02-08,ATM13,121.41
2023-02-09,ATM13,120.65
2023-02-10,ATM13,139.75
2023-02-11,ATM13,136.72
2023-02-12,ATM13,139.47
2023-02-13,ATM13,132.25
2023-02-14,ATM13,118.76
2023-02-15,ATM13,118.97
2023-02-16,ATM13,101.51
2023-02-17,ATM13,124.97
2023-02-18,ATM13,145.38
2023-02-19,ATM13,140.71
2023-02-20,ATM13,111.85
2023-02-21,ATM13,94.09
2023-02-22,ATM13,99.24
2023-02-23,ATM13,125.57
2023-02-24,ATM13,135.75
2023-02-25,ATM13,176.67
2023-02-26,ATM13,141.26
2023-02-27,ATM13,145.09
2023-02-28,ATM13,138.48
2023-03-01,ATM13,167.06
2023-03-02,ATM13,183.32
2023-03-03,ATM13,134.71
2023-03-04,ATM13,158.33
2023-03-05,ATM13,149.88
2023-03-06,ATM13,124.8
2023-03-07,ATM13,123.16
2023-03-08,ATM13,131.28
2023-03-09,ATM13,132.49
2023-03-10,ATM13,106.84
2023-03-11,ATM13,125.15
2023-03-12,ATM13,126.47
2023-03-13,ATM13,147.13
2023-03-14,ATM13,116.84
2023-03-15,ATM13,109.26
2023-03-16,ATM13,110.01
2023-03-17,ATM13,128.85
2023-03-18,ATM13,135.63
2023-03-19,ATM13,130.66
2023-03-20,ATM13,110.87
2023-03-21,ATM13,115.65
2023-03-22,ATM13,106.42
2023-03-23,ATM13,109.49
2023-03-24,ATM13,150.25
2023-03-25,ATM13,172.6
2023-03-26,ATM13,158.98
2023-03-27,ATM13,143.33
2023-03-28,ATM13,152.07
2023-03-29,ATM13,176.35
2023-03-30,ATM13,171.14
2023-03-31,ATM13,180.83
2023-04-01,ATM13,223.84
2023-04-02,ATM13,199.46
2023-04-03,ATM13,169.29
2023-04-04,ATM13,165.57
2023-04-05,ATM13,114.56
2023-04-06,ATM13,133.83
2023-04-07,ATM13,143.94
2023-04-08,ATM13,155.04
2023-04-09,ATM13,186.18
2023-04-10,ATM13,155.6
2023-04-11,ATM13,186.34
2023-04-12,ATM13,145.52
2023-04-13,ATM13,136.46
2023-04-14,ATM13,181.53
2023-04-15,ATM13,185.09
2023-04-16,ATM13,180.43
2023-04-17,ATM13,179.67
2023-04-18,ATM13,171.55
2023-04-19,ATM13,170.63
2023-04-20,ATM13,181.31
2023-04-21,ATM13,218.8
2023-04-22,ATM13,109.42
2023-04-23,ATM13,86.68
2023-04-24,ATM13,83.98
2023-04-25,ATM13,106.09
2023-04-26,ATM13,129.05
2023-04-27,ATM13,129.37
2023-04-28,ATM13,107.66
2023-04-29,ATM13,104.08
2023-04-30,ATM13,105.87
2023-05-01,ATM13,121.88
2023-05-02,ATM13,132.2
2023-05-03,ATM13,119.21
2023-05-04,ATM13,119.2
2023-05-05,ATM13,159.97
2023-05-06,ATM13,174.23
2023-05-07,ATM13,146.78
2023-05-08,ATM13,159.51
2023-05-09,ATM13,115.68
2023-05-10,ATM13,108.64
2023-05-11,ATM13,113.89
2023-05-12,ATM13,135.33
2023-05-13,ATM13,113.5
2023-05-14,ATM13,109.56
2023-05-15,ATM13,121.04
2023-05-16,ATM13,121.28
2023-05-17,ATM13,134.3
2023-05-18,ATM13,134.18
2023-05-19,ATM13,135.43
2023-05-20,ATM13,147.67
2023-05-21,ATM13,124.13
2023-05-22,ATM13,124.5
2023-05-23,ATM13,127.18
2023-05-24,ATM13,119.81
2023-05-25,ATM13,170.76
2023-05-26,ATM13,203.22
2023-05-27,ATM13,214.15
2023-05-28,ATM13,206.71
2023-05-29,ATM13,239.55
2023-05-30,ATM13,203.36
2023-05-31,ATM13,170.08
2023-06-01,ATM13,165.94
2023-06-02,ATM13,194.46
2023-06-03,ATM13,166.13
2023-06-04,ATM13,167.84
2023-06-05,ATM13,124.06
2023-06-06,ATM13,146.24
2023-06-07,ATM13,167.23
2023-06-08,ATM13,154.26
2023-06-09,ATM13,164.85
2023-06-10,ATM13,138.56
2023-06-11,ATM13,123.37
2023-06-12,ATM13,131.88
2023-06-13,ATM13,128.19
2023-06-14,ATM13,130.76
2023-06-15,ATM13,130.58
2023-06-16,ATM13,148.6
2023-06-17,ATM13,155.81
2023-06-18,ATM13,116.1
2023-06-19,ATM13,130.22
2023-06-20,ATM13,145.83
2023-06-21,ATM13,127.62
2023-06-22,ATM13,142.16
2023-06-23,ATM13,126.43
2023-06-24,ATM13,132.43
2023-06-25,ATM13,157.56
2023-06-26,ATM13,190.9
2023-06-27,ATM13,203.48
2023-06-28,ATM13,176.97
2023-06-29,ATM13,181.56
2023-06-30,ATM13,230.51
2023-07-01,ATM13,208.7
2023-07-02,ATM13,180.88
2023-07-03,ATM13,151.35
2023-07-04,ATM13,123.36
2023-07-05,ATM13,127.86
2023-07-06,ATM13,162.5
2023-07-07,ATM13,149.59
2023-07-08,ATM13,167.51
2023-07-09,ATM13,151.32
2023-07-10,ATM13,124.91
2023-07-11,ATM13,119.5
2023-07-12,ATM13,141.87
2023-07-13,ATM13,134.32
2023-07-14,ATM13,147.35
2023-07-15,ATM13,169.69
2023-07-16,ATM13,130.76
2023-07-17,ATM13,111.67
2023-07-18,ATM13,134.69
2023-07-19,ATM13,125.32
2023-07-20,ATM13,131.85
2023-07-21,ATM13,124.27
2023-07-22,ATM13,137.53
2023-07-23,ATM13,108.84
2023-07-24,ATM13,116.17
2023-07-25,ATM13,147.13
2023-07-26,ATM13,140.33
2023-07-27,ATM13,146.34
2023-07-28,ATM13,132.41
2023-07-29,ATM13,143.6
2023-07-30,ATM13,164.18
2023-07-31,ATM13,173.52
2023-08-01,ATM13,144.53
2023-08-02,ATM13,162.83
2023-08-03,ATM13,117.48
2023-08-04,ATM13,147.81
2023-08-05,ATM13,149.7
2023-08-06,ATM13,130.97
2023-08-07,ATM13,132.09
2023-08-08,ATM13,168.61
2023-08-09,ATM13,133.68
2023-08-10,ATM13,119.83
2023-08-11,ATM13,141.02
2023-08-12,ATM13,125.45
2023-08-13,ATM13,98.83
2023-08-14,ATM13,103.36
2023-08-15,ATM13,116.37
2023-08-16,ATM13,111.28
2023-08-17,ATM13,104.88
2023-08-18,ATM13,137.85
2023-08-19,ATM13,126.3
2023-08-20,ATM13,116.98
2023-08-21,ATM13,100.85
2023-08-22,ATM13,109.65
2023-08-23,ATM13,115.36
2023-08-24,ATM13,125.6
2023-08-25,ATM13,163.11
2023-08-26,ATM13,175.38
2023-08-27,ATM13,143.14
2023-08-28,ATM13,152.76
2023-08-29,ATM13,180.7
2023-08-30,ATM13,163.57
2023-08-31,ATM13,139.41
2023-09-01,ATM13,154.64
2023-09-02,ATM13,146.46
2023-09-03,ATM13,105.38
2023-09-04,ATM13,130.2
2023-09-05,ATM13,107.77
2023-09-06,ATM13,122.92
2023-09-07,ATM13,126.36
2023-09-08,ATM13,132.99
2023-09-09,ATM13,148.16
2023-09-10,ATM13,108.76
2023-09-11,ATM13,126.41
2023-09-12,ATM13,108.48
2023-09-13,ATM13,107.25
2023-09-14,ATM13,105.31
2023-09-15,ATM13,131.66
2023-09-16,ATM13,143.48
2023-09-17,ATM13,93.72
2023-09-18,ATM13,110.82
2023-09-19,ATM13,91.12
2023-09-20,ATM13,99.64
2023-09-21,ATM13,106.42
2023-09-22,ATM13,117.95
2023-09-23,ATM13,135.88
2023-09-24,ATM13,132.07
2023-09-25,ATM13,161.68
2023-09-26,ATM13,144.02
2023-09-27,ATM13,152.33
2023-09-28,ATM13,132.35
2023-09-29,ATM13,154.4
2023-09-30,ATM13,202.58
2023-10-01,ATM13,148.88
2023-10-02,ATM13,153.8
2023-10-03,ATM13,115.37
2023-10-04,ATM13,152.62
2023-10-05,ATM13,130.86
2023-10-06,ATM13,135.82
2023-10-07,ATM13,130.18
2023-10-08,ATM13,127.49
2023-10-09,ATM13,135.66
2023-10-10,ATM13,104.2
2023-10-11,ATM13,122.47
2023-10-12,ATM13,121.71
2023-10-13,ATM13,142.99
2023-10-14,ATM13,135.23
2023-10-15,ATM13,125.01
2023-10-16,ATM13,119.79
2023-10-17,ATM13,134.16
2023-10-18,ATM13,124.65
2023-10-19,ATM13,119.18
2023-10-20,ATM13,122.62
2023-10-21,ATM13,123.6
2023-10-22,ATM13,119.97
2023-10-23,ATM13,131.73
2023-10-24,ATM13,110.61
2023-10-25,ATM13,160.16
2023-10-26,ATM13,163.64
2023-10-27,ATM13,186.15
2023-10-28,ATM13,157.4
2023-10-29,ATM13,141.62
2023-10-30,ATM13,134.28
2023-10-31,ATM13,145.26
2023-11-01,ATM13,138.97
2023-11-02,ATM13,142.43
2023-11-03,ATM13,117.92
2023-11-04,ATM13,130.84
2023-11-05,ATM13,112.75
2023-11-06,ATM13,135.39
2023-11-07,ATM13,135.44
2023-11-08,ATM13,133.69
2023-11-09,ATM13,126.46
2023-11-10,ATM13,100.56
2023-11-11,ATM13,113.73
2023-11-12,ATM13,103.5
2023-11-13,ATM13,115.7
2023-11-14,ATM13,120.4
2023-11-15,ATM13,121.43
2023-11-16,ATM13,135.15
2023-11-17,ATM13,128.15
2023-11-18,ATM13,124.73
2023-11-19,ATM13,131.49
2023-11-20,ATM13,127.7
2023-11-21,ATM13,114.41
2023-11-22,ATM13,140.29
2023-11-23,ATM13,133.73
2023-11-24,ATM13,132.94
2023-11-25,ATM13,176.03
2023-11-26,ATM13,190.7
2023-11-27,ATM13,182.44
2023-11-28,ATM13,166.52
2023-11-29,ATM13,175.71
2023-11-30,ATM13,184.08
2023-12-01,ATM13,200.35
2023-12-02,ATM13,216.24
2023-12-03,ATM13,151.98
2023-12-04,ATM13,151.37
2023-12-05,ATM13,124.6
2023-12-06,ATM13,154.51
2023-12-07,ATM13,121.77
2023-12-08,ATM13,143.29
2023-12-09,ATM13,128.82
2023-12-10,ATM13,111.86
2023-12-11,ATM13,109.45
2023-12-12,ATM13,111.3
2023-12-13,ATM13,117.38
2023-12-14,ATM13,104.23
2023-12-15,ATM13,130.59
2023-12-16,ATM13,163.52
2023-12-17,ATM13,119.61
2023-12-18,ATM13,114.07
2023-12-19,ATM13,128.09
2023-12-20,ATM13,126.7
2023-12-21,ATM13,127.11
2023-12-22,ATM13,154.83
2023-12-23,ATM13,138.77
2023-12-24,ATM13,121.2
2023-12-25,ATM13,156.19
2023-12-26,ATM13,159.05
2023-12-27,ATM13,193.07
2023-12-28,ATM13,150.77
2023-12-29,ATM13,157.64
2023-12-30,ATM13,158.06
2023-12-31,ATM13,191.01
2024-01-01,ATM13,152.99
2024-01-02,ATM13,151.39
2024-01-03,ATM13,104.61
2024-01-04,ATM13,113.65
2024-01-05,ATM13,147.62
2024-01-06,ATM13,155.45
2024-01-07,ATM13,136.13
2024-01-08,ATM13,114.03
2024-01-09,ATM13,114.61
2024-01-10,ATM13,110.59
2024-01-11,ATM13,101.03
2024-01-12,ATM13,128.51
2024-01-13,ATM13,147.08
2024-01-14,ATM13,119.11
2024-01-15,ATM13,129.79
2024-01-16,ATM13,116.91
2024-01-17,ATM13,131.06
2024-01-18,ATM13,152.11
2024-01-19,ATM13,127.44
2024-01-20,ATM13,144.67
2024-01-21,ATM13,144.63
2024-01-22,ATM13,117.52
2024-01-23,ATM13,106.2
2024-01-24,ATM13,103.71
2024-01-25,ATM13,151.01
2024-01-26,ATM13,165.74
2024-01-27,ATM13,176.13
2024-01-28,ATM13,180.6
2024-01-29,ATM13,141.14
2024-01-30,ATM13,132.8
2024-01-31,ATM13,158.44
2024-02-01,ATM13,169.34
2024-02-02,ATM13,161.53
2024-02-03,ATM13,151.37
2024-02-04,ATM13,157.44
2024-02-05,ATM13,143.78
2024-02-06,ATM13,118.0
2024-02-07,ATM13,135.9
2024-02-08,ATM13,158.97
2024-02-09,ATM13,141.51
2024-02-10,ATM13,126.3
2024-02-11,ATM13,135.94
2024-02-12,ATM13,128.75
2024-02-13,ATM13,97.24
2024-02-14,ATM13,111.6
2024-02-15,ATM13,101.54
2024-02-16,ATM13,104.16
2024-02-17,ATM13,100.34
2024-02-18,ATM13,121.08
2024-02-19,ATM13,110.08
2024-02-20,ATM13,113.91
2024-02-21,ATM13,121.63
2024-02-22,ATM13,119.65
2024-02-23,ATM13,133.23
2024-02-24,ATM13,141.34
2024-02-25,ATM13,176.14
2024-02-26,ATM13,158.06
2024-02-27,ATM13,141.62
2024-02-28,ATM13,149.7
2024-02-29,ATM13,153.13
2024-03-01,ATM13,181.75
2024-03-02,ATM13,211.7
2024-03-03,ATM13,148.57
2024-03-04,ATM13,128.76
2024-03-05,ATM13,98.65
2024-03-06,ATM13,104.59
2024-03-07,ATM13,100.79
2024-03-08,ATM13,117.22
2024-03-09,ATM13,139.83
2024-03-10,ATM13,118.26
2024-03-11,ATM13,146.42
2024-03-12,ATM13,131.63
2024-03-13,ATM13,150.21
2024-03-14,ATM13,139.78
2024-03-15,ATM13,155.79
2024-03-16,ATM13,139.76
2024-03-17,ATM13,109.51
2024-03-18,ATM13,109.73
2024-03-19,ATM13,109.47
2024-03-20,ATM13,107.56
2024-03-21,ATM13,103.94
2024-03-22,ATM13,134.12
2024-03-23,ATM13,130.65
2024-03-24,ATM13,109.94
2024-03-25,ATM13,157.62
2024-03-26,ATM13,169.06
2024-03-27,ATM13,166.38
2024-03-28,ATM13,181.89
2024-03-29,ATM13,232.02
2024-03-30,ATM13,261.61
2024-03-31,ATM13,217.1
2024-04-01,ATM13,196.36
2024-04-02,ATM13,195.33
2024-04-03,ATM13,184.68
2024-04-04,ATM13,206.48
2024-04-05,ATM13,228.6
2024-04-06,ATM13,265.84
2024-04-07,ATM13,271.17
2024-04-08,ATM13,226.13
2024-04-09,ATM13,248.27
2024-04-10,ATM13,80.48
2024-04-11,ATM13,87.18
2024-04-12,ATM13,101.61
2024-04-13,ATM13,79.28
2024-04-14,ATM13,70.55
2024-04-15,ATM13,67.93
2024-04-16,ATM13,59.66
2024-04-17,ATM13,81.3
2024-04-18,ATM13,109.33
2024-04-19,ATM13,109.59
2024-04-20,ATM13,127.16
2024-04-21,ATM13,132.73
2024-04-22,ATM13,125.47
2024-04-23,ATM13,115.68
2024-04-24,ATM13,113.69
2024-04-25,ATM13,169.19
2024-04-26,ATM13,199.48
2024-04-27,ATM13,205.58
2024-04-28,ATM13,184.82
2024-04-29,ATM13,174.46
2024-04-30,ATM13,136.3
2024-05-01,ATM13,155.94
2024-05-02,ATM13,140.38
2024-05-03,ATM13,142.65
2024-05-04,ATM13,161.49
2024-05-05,ATM13,123.4
2024-05-06,ATM13,121.01
2024-05-07,ATM13,153.85
2024-05-08,ATM13,137.68
2024-05-09,ATM13,115.53
2024-05-10,ATM13,131.58
2024-05-11,ATM13,123.66
2024-05-12,ATM13,94.36
2024-05-13,ATM13,114.06
2024-05-14,ATM13,100.76
2024-05-15,ATM13,111.74
2024-05-16,ATM13,103.33
2024-05-17,ATM13,130.32
2024-05-18,ATM13,136.77
2024-05-19,ATM13,91.72
2024-05-20,ATM13,110.91
2024-05-21,ATM13,106.59
2024-05-22,ATM13,129.27
2024-05-23,ATM13,126.0
2024-05-24,ATM13,143.24
2024-05-25,ATM13,181.07
2024-05-26,ATM13,152.61
2024-05-27,ATM13,160.44
2024-05-28,ATM13,150.25
2024-05-29,ATM13,179.95
2024-05-30,ATM13,165.63
2024-05-31,ATM13,156.75
2024-06-01,ATM13,151.98
2024-06-02,ATM13,175.06
2024-06-03,ATM13,134.4
2024-06-04,ATM13,124.61
2024-06-05,ATM13,141.89
2024-06-06,ATM13,121.06
2024-06-07,ATM13,107.73
2024-06-08,ATM13,119.18
2024-06-09,ATM13,125.25
2024-06-10,ATM13,113.08
2024-06-11,ATM13,93.47
2024-06-12,ATM13,116.56
2024-06-13,ATM13,117.2
2024-06-14,ATM13,133.13
2024-06-15,ATM13,141.66
2024-06-16,ATM13,107.36
2024-06-17,ATM13,112.07
2024-06-18,ATM13,124.96
2024-06-19,ATM13,134.64
2024-06-20,ATM13,132.96
2024-06-21,ATM13,142.82
2024-06-22,ATM13,115.32
2024-06-23,ATM13,112.69
2024-06-24,ATM13,104.96
2024-06-25,ATM13,172.96
2024-06-26,ATM13,187.31
2024-06-27,ATM13,154.42
2024-06-28,ATM13,172.85
2024-06-29,ATM13,188.1
2024-06-30,ATM13,186.89
2024-07-01,ATM13,146.51
2024-07-02,ATM13,117.62
2024-07-03,ATM13,111.71
2024-07-04,ATM13,90.96
2024-07-05,ATM13,123.21
2024-07-06,ATM13,148.36
2024-07-07,ATM13,154.12
2024-07-08,ATM13,133.4
2024-07-09,ATM13,129.45
2024-07-10,ATM13,123.15
2024-07-11,ATM13,103.64
2024-07-12,ATM13,133.41
2024-07-13,ATM13,139.49
2024-07-14,ATM13,115.01
2024-07-15,ATM13,119.49
2024-07-16,ATM13,111.97
2024-07-17,ATM13,123.12
2024-07-18,ATM13,113.34
2024-07-19,ATM13,128.75
2024-07-20,ATM13,124.39
2024-07-21,ATM13,105.3
2024-07-22,ATM13,115.21
2024-07-23,ATM13,101.33
2024-07-24,ATM13,117.97
2024-07-25,ATM13,172.84
2024-07-26,ATM13,167.93
2024-07-27,ATM13,184.89
2024-07-28,ATM13,154.26
2024-07-29,ATM13,135.39
2024-07-30,ATM13,135.5
2024-07-31,ATM13,147.31
2024-08-01,ATM13,162.88
2024-08-02,ATM13,180.8
2024-08-03,ATM13,165.02
2024-08-04,ATM13,126.64
2024-08-05,ATM13,125.41
2024-08-06,ATM13,148.15
2024-08-07,ATM13,110.27
2024-08-08,ATM13,113.61
2024-08-09,ATM13,118.88
2024-08-10,ATM13,119.47
2024-08-11,ATM13,109.26
2024-08-12,ATM13,122.78
2024-08-13,ATM13,118.33
2024-08-14,ATM13,100.3
2024-08-15,ATM13,100.76
2024-08-16,ATM13,119.05
2024-08-17,ATM13,132.44
2024-08-18,ATM13,160.53
2024-08-19,ATM13,147.6
2024-08-20,ATM13,111.8
2024-08-21,ATM13,111.71
2024-08-22,ATM13,115.09
2024-08-23,ATM13,119.36
2024-08-24,ATM13,135.49
2024-08-25,ATM13,132.23
2024-08-26,ATM13,160.09
2024-08-27,ATM13,148.0
2024-08-28,ATM13,152.22
2024-08-29,ATM13,183.32
2024-08-30,ATM13,163.2
2024-08-31,ATM13,183.62
2024-09-01,ATM13,182.54
2024-09-02,ATM13,177.44
2024-09-03,ATM13,109.41
2024-09-04,ATM13,137.98
2024-09-05,ATM13,128.99
2024-09-06,ATM13,133.58
2024-09-07,ATM13,139.18
2024-09-08,ATM13,125.22
2024-09-09,ATM13,114.04
2024-09-10,ATM13,107.65
2024-09-11,ATM13,103.87
2024-09-12,ATM13,117.51
2024-09-13,ATM13,135.0
2024-09-14,ATM13,162.56
2024-09-15,ATM13,128.55
2024-09-16,ATM13,113.12
2024-09-17,ATM13,94.28
2024-09-18,ATM13,133.0
2024-09-19,ATM13,131.2
2024-09-20,ATM13,124.17
2024-09-21,ATM13,157.71
2024-09-22,ATM13,150.66
2024-09-23,ATM13,114.38
2024-09-24,ATM13,102.51
2024-09-25,ATM13,149.69
2024-09-26,ATM13,137.6
2024-09-27,ATM13,162.97
2024-09-28,ATM13,192.51
2024-09-29,ATM13,146.86
2024-09-30,ATM13,163.01
2024-10-01,ATM13,178.72
2024-10-02,ATM13,175.17
2024-10-03,ATM13,131.79
2024-10-04,ATM13,132.75
2024-10-05,ATM13,157.29
2024-10-06,ATM13,121.18
2024-10-07,ATM13,131.5
2024-10-08,ATM13,126.54
2024-10-09,ATM13,143.64
2024-10-10,ATM13,112.52
2024-10-11,ATM13,118.35
2024-10-12,ATM13,111.72
2024-10-13,ATM13,116.57
2024-10-14,ATM13,112.82
2024-10-15,ATM13,100.64
2024-10-16,ATM13,98.86
2024-10-17,ATM13,113.19
2024-10-18,ATM13,111.01
2024-10-19,ATM13,111.29
2024-10-20,ATM13,122.38
2024-10-21,ATM13,118.62
2024-10-22,ATM13,125.7
2024-10-23,ATM13,114.26
2024-10-24,ATM13,113.85
2024-10-25,ATM13,178.96
2024-10-26,ATM13,216.19
2024-10-27,ATM13,207.67
2024-10-28,ATM13,209.34
2024-10-29,ATM13,164.06
2024-10-30,ATM13,144.64
2024-10-31,ATM13,165.63
2024-11-01,ATM13,208.22
2024-11-02,ATM13,225.76
2024-11-03,ATM13,146.94
2024-11-04,ATM13,151.21
2024-11-05,ATM13,145.79
2024-11-06,ATM13,137.44
2024-11-07,ATM13,134.49
2024-11-08,ATM13,145.67
2024-11-09,ATM13,137.18
2024-11-10,ATM13,107.33
2024-11-11,ATM13,105.39
2024-11-12,ATM13,89.96
2024-11-13,ATM13,103.84
2024-11-14,ATM13,108.55
2024-11-15,ATM13,133.69
2024-11-16,ATM13,155.34
2024-11-17,ATM13,148.99
2024-11-18,ATM13,154.21
2024-11-19,ATM13,117.12
2024-11-20,ATM13,98.32
2024-11-21,ATM13,117.85
2024-11-22,ATM13,148.51
2024-11-23,ATM13,168.22
2024-11-24,ATM13,140.8
2024-11-25,ATM13,144.54
2024-11-26,ATM13,154.86
2024-11-27,ATM13,166.92
2024-11-28,ATM13,186.4
2024-11-29,ATM13,220.77
2024-11-30,ATM13,225.33
2024-12-01,ATM13,171.72
2024-12-02,ATM13,151.09
2024-12-03,ATM13,128.73
2024-12-04,ATM13,117.13
2024-12-05,ATM13,144.05
2024-12-06,ATM13,123.17
2024-12-07,ATM13,147.59
2024-12-08,ATM13,138.71
2024-12-09,ATM13,132.87
2024-12-10,ATM13,102.15
2024-12-11,ATM13,86.24
2024-12-12,ATM13,94.56
2024-12-13,ATM13,109.15
2024-12-14,ATM13,139.43
2024-12-15,ATM13,121.51
2024-12-16,ATM13,131.93
2024-12-17,ATM13,107.35
2024-12-18,ATM13,121.67
2024-12-19,ATM13,95.46
2024-12-20,ATM13,152.35
2024-12-21,ATM13,147.23
2024-12-22,ATM13,96.4
2024-12-23,ATM13,104.51
2024-12-24,ATM13,101.18
2024-12-25,ATM13,139.04
2024-12-26,ATM13,153.36
2024-12-27,ATM13,167.52
2024-12-28,ATM13,171.64
2024-12-29,ATM13,148.78
2024-12-30,ATM13,181.06
2024-12-31,ATM13,195.9
2025-01-01,ATM13,155.67
2025-01-02,ATM13,160.68
2025-01-03,ATM13,124.65
2025-01-04,ATM13,140.45
2025-01-05,ATM13,134.26
2025-01-06,ATM13,130.7
2025-01-07,ATM13,131.27
2025-01-08,ATM13,133.31
2025-01-09,ATM13,115.55
2025-01-10,ATM13,136.9
2025-01-11,ATM13,133.48
2025-01-12,ATM13,144.53
2025-01-13,ATM13,136.19
2025-01-14,ATM13,149.39
2025-01-15,ATM13,146.02
2025-01-16,ATM13,130.21
2025-01-17,ATM13,123.12
2025-01-18,ATM13,120.51
2025-01-19,ATM13,121.72
2025-01-20,ATM13,122.26
2025-01-21,ATM13,107.37
2025-01-22,ATM13,121.19
2025-01-23,ATM13,117.27
2025-01-24,ATM13,139.46
2025-01-25,ATM13,173.14
2025-01-26,ATM13,181.45
2025-01-27,ATM13,183.12
2025-01-28,ATM13,188.59
2025-01-29,ATM13,181.34
2025-01-30,ATM13,170.76
2025-01-31,ATM13,177.92
2025-02-01,ATM13,224.89
2025-02-02,ATM13,177.09
2025-02-03,ATM13,148.89
2025-02-04,ATM13,127.73
2025-02-05,ATM13,103.67
2025-02-06,ATM13,101.19
2025-02-07,ATM13,132.41
2025-02-08,ATM13,154.6
2025-02-09,ATM13,142.9
2025-02-10,ATM13,139.4
2025-02-11,ATM13,126.83
2025-02-12,ATM13,109.41
2025-02-13,ATM13,119.01
2025-02-14,ATM13,130.38
2025-02-15,ATM13,125.34
2025-02-16,ATM13,123.01
2025-02-17,ATM13,121.93
2025-02-18,ATM13,107.01
2025-02-19,ATM13,108.23
2025-02-20,ATM13,129.59
2025-02-21,ATM13,154.77
2025-02-22,ATM13,147.24
2025-02-23,ATM13,126.34
2025-02-24,ATM13,104.48
2025-02-25,ATM13,180.46
2025-02-26,ATM13,188.28
2025-02-27,ATM13,185.99
2025-02-28,ATM13,146.55
2025-03-01,ATM13,170.08
2025-03-02,ATM13,158.94
2025-03-03,ATM13,140.74
2025-03-04,ATM13,123.54
2025-03-05,ATM13,122.13
2025-03-06,ATM13,133.42
2025-03-07,ATM13,131.65
2025-03-08,ATM13,133.96
2025-03-09,ATM13,130.78
2025-03-10,ATM13,140.67
2025-03-11,ATM13,139.12
2025-03-12,ATM13,147.98
2025-03-13,ATM13,138.04
2025-03-14,ATM13,175.46
2025-03-15,ATM13,138.95
2025-03-16,ATM13,170.69
2025-03-17,ATM13,200.79
2025-03-18,ATM13,172.43
2025-03-19,ATM13,173.81
2025-03-20,ATM13,160.4
2025-03-21,ATM13,169.75
2025-03-22,ATM13,168.77
2025-03-23,ATM13,161.2
2025-03-24,ATM13,178.09
2025-03-25,ATM13,246.68
2025-03-26,ATM13,301.62
2025-03-27,ATM13,271.1
2025-03-28,ATM13,242.22
2025-03-29,ATM13,328.72
2025-03-30,ATM13,247.39
2025-03-31,ATM13,100.75
2025-04-01,ATM13,103.91
2025-04-02,ATM13,115.33
2025-04-03,ATM13,76.99
2025-04-04,ATM13,84.7
2025-04-05,ATM13,81.68
2025-04-06,ATM13,90.15
2025-04-07,ATM13,110.24
2025-04-08,ATM13,90.33
2025-04-09,ATM13,110.58
2025-04-10,ATM13,109.96
2025-04-11,ATM13,109.58
2025-04-12,ATM13,96.83
2025-04-13,ATM13,92.06
2025-04-14,ATM13,101.01
2025-04-15,ATM13,124.4
2025-04-16,ATM13,116.48
2025-04-17,ATM13,102.55
2025-04-18,ATM13,121.53
2025-04-19,ATM13,112.09
2025-04-20,ATM13,117.41
2025-04-21,ATM13,106.2
2025-04-22,ATM13,97.98
2025-04-23,ATM13,110.45
2025-04-24,ATM13,135.59
2025-04-25,ATM13,241.69
2025-04-26,ATM13,188.99
2025-04-27,ATM13,158.15
2025-04-28,ATM13,172.18
2025-04-29,ATM13,182.61
2025-04-30,ATM13,132.99
2025-05-01,ATM13,140.32
2025-05-02,ATM13,160.67
2025-05-03,ATM13,114.14
2025-05-04,ATM13,102.75
2025-05-05,ATM13,111.33
2025-05-06,ATM13,117.48
2025-05-07,ATM13,136.71
2025-05-08,ATM13,136.21
2025-05-09,ATM13,160.43
2025-05-10,ATM13,139.54
2025-05-11,ATM13,113.28
2025-05-12,ATM13,114.0
2025-05-13,ATM13,119.64
2025-05-14,ATM13,129.85
2025-05-15,ATM13,118.31
2025-05-16,ATM13,115.08
2025-05-17,ATM13,130.81
2025-05-18,ATM13,125.31
2025-05-19,ATM13,139.4
2025-05-20,ATM13,112.59
2025-05-21,ATM13,104.78
2025-05-22,ATM13,118.65
2025-05-23,ATM13,122.02
2025-05-24,ATM13,123.17
2025-05-25,ATM13,185.95
2025-05-26,ATM13,150.43
2025-05-27,ATM13,189.39
2025-05-28,ATM13,160.28
2025-05-29,ATM13,174.96
2025-05-30,ATM13,180.68
2025-05-31,ATM13,191.43
2025-06-01,ATM13,156.68
2025-06-02,ATM13,182.08
2025-06-03,ATM13,126.73
2025-06-04,ATM13,118.83
2025-06-05,ATM13,150.08
2025-06-06,ATM13,143.86
2025-06-07,ATM13,140.9
2025-06-08,ATM13,111.02
2025-06-09,ATM13,150.58
2025-06-10,ATM13,112.29
2025-06-11,ATM13,141.27
2025-06-12,ATM13,130.45
2025-06-13,ATM13,135.24
2025-06-14,ATM13,138.07
2025-06-15,ATM13,155.37
2025-06-16,ATM13,105.32
2025-06-17,ATM13,109.44
2025-06-18,ATM13,108.09
2025-06-19,ATM13,108.11
2025-06-20,ATM13,124.35
2025-06-21,ATM13,126.71
2025-06-22,ATM13,119.59
2025-06-23,ATM13,118.82
2025-06-24,ATM13,97.66
2025-06-25,ATM13,154.35
2025-06-26,ATM13,169.12
2025-06-27,ATM13,169.59
2025-06-28,ATM13,221.68
2025-06-29,ATM13,209.96
2025-06-30,ATM13,202.61
2025-07-01,ATM13,189.16
2025-07-02,ATM13,171.84
2025-07-03,ATM13,148.78
2025-07-04,ATM13,178.63
2025-07-05,ATM13,178.6
2025-07-06,ATM13,136.62
2025-07-07,ATM13,134.01
2025-07-08,ATM13,135.01
2025-07-09,ATM13,142.71
2025-07-10,ATM13,118.13
2025-07-11,ATM13,119.57
2025-07-12,ATM13,152.55
2025-07-13,ATM13,113.14
2025-07-14,ATM13,104.73
2025-07-15,ATM13,92.1
2025-07-16,ATM13,92.79
2025-07-17,ATM13,118.47
2025-07-18,ATM13,146.7
2025-07-19,ATM13,139.35
2025-07-20,ATM13,129.07
2025-07-21,ATM13,123.1
2025-07-22,ATM13,100.52
2025-07-23,ATM13,136.65
2025-07-24,ATM13,142.99
2025-07-25,ATM13,201.84
2025-07-26,ATM13,177.6
2025-07-27,ATM13,159.99
2025-07-28,ATM13,151.34
2025-07-29,ATM13,152.96
2025-07-30,ATM13,160.99
2025-07-31,ATM13,153.35
2025-08-01,ATM13,146.72
2025-08-02,ATM13,213.7
2025-08-03,ATM13,146.35
2025-08-04,ATM13,145.91
2025-08-05,ATM13,125.67
2025-08-06,ATM13,106.08
2025-08-07,ATM13,115.65
2025-08-08,ATM13,129.43
2025-08-09,ATM13,152.75
2025-08-10,ATM13,133.68
2025-08-11,ATM13,136.15
2025-08-12,ATM13,133.65
2025-08-13,ATM13,148.37
2025-08-14,ATM13,133.11
2025-08-15,ATM13,151.47
2025-08-16,ATM13,150.42
2025-08-17,ATM13,97.46
2025-08-18,ATM13,109.22
2025-08-19,ATM13,98.67
2025-08-20,ATM13,108.86
2025-08-21,ATM13,101.68
2025-08-22,ATM13,127.08
2025-08-23,ATM13,146.63
2025-08-24,ATM13,142.67
2025-08-25,ATM13,215.57
2025-08-26,ATM13,147.5
2025-08-27,ATM13,134.1
2025-08-28,ATM13,202.29
2025-08-29,ATM13,217.84
2025-08-30,ATM13,206.89
2025-08-31,ATM13,176.19
2025-09-01,ATM13,169.42
2025-09-02,ATM13,128.63
2025-09-03,ATM13,105.71
2025-09-04,ATM13,115.06
2025-09-05,ATM13,123.62
2025-09-06,ATM13,129.72
2025-09-07,ATM13,166.76
2025-09-08,ATM13,143.07
2025-09-09,ATM13,134.48
2025-09-10,ATM13,119.02
2025-09-11,ATM13,123.17
2025-09-12,ATM13,122.93
2025-09-13,ATM13,148.7
2025-09-14,ATM13,132.02
2025-09-15,ATM13,107.97
2025-09-16,ATM13,106.68
2025-09-17,ATM13,107.81
2025-09-18,ATM13,107.78
2025-09-19,ATM13,129.03
2025-09-20,ATM13,142.06
2025-09-21,ATM13,130.36
2025-09-22,ATM13,128.38
2025-09-23,ATM13,117.79
2025-09-24,ATM13,90.67
2025-09-25,ATM13,155.72
2025-09-26,ATM13,182.78
2025-09-27,ATM13,167.3
2025-09-28,ATM13,164.5
2025-09-29,ATM13,177.43
2025-09-30,ATM13,184.73
2025-10-01,ATM13,179.0
2025-10-02,ATM13,172.86
2025-10-03,ATM13,161.16
2025-10-04,ATM13,150.65
2025-10-05,ATM13,140.8
2025-10-06,ATM13,127.25
2025-10-07,ATM13,139.74
2025-10-08,ATM13,110.58
2025-10-09,ATM13,129.98
2025-10-10,ATM13,126.33
2025-10-11,ATM13,145.89
2025-10-12,ATM13,114.35
2025-10-13,ATM13,117.72
2025-10-14,ATM13,112.94
2025-10-15,ATM13,118.19
2025-10-16,ATM13,102.49
2025-10-17,ATM13,127.86
2025-10-18,ATM13,107.65
2025-10-19,ATM13,100.97
2025-10-20,ATM13,92.8
2025-10-21,ATM13,110.4
2025-10-22,ATM13,116.54
2025-10-23,ATM13,120.15
2025-10-24,ATM13,150.57
2025-10-25,ATM13,191.93
2025-10-26,ATM13,181.36
2025-10-27,ATM13,173.83
2025-10-28,ATM13,159.32
2025-10-29,ATM13,182.73
2025-10-30,ATM13,211.65
2025-10-31,ATM13,189.55
2025-11-01,ATM13,207.62
2025-11-02,ATM13,181.96
2025-11-03,ATM13,143.38
2025-11-04,ATM13,134.04
2025-11-05,ATM13,124.84
2025-11-06,ATM13,84.55
2025-11-07,ATM13,137.72
2025-11-08,ATM13,134.42
2025-11-09,ATM13,124.42
2025-11-10,ATM13,112.25
2025-11-11,ATM13,100.7
2025-11-12,ATM13,109.83
2025-11-13,ATM13,110.69
2025-11-14,ATM13,114.02
2025-11-15,ATM13,127.28
2025-11-16,ATM13,116.7
2025-11-17,ATM13,130.2
2025-11-18,ATM13,101.25
2025-11-19,ATM13,98.13
2025-11-20,ATM13,114.5
2025-11-21,ATM13,116.74
2025-11-22,ATM13,114.56
2025-11-23,ATM13,104.67
2025-11-24,ATM13,110.71
2025-11-25,ATM13,151.06
2025-11-26,ATM13,150.93
2025-11-27,ATM13,137.88
2025-11-28,ATM13,178.38
2025-11-29,ATM13,213.17
2025-11-30,ATM13,144.03
2025-12-01,ATM13,131.06
2025-12-02,ATM13,158.09
2025-12-03,ATM13,149.87
2025-12-04,ATM13,107.69
2025-12-05,ATM13,141.82
2025-12-06,ATM13,175.98
2025-12-07,ATM13,131.13
2025-12-08,ATM13,156.85
2025-12-09,ATM13,133.12
2025-12-10,ATM13,119.26
2025-12-11,ATM13,106.61
2025-12-12,ATM13,135.36
2025-12-13,ATM13,148.2
2025-12-14,ATM13,151.57
2025-12-15,ATM13,167.29
2025-12-16,ATM13,136.82
2025-12-17,ATM13,180.23
2025-12-18,ATM13,168.15
2025-12-19,ATM13,164.78
2025-12-20,ATM13,138.08
2025-12-21,ATM13,107.06
2025-12-22,ATM13,100.6
2025-12-23,ATM13,98.3
2025-12-24,ATM13,128.37
2025-12-25,ATM13,174.56
2025-12-26,ATM13,181.73
2025-12-27,ATM13,190.87
2025-12-28,ATM13,171.4
2025-12-29,ATM13,191.48
2025-12-30,ATM13,158.96
2025-12-31,ATM13,171.25
2022-01-01,ATM14,211.97
2022-01-02,ATM14,263.94
2022-01-03,ATM14,208.93
2022-01-04,ATM14,222.22
2022-01-05,ATM14,218.89
2022-01-06,ATM14,237.91
2022-01-07,ATM14,243.06
2022-01-08,ATM14,222.93
2022-01-09,ATM14,320.29
2022-01-10,ATM14,220.92
2022-01-11,ATM14,210.42
2022-01-12,ATM14,189.96
2022-01-13,ATM14,279.83
2022-01-14,ATM14,333.01
2022-01-15,ATM14,236.37
2022-01-16,ATM14,220.68
2022-01-17,ATM14,196.33
2022-01-18,ATM14,208.2
2022-01-19,ATM14,177.31
2022-01-20,ATM14,174.22
2022-01-21,ATM14,234.85
2022-01-22,ATM14,198.59
2022-01-23,ATM14,243.37
2022-01-24,ATM14,217.75
2022-01-25,ATM14,255.54
2022-01-26,ATM14,221.72
2022-01-27,ATM14,257.88
2022-01-28,ATM14,309.28
2022-01-29,ATM14,255.39
2022-01-30,ATM14,321.26
2022-01-31,ATM14,265.82
2022-02-01,ATM14,198.41
2022-02-02,ATM14,189.32
2022-02-03,ATM14,163.04
2022-02-04,ATM14,228.55
2022-02-05,ATM14,195.49
2022-02-06,ATM14,210.44
2022-02-07,ATM14,199.02
2022-02-08,ATM14,233.34
2022-02-09,ATM14,244.15
2022-02-10,ATM14,198.39
2022-02-11,ATM14,236.49
2022-02-12,ATM14,204.9
2022-02-13,ATM14,220.54
2022-02-14,ATM14,199.65
2022-02-15,ATM14,185.73
2022-02-16,ATM14,220.06
2022-02-17,ATM14,252.5
2022-02-18,ATM14,255.08
2022-02-19,ATM14,213.14
2022-02-20,ATM14,240.19
2022-02-21,ATM14,202.83
2022-02-22,ATM14,187.79
2022-02-23,ATM14,170.58
2022-02-24,ATM14,224.56
2022-02-25,ATM14,357.68
2022-02-26,ATM14,243.35
2022-02-27,ATM14,256.37
2022-02-28,ATM14,282.84
2022-03-01,ATM14,278.01
2022-03-02,ATM14,223.29
2022-03-03,ATM14,215.21
2022-03-04,ATM14,261.66
2022-03-05,ATM14,192.67
2022-03-06,ATM14,245.21
2022-03-07,ATM14,216.72
2022-03-08,ATM14,192.74
2022-03-09,ATM14,200.7
2022-03-10,ATM14,176.72
2022-03-11,ATM14,187.51
2022-03-12,ATM14,194.8
2022-03-13,ATM14,212.37
2022-03-14,ATM14,270.67
2022-03-15,ATM14,273.93
2022-03-16,ATM14,219.33
2022-03-17,ATM14,285.65
2022-03-18,ATM14,323.32
2022-03-19,ATM14,209.46
2022-03-20,ATM14,179.07
2022-03-21,ATM14,213.66
2022-03-22,ATM14,198.81
2022-03-23,ATM14,210.38
2022-03-24,ATM14,211.23
2022-03-25,ATM14,258.01
2022-03-26,ATM14,209.19
2022-03-27,ATM14,277.33
2022-03-28,ATM14,250.34
2022-03-29,ATM14,220.7
2022-03-30,ATM14,192.02
2022-03-31,ATM14,226.62
2022-04-01,ATM14,250.8
2022-04-02,ATM14,239.34
2022-04-03,ATM14,228.37
2022-04-04,ATM14,218.89
2022-04-05,ATM14,260.03
2022-04-06,ATM14,223.97
2022-04-07,ATM14,217.19
2022-04-08,ATM14,281.18
2022-04-09,ATM14,177.44
2022-04-10,ATM14,247.91
2022-04-11,ATM14,262.02
2022-04-12,ATM14,238.89
2022-04-13,ATM14,158.13
2022-04-14,ATM14,197.32
2022-04-15,ATM14,231.55
2022-04-16,ATM14,239.14
2022-04-17,ATM14,313.37
2022-04-18,ATM14,297.44
2022-04-19,ATM14,227.93
2022-04-20,ATM14,287.79
2022-04-21,ATM14,280.41
2022-04-22,ATM14,412.43
2022-04-23,ATM14,305.27
2022-04-24,ATM14,355.84
2022-04-25,ATM14,355.86
2022-04-26,ATM14,382.95
2022-04-27,ATM14,382.96
2022-04-28,ATM14,446.16
2022-04-29,ATM14,492.23
2022-04-30,ATM14,369.48
2022-05-01,ATM14,407.15
2022-05-02,ATM14,322.07
2022-05-03,ATM14,265.54
2022-05-04,ATM14,268.18
2022-05-05,ATM14,217.12
2022-05-06,ATM14,310.43
2022-05-07,ATM14,207.62
2022-05-08,ATM14,262.02
2022-05-09,ATM14,251.53
2022-05-10,ATM14,187.42
2022-05-11,ATM14,211.28
2022-05-12,ATM14,282.78
2022-05-13,ATM14,285.38
2022-05-14,ATM14,232.95
2022-05-15,ATM14,322.41
2022-05-16,ATM14,280.03
2022-05-17,ATM14,207.42
2022-05-18,ATM14,208.86
2022-05-19,ATM14,226.51
2022-05-20,ATM14,305.91
2022-05-21,ATM14,249.28
2022-05-22,ATM14,188.65
2022-05-23,ATM14,183.53
2022-05-24,ATM14,182.59
2022-05-25,ATM14,197.49
2022-05-26,ATM14,150.5
2022-05-27,ATM14,216.59
2022-05-28,ATM14,201.45
2022-05-29,ATM14,236.79
2022-05-30,ATM14,216.03
2022-05-31,ATM14,214.68
2022-06-01,ATM14,208.32
2022-06-02,ATM14,230.5
2022-06-03,ATM14,300.12
2022-06-04,ATM14,222.69
2022-06-05,ATM14,226.08
2022-06-06,ATM14,197.81
2022-06-07,ATM14,190.23
2022-06-08,ATM14,226.21
2022-06-09,ATM14,208.01
2022-06-10,ATM14,262.72
2022-06-11,ATM14,205.43
2022-06-12,ATM14,291.46
2022-06-13,ATM14,255.54
2022-06-14,ATM14,197.4
2022-06-15,ATM14,215.26
2022-06-16,ATM14,236.44
2022-06-17,ATM14,254.36
2022-06-18,ATM14,176.17
2022-06-19,ATM14,231.56
2022-06-20,ATM14,222.14
2022-06-21,ATM14,169.28
2022-06-22,ATM14,190.39
2022-06-23,ATM14,191.54
2022-06-24,ATM14,204.44
2022-06-25,ATM14,200.66
2022-06-26,ATM14,287.67
2022-06-27,ATM14,299.8
2022-06-28,ATM14,274.16
2022-06-29,ATM14,255.67
2022-06-30,ATM14,270.32
2022-07-01,ATM14,307.7
2022-07-02,ATM14,208.36
2022-07-03,ATM14,208.86
2022-07-04,ATM14,201.56
2022-07-05,ATM14,228.55
2022-07-06,ATM14,244.1
2022-07-07,ATM14,208.75
2022-07-08,ATM14,258.42
2022-07-09,ATM14,197.3
2022-07-10,ATM14,198.89
2022-07-11,ATM14,203.26
2022-07-12,ATM14,223.9
2022-07-13,ATM14,209.13
2022-07-14,ATM14,219.05
2022-07-15,ATM14,262.49
2022-07-16,ATM14,180.94
2022-07-17,ATM14,223.04
2022-07-18,ATM14,243.19
2022-07-19,ATM14,244.36
2022-07-20,ATM14,192.01
2022-07-21,ATM14,174.07
2022-07-22,ATM14,232.37
2022-07-23,ATM14,216.53
2022-07-24,ATM14,248.43
2022-07-25,ATM14,281.32
2022-07-26,ATM14,206.2
2022-07-27,ATM14,204.52
2022-07-28,ATM14,179.39
2022-07-29,ATM14,248.55
2022-07-30,ATM14,168.04
2022-07-31,ATM14,266.23
2022-08-01,ATM14,299.86
2022-08-02,ATM14,250.14
2022-08-03,ATM14,182.69
2022-08-04,ATM14,214.52
2022-08-05,ATM14,318.3
2022-08-06,ATM14,238.09
2022-08-07,ATM14,290.51
2022-08-08,ATM14,236.25
2022-08-09,ATM14,190.6
2022-08-10,ATM14,189.14
2022-08-11,ATM14,165.0
2022-08-12,ATM14,288.47
2022-08-13,ATM14,214.13
2022-08-14,ATM14,260.89
2022-08-15,ATM14,220.14
2022-08-16,ATM14,167.28
2022-08-17,ATM14,192.91
2022-08-18,ATM14,190.54
2022-08-19,ATM14,249.16
2022-08-20,ATM14,207.14
2022-08-21,ATM14,235.41
2022-08-22,ATM14,202.73
2022-08-23,ATM14,187.77
2022-08-24,ATM14,173.75
2022-08-25,ATM14,246.46
2022-08-26,ATM14,309.4
2022-08-27,ATM14,234.16
2022-08-28,ATM14,250.16
2022-08-29,ATM14,309.07
2022-08-30,ATM14,215.83
2022-08-31,ATM14,187.01
2022-09-01,ATM14,216.75
2022-09-02,ATM14,266.39
2022-09-03,ATM14,224.84
2022-09-04,ATM14,266.17
2022-09-05,ATM14,239.76
2022-09-06,ATM14,222.56
2022-09-07,ATM14,224.67
2022-09-08,ATM14,283.85
2022-09-09,ATM14,301.66
2022-09-10,ATM14,195.22
2022-09-11,ATM14,231.94
2022-09-12,ATM14,164.28
2022-09-13,ATM14,172.71
2022-09-14,ATM14,209.12
2022-09-15,ATM14,227.28
2022-09-16,ATM14,267.58
2022-09-17,ATM14,218.26
2022-09-18,ATM14,269.24
2022-09-19,ATM14,273.94
2022-09-20,ATM14,229.04
2022-09-21,ATM14,203.22
2022-09-22,ATM14,162.71
2022-09-23,ATM14,247.93
2022-09-24,ATM14,207.69
2022-09-25,ATM14,272.55
2022-09-26,ATM14,235.61
2022-09-27,ATM14,244.52
2022-09-28,ATM14,227.34
2022-09-29,ATM14,237.32
2022-09-30,ATM14,283.01
2022-10-01,ATM14,236.19
2022-10-02,ATM14,234.88
2022-10-03,ATM14,229.63
2022-10-04,ATM14,190.37
2022-10-05,ATM14,183.71
2022-10-06,ATM14,226.19
2022-10-07,ATM14,236.83
2022-10-08,ATM14,216.78
2022-10-09,ATM14,245.84
2022-10-10,ATM14,183.51
2022-10-11,ATM14,211.16
2022-10-12,ATM14,209.51
2022-10-13,ATM14,221.78
2022-10-14,ATM14,285.39
2022-10-15,ATM14,246.1
2022-10-16,ATM14,256.7
2022-10-17,ATM14,244.71
2022-10-18,ATM14,215.35
2022-10-19,ATM14,196.6
2022-10-20,ATM14,173.28
2022-10-21,ATM14,233.94
2022-10-22,ATM14,221.94
2022-10-23,ATM14,255.4
2022-10-24,ATM14,202.73
2022-10-25,ATM14,246.32
2022-10-26,ATM14,226.23
2022-10-27,ATM14,188.36
2022-10-28,ATM14,286.34
2022-10-29,ATM14,203.15
2022-10-30,ATM14,302.17
2022-10-31,ATM14,301.11
2022-11-01,ATM14,238.73
2022-11-02,ATM14,242.6
2022-11-03,ATM14,290.09
2022-11-04,ATM14,329.07
2022-11-05,ATM14,233.56
2022-11-06,ATM14,344.62
2022-11-07,ATM14,270.43
2022-11-08,ATM14,235.75
2022-11-09,ATM14,196.17
2022-11-10,ATM14,167.7
2022-11-11,ATM14,217.71
2022-11-12,ATM14,185.07
2022-11-13,ATM14,228.45
2022-11-14,ATM14,185.13
2022-11-15,ATM14,195.6
2022-11-16,ATM14,178.0
2022-11-17,ATM14,210.36
2022-11-18,ATM14,275.63
2022-11-19,ATM14,196.08
2022-11-20,ATM14,203.25
2022-11-21,ATM14,243.19
2022-11-22,ATM14,226.23
2022-11-23,ATM14,211.59
2022-11-24,ATM14,249.78
2022-11-25,ATM14,311.62
2022-11-26,ATM14,218.17
2022-11-27,ATM14,229.19
2022-11-28,ATM14,231.02
2022-11-29,ATM14,235.94
2022-11-30,ATM14,266.66
2022-12-01,ATM14,255.18
2022-12-02,ATM14,334.35
2022-12-03,ATM14,213.85
2022-12-04,ATM14,220.63
2022-12-05,ATM14,188.72
2022-12-06,ATM14,177.45
2022-12-07,ATM14,166.02
2022-12-08,ATM14,243.21
2022-12-09,ATM14,284.91
2022-12-10,ATM14,201.3
2022-12-11,ATM14,275.84
2022-12-12,ATM14,203.64
2022-12-13,ATM14,186.56
2022-12-14,ATM14,237.29
2022-12-15,ATM14,237.44
2022-12-16,ATM14,357.7
2022-12-17,ATM14,261.29
2022-12-18,ATM14,308.94
2022-12-19,ATM14,298.62
2022-12-20,ATM14,234.62
2022-12-21,ATM14,208.61
2022-12-22,ATM14,216.99
2022-12-23,ATM14,235.29
2022-12-24,ATM14,196.93
2022-12-25,ATM14,243.61
2022-12-26,ATM14,315.73
2022-12-27,ATM14,277.1
2022-12-28,ATM14,332.03
2022-12-29,ATM14,230.53
2022-12-30,ATM14,254.42
2022-12-31,ATM14,213.24
2023-01-01,ATM14,258.67
2023-01-02,ATM14,254.95
2023-01-03,ATM14,174.64
2023-01-04,ATM14,184.02
2023-01-05,ATM14,178.57
2023-01-06,ATM14,202.16
2023-01-07,ATM14,226.4
2023-01-08,ATM14,236.6
2023-01-09,ATM14,228.45
2023-01-10,ATM14,193.07
2023-01-11,ATM14,187.66
2023-01-12,ATM14,182.77
2023-01-13,ATM14,224.49
2023-01-14,ATM14,192.84
2023-01-15,ATM14,260.88
2023-01-16,ATM14,253.57
2023-01-17,ATM14,182.24
2023-01-18,ATM14,209.44
2023-01-19,ATM14,221.81
2023-01-20,ATM14,236.45
2023-01-21,ATM14,193.94
2023-01-22,ATM14,214.33
2023-01-23,ATM14,220.29
2023-01-24,ATM14,206.09
2023-01-25,ATM14,207.53
2023-01-26,ATM14,281.7
2023-01-27,ATM14,246.18
2023-01-28,ATM14,222.62
2023-01-29,ATM14,267.36
2023-01-30,ATM14,267.42
2023-01-31,ATM14,212.95
2023-02-01,ATM14,247.16
2023-02-02,ATM14,241.72
2023-02-03,ATM14,226.46
2023-02-04,ATM14,169.12
2023-02-05,ATM14,218.12
2023-02-06,ATM14,180.84
2023-02-07,ATM14,223.11
2023-02-08,ATM14,236.16
2023-02-09,ATM14,277.78
2023-02-10,ATM14,331.44
2023-02-11,ATM14,212.49
2023-02-12,ATM14,211.36
2023-02-13,ATM14,154.42
2023-02-14,ATM14,159.02
2023-02-15,ATM14,214.03
2023-02-16,ATM14,193.59
2023-02-17,ATM14,232.22
2023-02-18,ATM14,176.95
2023-02-19,ATM14,223.07
2023-02-20,ATM14,244.53
2023-02-21,ATM14,172.54
2023-02-22,ATM14,157.55
2023-02-23,ATM14,217.42
2023-02-24,ATM14,271.25
2023-02-25,ATM14,225.3
2023-02-26,ATM14,310.74
2023-02-27,ATM14,228.86
2023-02-28,ATM14,237.19
2023-03-01,ATM14,225.87
2023-03-02,ATM14,250.48
2023-03-03,ATM14,201.14
2023-03-04,ATM14,175.31
2023-03-05,ATM14,236.52
2023-03-06,ATM14,221.46
2023-03-07,ATM14,229.62
2023-03-08,ATM14,243.22
2023-03-09,ATM14,206.69
2023-03-10,ATM14,262.23
2023-03-11,ATM14,177.78
2023-03-12,ATM14,215.38
2023-03-13,ATM14,224.17
2023-03-14,ATM14,178.95
2023-03-15,ATM14,202.17
2023-03-16,ATM14,195.02
2023-03-17,ATM14,223.12
2023-03-18,ATM14,199.17
2023-03-19,ATM14,205.42
2023-03-20,ATM14,185.07
2023-03-21,ATM14,201.67
2023-03-22,ATM14,197.88
2023-03-23,ATM14,173.89
2023-03-24,ATM14,248.02
2023-03-25,ATM14,212.4
2023-03-26,ATM14,214.4
2023-03-27,ATM14,170.38
2023-03-28,ATM14,206.55
2023-03-29,ATM14,194.05
2023-03-30,ATM14,190.38
2023-03-31,ATM14,272.26
2023-04-01,ATM14,243.75
2023-04-02,ATM14,253.75
2023-04-03,ATM14,256.29
2023-04-04,ATM14,285.21
2023-04-05,ATM14,293.25
2023-04-06,ATM14,311.06
2023-04-07,ATM14,344.22
2023-04-08,ATM14,244.58
2023-04-09,ATM14,284.77
2023-04-10,ATM14,278.52
2023-04-11,ATM14,217.97
2023-04-12,ATM14,217.8
2023-04-13,ATM14,215.44
2023-04-14,ATM14,305.01
2023-04-15,ATM14,258.42
2023-04-16,ATM14,287.37
2023-04-17,ATM14,319.88
2023-04-18,ATM14,255.06
2023-04-19,ATM14,252.93
2023-04-20,ATM14,314.73
2023-04-21,ATM14,417.7
2023-04-22,ATM14,189.65
2023-04-23,ATM14,229.59
2023-04-24,ATM14,222.27
2023-04-25,ATM14,236.6
2023-04-26,ATM14,248.16
2023-04-27,ATM14,279.38
2023-04-28,ATM14,336.41
2023-04-29,ATM14,261.09
2023-04-30,ATM14,255.81
2023-05-01,ATM14,237.26
2023-05-02,ATM14,248.91
2023-05-03,ATM14,231.79
2023-05-04,ATM14,209.16
2023-05-05,ATM14,277.47
2023-05-06,ATM14,177.89
2023-05-07,ATM14,208.23
2023-05-08,ATM14,203.16
2023-05-09,ATM14,166.52
2023-05-10,ATM14,169.6
2023-05-11,ATM14,194.23
2023-05-12,ATM14,193.25
2023-05-13,ATM14,164.58
2023-05-14,ATM14,169.67
2023-05-15,ATM14,233.2
2023-05-16,ATM14,203.28
2023-05-17,ATM14,197.99
2023-05-18,ATM14,208.35
2023-05-19,ATM14,260.42
2023-05-20,ATM14,218.77
2023-05-21,ATM14,196.7
2023-05-22,ATM14,229.83
2023-05-23,ATM14,226.12
2023-05-24,ATM14,203.23
2023-05-25,ATM14,233.12
2023-05-26,ATM14,196.62
2023-05-27,ATM14,162.94
2023-05-28,ATM14,233.78
2023-05-29,ATM14,264.88
2023-05-30,ATM14,245.75
2023-05-31,ATM14,227.48
2023-06-01,ATM14,259.38
2023-06-02,ATM14,339.68
2023-06-03,ATM14,207.8
2023-06-04,ATM14,296.93
2023-06-05,ATM14,217.23
2023-06-06,ATM14,167.29
2023-06-07,ATM14,174.64
2023-06-08,ATM14,180.57
2023-06-09,ATM14,224.44
2023-06-10,ATM14,196.3
2023-06-11,ATM14,221.25
2023-06-12,ATM14,209.22
2023-06-13,ATM14,189.87
2023-06-14,ATM14,146.47
2023-06-15,ATM14,149.74
2023-06-16,ATM14,200.8
2023-06-17,ATM14,158.9
2023-06-18,ATM14,196.72
2023-06-19,ATM14,231.66
2023-06-20,ATM14,195.77
2023-06-21,ATM14,165.49
2023-06-22,ATM14,171.17
2023-06-23,ATM14,268.38
2023-06-24,ATM14,234.97
2023-06-25,ATM14,295.31
2023-06-26,ATM14,216.58
2023-06-27,ATM14,213.76
2023-06-28,ATM14,224.16
2023-06-29,ATM14,208.55
2023-06-30,ATM14,258.29
2023-07-01,ATM14,202.35
2023-07-02,ATM14,226.18
2023-07-03,ATM14,182.64
2023-07-04,ATM14,210.9
2023-07-05,ATM14,223.15
2023-07-06,ATM14,211.89
2023-07-07,ATM14,260.34
2023-07-08,ATM14,209.15
2023-07-09,ATM14,302.18
2023-07-10,ATM14,259.37
2023-07-11,ATM14,227.23
2023-07-12,ATM14,205.14
2023-07-13,ATM14,195.77
2023-07-14,ATM14,274.49
2023-07-15,ATM14,215.06
2023-07-16,ATM14,210.56
2023-07-17,ATM14,214.61
2023-07-18,ATM14,208.59
2023-07-19,ATM14,156.0
2023-07-20,ATM14,163.92
2023-07-21,ATM14,226.38
2023-07-22,ATM14,148.44
2023-07-23,ATM14,160.66
2023-07-24,ATM14,175.36
2023-07-25,ATM14,210.73
2023-07-26,ATM14,225.97
2023-07-27,ATM14,275.32
2023-07-28,ATM14,299.15
2023-07-29,ATM14,215.41
2023-07-30,ATM14,215.63
2023-07-31,ATM14,213.35
2023-08-01,ATM14,221.2
2023-08-02,ATM14,236.33
2023-08-03,ATM14,220.7
2023-08-04,ATM14,270.24
2023-08-05,ATM14,233.9
2023-08-06,ATM14,247.01
2023-08-07,ATM14,260.74
2023-08-08,ATM14,196.03
2023-08-09,ATM14,193.79
2023-08-10,ATM14,185.66
2023-08-11,ATM14,250.56
2023-08-12,ATM14,171.41
2023-08-13,ATM14,200.55
2023-08-14,ATM14,162.38
2023-08-15,ATM14,178.69
2023-08-16,ATM14,209.65
2023-08-17,ATM14,205.66
2023-08-18,ATM14,275.54
2023-08-19,ATM14,219.23
2023-08-20,ATM14,250.52
2023-08-21,ATM14,235.47
2023-08-22,ATM14,213.06
2023-08-23,ATM14,183.96
2023-08-24,ATM14,190.56
2023-08-25,ATM14,268.93
2023-08-26,ATM14,205.65
2023-08-27,ATM14,204.74
2023-08-28,ATM14,189.35
2023-08-29,ATM14,198.42
2023-08-30,ATM14,228.31
2023-08-31,ATM14,231.93
2023-09-01,ATM14,370.84
2023-09-02,ATM14,222.72
2023-09-03,ATM14,240.45
2023-09-04,ATM14,254.82
2023-09-05,ATM14,235.72
2023-09-06,ATM14,227.55
2023-09-07,ATM14,246.74
2023-09-08,ATM14,268.36
2023-09-09,ATM14,242.54
2023-09-10,ATM14,273.56
2023-09-11,ATM14,208.1
2023-09-12,ATM14,193.41
2023-09-13,ATM14,159.37
2023-09-14,ATM14,215.5
2023-09-15,ATM14,250.92
2023-09-16,ATM14,221.75
2023-09-17,ATM14,229.8
2023-09-18,ATM14,172.17
2023-09-19,ATM14,228.98
2023-09-20,ATM14,206.69
2023-09-21,ATM14,183.44
2023-09-22,ATM14,258.12
2023-09-23,ATM14,242.08
2023-09-24,ATM14,236.47
2023-09-25,ATM14,243.18
2023-09-26,ATM14,221.71
2023-09-27,ATM14,191.77
2023-09-28,ATM14,198.04
2023-09-29,ATM14,309.24
2023-09-30,ATM14,223.26
2023-10-01,ATM14,229.47
2023-10-02,ATM14,216.58
2023-10-03,ATM14,209.49
2023-10-04,ATM14,161.16
2023-10-05,ATM14,192.66
2023-10-06,ATM14,312.08
2023-10-07,ATM14,269.65
2023-10-08,ATM14,276.62
2023-10-09,ATM14,271.32
2023-10-10,ATM14,237.53
2023-10-11,ATM14,203.89
2023-10-12,ATM14,224.9
2023-10-13,ATM14,303.07
2023-10-14,ATM14,180.67
2023-10-15,ATM14,225.43
2023-10-16,ATM14,217.31
2023-10-17,ATM14,191.94
2023-10-18,ATM14,188.02
2023-10-19,ATM14,200.8
2023-10-20,ATM14,244.77
2023-10-21,ATM14,213.15
2023-10-22,ATM14,240.03
2023-10-23,ATM14,210.53
2023-10-24,ATM14,170.47
2023-10-25,ATM14,194.17
2023-10-26,ATM14,220.59
2023-10-27,ATM14,246.28
2023-10-28,ATM14,226.33
2023-10-29,ATM14,264.78
2023-10-30,ATM14,274.62
2023-10-31,ATM14,211.99
2023-11-01,ATM14,193.22
2023-11-02,ATM14,242.19
2023-11-03,ATM14,255.73
2023-11-04,ATM14,192.35
2023-11-05,ATM14,240.32
2023-11-06,ATM14,236.39
2023-11-07,ATM14,175.55
2023-11-08,ATM14,214.74
2023-11-09,ATM14,203.13
2023-11-10,ATM14,280.37
2023-11-11,ATM14,172.69
2023-11-12,ATM14,214.15
2023-11-13,ATM14,199.46
2023-11-14,ATM14,146.57
2023-11-15,ATM14,178.31
2023-11-16,ATM14,154.29
2023-11-17,ATM14,202.85
2023-11-18,ATM14,195.08
2023-11-19,ATM14,205.96
2023-11-20,ATM14,180.99
2023-11-21,ATM14,190.28
2023-11-22,ATM14,181.36
2023-11-23,ATM14,183.64
2023-11-24,ATM14,260.48
2023-11-25,ATM14,195.43
2023-11-26,ATM14,224.19
2023-11-27,ATM14,246.55
2023-11-28,ATM14,188.73
2023-11-29,ATM14,243.66
2023-11-30,ATM14,231.09
2023-12-01,ATM14,298.32
2023-12-02,ATM14,243.98
2023-12-03,ATM14,232.71
2023-12-04,ATM14,205.01
2023-12-05,ATM14,187.69
2023-12-06,ATM14,205.02
2023-12-07,ATM14,186.27
2023-12-08,ATM14,204.24
2023-12-09,ATM14,208.64
2023-12-10,ATM14,203.11
2023-12-11,ATM14,206.16
2023-12-12,ATM14,180.36
2023-12-13,ATM14,178.5
2023-12-14,ATM14,222.71
2023-12-15,ATM14,263.71
2023-12-16,ATM14,194.53
2023-12-17,ATM14,220.29
2023-12-18,ATM14,202.87
2023-12-19,ATM14,177.32
2023-12-20,ATM14,177.88
2023-12-21,ATM14,237.84
2023-12-22,ATM14,286.23
2023-12-23,ATM14,201.98
2023-12-24,ATM14,256.94
2023-12-25,ATM14,199.62
2023-12-26,ATM14,249.48
2023-12-27,ATM14,272.71
2023-12-28,ATM14,331.35
2023-12-29,ATM14,370.65
2023-12-30,ATM14,266.87
2023-12-31,ATM14,325.23
2024-01-01,ATM14,214.38
2024-01-02,ATM14,203.1
2024-01-03,ATM14,186.35
2024-01-04,ATM14,230.63
2024-01-05,ATM14,233.03
2024-01-06,ATM14,168.75
2024-01-07,ATM14,214.14
2024-01-08,ATM14,224.57
2024-01-09,ATM14,181.29
2024-01-10,ATM14,191.66
2024-01-11,ATM14,227.83
2024-01-12,ATM14,283.45
2024-01-13,ATM14,207.77
2024-01-14,ATM14,221.28
2024-01-15,ATM14,248.67
2024-01-16,ATM14,200.37
2024-01-17,ATM14,210.54
2024-01-18,ATM14,253.44
2024-01-19,ATM14,285.48
2024-01-20,ATM14,179.55
2024-01-21,ATM14,182.51
2024-01-22,ATM14,182.21
2024-01-23,ATM14,187.91
2024-01-24,ATM14,193.57
2024-01-25,ATM14,288.25
2024-01-26,ATM14,312.41
2024-01-27,ATM14,217.23
2024-01-28,ATM14,217.11
2024-01-29,ATM14,250.16
2024-01-30,ATM14,216.18
2024-01-31,ATM14,179.53
2024-02-01,ATM14,205.63
2024-02-02,ATM14,229.14
2024-02-03,ATM14,169.74
2024-02-04,ATM14,208.82
2024-02-05,ATM14,185.28
2024-02-06,ATM14,169.83
2024-02-07,ATM14,166.05
2024-02-08,ATM14,173.53
2024-02-09,ATM14,201.01
2024-02-10,ATM14,142.9
2024-02-11,ATM14,179.02
2024-02-12,ATM14,198.71
2024-02-13,ATM14,184.41
2024-02-14,ATM14,208.06
2024-02-15,ATM14,249.5
2024-02-16,ATM14,277.91
2024-02-17,ATM14,207.48
2024-02-18,ATM14,241.56
2024-02-19,ATM14,224.28
2024-02-20,ATM14,191.41
2024-02-21,ATM14,184.81
2024-02-22,ATM14,171.67
2024-02-23,ATM14,238.94
2024-02-24,ATM14,183.74
2024-02-25,ATM14,284.18
2024-02-26,ATM14,273.58
2024-02-27,ATM14,209.71
2024-02-28,ATM14,239.13
2024-02-29,ATM14,175.65
2024-03-01,ATM14,293.77
2024-03-02,ATM14,188.47
2024-03-03,ATM14,220.7
2024-03-04,ATM14,219.4
2024-03-05,ATM14,218.24
2024-03-06,ATM14,194.1
2024-03-07,ATM14,158.7
2024-03-08,ATM14,207.59
2024-03-09,ATM14,172.87
2024-03-10,ATM14,160.21
2024-03-11,ATM14,177.67
2024-03-12,ATM14,152.0
2024-03-13,ATM14,179.17
2024-03-14,ATM14,184.03
2024-03-15,ATM14,278.4
2024-03-16,ATM14,191.66
2024-03-17,ATM14,224.72
2024-03-18,ATM14,200.96
2024-03-19,ATM14,151.18
2024-03-20,ATM14,166.87
2024-03-21,ATM14,206.82
2024-03-22,ATM14,266.18
2024-03-23,ATM14,199.62
2024-03-24,ATM14,200.98
2024-03-25,ATM14,264.26
2024-03-26,ATM14,256.03
2024-03-27,ATM14,279.91
2024-03-28,ATM14,274.36
2024-03-29,ATM14,276.11
2024-03-30,ATM14,260.6
2024-03-31,ATM14,311.0
2024-04-01,ATM14,354.8
2024-04-02,ATM14,302.52
2024-04-03,ATM14,268.2
2024-04-04,ATM14,296.73
2024-04-05,ATM14,328.91
2024-04-06,ATM14,252.35
2024-04-07,ATM14,308.89
2024-04-08,ATM14,278.74
2024-04-09,ATM14,267.77
2024-04-10,ATM14,221.41
2024-04-11,ATM14,237.12
2024-04-12,ATM14,293.86
2024-04-13,ATM14,258.09
2024-04-14,ATM14,241.07
2024-04-15,ATM14,300.82
2024-04-16,ATM14,221.92
2024-04-17,ATM14,261.13
2024-04-18,ATM14,292.84
2024-04-19,ATM14,237.0
2024-04-20,ATM14,221.79
2024-04-21,ATM14,226.13
2024-04-22,ATM14,195.58
2024-04-23,ATM14,188.95
2024-04-24,ATM14,162.7
2024-04-25,ATM14,219.21
2024-04-26,ATM14,235.51
2024-04-27,ATM14,200.59
2024-04-28,ATM14,272.62
2024-04-29,ATM14,251.94
2024-04-30,ATM14,206.92
2024-05-01,ATM14,196.86
2024-05-02,ATM14,190.52
2024-05-03,ATM14,203.06
2024-05-04,ATM14,166.41
2024-05-05,ATM14,223.72
2024-05-06,ATM14,219.0
2024-05-07,ATM14,203.26
2024-05-08,ATM14,193.25
2024-05-09,ATM14,182.87
2024-05-10,ATM14,257.09
2024-05-11,ATM14,175.28
2024-05-12,ATM14,214.53
2024-05-13,ATM14,198.03
2024-05-14,ATM14,190.07
2024-05-15,ATM14,171.63
2024-05-16,ATM14,207.07
2024-05-17,ATM14,273.82
2024-05-18,ATM14,217.0
2024-05-19,ATM14,229.34
2024-05-20,ATM14,196.82
2024-05-21,ATM14,242.87
2024-05-22,ATM14,183.57
2024-05-23,ATM14,209.31
2024-05-24,ATM14,245.11
2024-05-25,ATM14,211.3
2024-05-26,ATM14,245.3
2024-05-27,ATM14,217.14
2024-05-28,ATM14,210.51
2024-05-29,ATM14,214.52
2024-05-30,ATM14,295.25
2024-05-31,ATM14,334.93
2024-06-01,ATM14,218.88
2024-06-02,ATM14,272.62
2024-06-03,ATM14,267.79
2024-06-04,ATM14,188.08
2024-06-05,ATM14,183.0
2024-06-06,ATM14,157.38
2024-06-07,ATM14,226.16
2024-06-08,ATM14,200.43
2024-06-09,ATM14,199.32
2024-06-10,ATM14,222.12
2024-06-11,ATM14,173.4
2024-06-12,ATM14,169.1
2024-06-13,ATM14,185.17
2024-06-14,ATM14,265.99
2024-06-15,ATM14,174.33
2024-06-16,ATM14,210.37
2024-06-17,ATM14,194.16
2024-06-18,ATM14,197.05
2024-06-19,ATM14,198.68
2024-06-20,ATM14,213.53
2024-06-21,ATM14,223.76
2024-06-22,ATM14,213.27
2024-06-23,ATM14,220.24
2024-06-24,ATM14,196.77
2024-06-25,ATM14,236.72
2024-06-26,ATM14,203.27
2024-06-27,ATM14,221.8
2024-06-28,ATM14,241.16
2024-06-29,ATM14,260.86
2024-06-30,ATM14,339.61
2024-07-01,ATM14,261.87
2024-07-02,ATM14,230.66
2024-07-03,ATM14,195.67
2024-07-04,ATM14,192.05
2024-07-05,ATM14,235.11
2024-07-06,ATM14,184.51
2024-07-07,ATM14,180.81
2024-07-08,ATM14,194.8
2024-07-09,ATM14,179.95
2024-07-10,ATM14,180.72
2024-07-11,ATM14,186.23
2024-07-12,ATM14,214.55
2024-07-13,ATM14,191.02
2024-07-14,ATM14,224.56
2024-07-15,ATM14,237.29
2024-07-16,ATM14,203.51
2024-07-17,ATM14,184.09
2024-07-18,ATM14,202.57
2024-07-19,ATM14,186.33
2024-07-20,ATM14,205.1
2024-07-21,ATM14,225.22
2024-07-22,ATM14,258.97
2024-07-23,ATM14,182.07
2024-07-24,ATM14,158.14
2024-07-25,ATM14,211.5
2024-07-26,ATM14,265.33
2024-07-27,ATM14,213.7
2024-07-28,ATM14,245.2
2024-07-29,ATM14,213.12
2024-07-30,ATM14,168.21
2024-07-31,ATM14,192.13
2024-08-01,ATM14,180.73
2024-08-02,ATM14,204.03
2024-08-03,ATM14,159.32
2024-08-04,ATM14,209.26
2024-08-05,ATM14,250.88
2024-08-06,ATM14,225.08
2024-08-07,ATM14,235.68
2024-08-08,ATM14,232.44
2024-08-09,ATM14,262.44
2024-08-10,ATM14,244.73
2024-08-11,ATM14,204.19
2024-08-12,ATM14,185.86
2024-08-13,ATM14,166.01
2024-08-14,ATM14,188.92
2024-08-15,ATM14,171.52
2024-08-16,ATM14,233.24
2024-08-17,ATM14,172.27
2024-08-18,ATM14,231.09
2024-08-19,ATM14,224.3
2024-08-20,ATM14,221.87
2024-08-21,ATM14,193.93
2024-08-22,ATM14,204.77
2024-08-23,ATM14,214.04
2024-08-24,ATM14,155.28
2024-08-25,ATM14,268.4
2024-08-26,ATM14,216.98
2024-08-27,ATM14,213.74
2024-08-28,ATM14,219.37
2024-08-29,ATM14,250.77
2024-08-30,ATM14,228.66
2024-08-31,ATM14,211.74
2024-09-01,ATM14,236.99
2024-09-02,ATM14,209.88
2024-09-03,ATM14,173.34
2024-09-04,ATM14,200.11
2024-09-05,ATM14,217.26
2024-09-06,ATM14,240.5
2024-09-07,ATM14,164.27
2024-09-08,ATM14,179.35
2024-09-09,ATM14,203.7
2024-09-10,ATM14,152.52
2024-09-11,ATM14,162.3
2024-09-12,ATM14,239.01
2024-09-13,ATM14,261.24
2024-09-14,ATM14,204.56
2024-09-15,ATM14,193.26
2024-09-16,ATM14,165.28
2024-09-17,ATM14,177.78
2024-09-18,ATM14,170.66
2024-09-19,ATM14,206.99
2024-09-20,ATM14,236.35
2024-09-21,ATM14,266.32
2024-09-22,ATM14,232.04
2024-09-23,ATM14,214.24
2024-09-24,ATM14,167.63
2024-09-25,ATM14,223.18
2024-09-26,ATM14,235.1
2024-09-27,ATM14,241.87
2024-09-28,ATM14,191.76
2024-09-29,ATM14,267.53
2024-09-30,ATM14,274.04
2024-10-01,ATM14,190.87
2024-10-02,ATM14,188.31
2024-10-03,ATM14,230.23
2024-10-04,ATM14,247.9
2024-10-05,ATM14,194.25
2024-10-06,ATM14,245.62
2024-10-07,ATM14,188.17
2024-10-08,ATM14,160.99
2024-10-09,ATM14,167.98
2024-10-10,ATM14,204.04
2024-10-11,ATM14,260.97
2024-10-12,ATM14,205.7
2024-10-13,ATM14,216.26
2024-10-14,ATM14,227.24
2024-10-15,ATM14,186.42
2024-10-16,ATM14,193.29
2024-10-17,ATM14,214.53
2024-10-18,ATM14,287.39
2024-10-19,ATM14,197.12
2024-10-20,ATM14,206.88
2024-10-21,ATM14,226.7
2024-10-22,ATM14,220.08
2024-10-23,ATM14,184.0
2024-10-24,ATM14,167.97
2024-10-25,ATM14,280.71
2024-10-26,ATM14,176.82
2024-10-27,ATM14,183.67
2024-10-28,ATM14,195.26
2024-10-29,ATM14,191.03
2024-10-30,ATM14,174.11
2024-10-31,ATM14,202.38
2024-11-01,ATM14,255.16
2024-11-02,ATM14,190.24
2024-11-03,ATM14,256.87
2024-11-04,ATM14,229.94
2024-11-05,ATM14,218.24
2024-11-06,ATM14,167.79
2024-11-07,ATM14,156.76
2024-11-08,ATM14,220.29
2024-11-09,ATM14,218.28
2024-11-10,ATM14,195.22
2024-11-11,ATM14,192.09
2024-11-12,ATM14,151.39
2024-11-13,ATM14,150.57
2024-11-14,ATM14,174.78
2024-11-15,ATM14,203.22
2024-11-16,ATM14,145.04
2024-11-17,ATM14,159.87
2024-11-18,ATM14,140.37
2024-11-19,ATM14,158.59
2024-11-20,ATM14,177.6
2024-11-21,ATM14,196.59
2024-11-22,ATM14,204.55
2024-11-23,ATM14,187.46
2024-11-24,ATM14,224.31
2024-11-25,ATM14,231.38
2024-11-26,ATM14,199.9
2024-11-27,ATM14,185.45
2024-11-28,ATM14,207.02
2024-11-29,ATM14,298.33
2024-11-30,ATM14,243.27
2024-12-01,ATM14,244.85
2024-12-02,ATM14,239.46
2024-12-03,ATM14,166.17
2024-12-04,ATM14,188.31
2024-12-05,ATM14,176.6
2024-12-06,ATM14,237.8
2024-12-07,ATM14,254.75
2024-12-08,ATM14,228.97
2024-12-09,ATM14,286.35
2024-12-10,ATM14,214.23
2024-12-11,ATM14,175.0
2024-12-12,ATM14,167.33
2024-12-13,ATM14,272.21
2024-12-14,ATM14,201.12
2024-12-15,ATM14,216.97
2024-12-16,ATM14,201.66
2024-12-17,ATM14,193.29
2024-12-18,ATM14,189.0
2024-12-19,ATM14,204.76
2024-12-20,ATM14,291.22
2024-12-21,ATM14,180.85
2024-12-22,ATM14,228.13
2024-12-23,ATM14,209.12
2024-12-24,ATM14,177.26
2024-12-25,ATM14,211.76
2024-12-26,ATM14,199.91
2024-12-27,ATM14,197.18
2024-12-28,ATM14,190.04
2024-12-29,ATM14,230.98
2024-12-30,ATM14,197.15
2024-12-31,ATM14,163.06
2025-01-01,ATM14,194.77
2025-01-02,ATM14,227.92
2025-01-03,ATM14,236.73
2025-01-04,ATM14,232.91
2025-01-05,ATM14,261.36
2025-01-06,ATM14,267.04
2025-01-07,ATM14,180.08
2025-01-08,ATM14,157.11
2025-01-09,ATM14,190.29
2025-01-10,ATM14,227.6
2025-01-11,ATM14,201.16
2025-01-12,ATM14,178.27
2025-01-13,ATM14,195.03
2025-01-14,ATM14,193.6
2025-01-15,ATM14,200.65
2025-01-16,ATM14,185.15
2025-01-17,ATM14,231.81
2025-01-18,ATM14,162.22
2025-01-19,ATM14,187.36
2025-01-20,ATM14,164.48
2025-01-21,ATM14,147.86
2025-01-22,ATM14,156.05
2025-01-23,ATM14,163.72
2025-01-24,ATM14,190.46
2025-01-25,ATM14,161.1
2025-01-26,ATM14,258.3
2025-01-27,ATM14,217.72
2025-01-28,ATM14,204.06
2025-01-29,ATM14,148.28
2025-01-30,ATM14,221.89
2025-01-31,ATM14,260.96
2025-02-01,ATM14,191.4
2025-02-02,ATM14,214.32
2025-02-03,ATM14,211.36
2025-02-04,ATM14,133.04
2025-02-05,ATM14,142.81
2025-02-06,ATM14,167.69
2025-02-07,ATM14,211.09
2025-02-08,ATM14,228.17
2025-02-09,ATM14,222.29
2025-02-10,ATM14,217.4
2025-02-11,ATM14,221.99
2025-02-12,ATM14,206.74
2025-02-13,ATM14,181.78
2025-02-14,ATM14,188.07
2025-02-15,ATM14,174.11
2025-02-16,ATM14,238.79
2025-02-17,ATM14,217.95
2025-02-18,ATM14,208.42
2025-02-19,ATM14,248.1
2025-02-20,ATM14,232.86
2025-02-21,ATM14,214.41
2025-02-22,ATM14,171.0
2025-02-23,ATM14,229.67
2025-02-24,ATM14,196.11
2025-02-25,ATM14,235.37
2025-02-26,ATM14,211.09
2025-02-27,ATM14,221.11
2025-02-28,ATM14,245.51
2025-03-01,ATM14,198.5
2025-03-02,ATM14,233.37
2025-03-03,ATM14,166.81
2025-03-04,ATM14,157.26
2025-03-05,ATM14,146.83
2025-03-06,ATM14,164.1
2025-03-07,ATM14,193.83
2025-03-08,ATM14,185.85
2025-03-09,ATM14,234.84
2025-03-10,ATM14,217.57
2025-03-11,ATM14,164.22
2025-03-12,ATM14,174.42
2025-03-13,ATM14,166.55
2025-03-14,ATM14,221.04
2025-03-15,ATM14,202.29
2025-03-16,ATM14,262.82
2025-03-17,ATM14,252.49
2025-03-18,ATM14,252.67
2025-03-19,ATM14,239.56
2025-03-20,ATM14,235.78
2025-03-21,ATM14,313.43
2025-03-22,ATM14,263.54
2025-03-23,ATM14,270.68
2025-03-24,ATM14,273.14
2025-03-25,ATM14,273.31
2025-03-26,ATM14,224.59
2025-03-27,ATM14,286.07
2025-03-28,ATM14,312.01
2025-03-29,ATM14,285.49
2025-03-30,ATM14,290.08
2025-03-31,ATM14,189.23
2025-04-01,ATM14,178.51
2025-04-02,ATM14,241.93
2025-04-03,ATM14,209.05
2025-04-04,ATM14,225.78
2025-04-05,ATM14,199.69
2025-04-06,ATM14,227.97
2025-04-07,ATM14,237.6
2025-04-08,ATM14,181.71
2025-04-09,ATM14,190.89
2025-04-10,ATM14,249.61
2025-04-11,ATM14,247.58
2025-04-12,ATM14,186.64
2025-04-13,ATM14,170.76
2025-04-14,ATM14,158.57
2025-04-15,ATM14,165.07
2025-04-16,ATM14,161.18
2025-04-17,ATM14,186.21
2025-04-18,ATM14,228.19
2025-04-19,ATM14,150.53
2025-04-20,ATM14,207.53
2025-04-21,ATM14,167.13
2025-04-22,ATM14,147.63
2025-04-23,ATM14,162.91
2025-04-24,ATM14,207.65
2025-04-25,ATM14,235.37
2025-04-26,ATM14,193.56
2025-04-27,ATM14,228.18
2025-04-28,ATM14,232.0
2025-04-29,ATM14,228.82
2025-04-30,ATM14,199.73
2025-05-01,ATM14,207.96
2025-05-02,ATM14,299.62
2025-05-03,ATM14,234.59
2025-05-04,ATM14,245.04
2025-05-05,ATM14,214.98
2025-05-06,ATM14,174.67
2025-05-07,ATM14,149.33
2025-05-08,ATM14,166.78
2025-05-09,ATM14,214.55
2025-05-10,ATM14,163.65
2025-05-11,ATM14,205.42
2025-05-12,ATM14,162.24
2025-05-13,ATM14,155.03
2025-05-14,ATM14,201.85
2025-05-15,ATM14,214.35
2025-05-16,ATM14,247.66
2025-05-17,ATM14,188.01
2025-05-18,ATM14,196.56
2025-05-19,ATM14,153.8
2025-05-20,ATM14,162.27
2025-05-21,ATM14,126.3
2025-05-22,ATM14,150.01
2025-05-23,ATM14,196.89
2025-05-24,ATM14,154.54
2025-05-25,ATM14,273.4
2025-05-26,ATM14,285.43
2025-05-27,ATM14,246.43
2025-05-28,ATM14,194.52
2025-05-29,ATM14,251.74
2025-05-30,ATM14,287.25
2025-05-31,ATM14,187.22
2025-06-01,ATM14,198.96
2025-06-02,ATM14,235.7
2025-06-03,ATM14,171.58
2025-06-04,ATM14,176.19
2025-06-05,ATM14,191.34
2025-06-06,ATM14,179.3
2025-06-07,ATM14,162.1
2025-06-08,ATM14,174.86
2025-06-09,ATM14,199.11
2025-06-10,ATM14,153.49
2025-06-11,ATM14,166.21
2025-06-12,ATM14,150.69
2025-06-13,ATM14,173.91
2025-06-14,ATM14,134.55
2025-06-15,ATM14,170.08
2025-06-16,ATM14,177.83
2025-06-17,ATM14,171.05
2025-06-18,ATM14,138.98
2025-06-19,ATM14,158.93
2025-06-20,ATM14,185.68
2025-06-21,ATM14,167.26
2025-06-22,ATM14,187.92
2025-06-23,ATM14,180.62
2025-06-24,ATM14,152.36
2025-06-25,ATM14,222.75
2025-06-26,ATM14,187.61
2025-06-27,ATM14,224.42
2025-06-28,ATM14,187.57
2025-06-29,ATM14,213.92
2025-06-30,ATM14,191.68
2025-07-01,ATM14,150.19
2025-07-02,ATM14,159.22
2025-07-03,ATM14,151.8
2025-07-04,ATM14,243.13
2025-07-05,ATM14,233.74
2025-07-06,ATM14,228.93
2025-07-07,ATM14,174.61
2025-07-08,ATM14,180.75
2025-07-09,ATM14,158.94
2025-07-10,ATM14,158.44
2025-07-11,ATM14,187.57
2025-07-12,ATM14,149.67
2025-07-13,ATM14,176.72
2025-07-14,ATM14,153.13
2025-07-15,ATM14,141.86
2025-07-16,ATM14,173.26
2025-07-17,ATM14,177.7
2025-07-18,ATM14,214.45
2025-07-19,ATM14,131.32
2025-07-20,ATM14,192.17
2025-07-21,ATM14,170.28
2025-07-22,ATM14,181.79
2025-07-23,ATM14,176.01
2025-07-24,ATM14,168.75
2025-07-25,ATM14,197.48
2025-07-26,ATM14,221.75
2025-07-27,ATM14,258.39
2025-07-28,ATM14,248.96
2025-07-29,ATM14,251.25
2025-07-30,ATM14,221.43
2025-07-31,ATM14,249.28
2025-08-01,ATM14,252.05
2025-08-02,ATM14,211.16
2025-08-03,ATM14,196.06
2025-08-04,ATM14,179.37
2025-08-05,ATM14,170.07
2025-08-06,ATM14,149.48
2025-08-07,ATM14,176.96
2025-08-08,ATM14,208.61
2025-08-09,ATM14,136.25
2025-08-10,ATM14,163.8
2025-08-11,ATM14,164.22
2025-08-12,ATM14,173.27
2025-08-13,ATM14,174.43
2025-08-14,ATM14,209.25
2025-08-15,ATM14,240.47
2025-08-16,ATM14,165.88
2025-08-17,ATM14,171.57
2025-08-18,ATM14,175.65
2025-08-19,ATM14,171.46
2025-08-20,ATM14,169.25
2025-08-21,ATM14,164.19
2025-08-22,ATM14,203.69
2025-08-23,ATM14,172.02
2025-08-24,ATM14,174.48
2025-08-25,ATM14,208.71
2025-08-26,ATM14,159.32
2025-08-27,ATM14,198.26
2025-08-28,ATM14,216.07
2025-08-29,ATM14,297.28
2025-08-30,ATM14,185.02
2025-08-31,ATM14,246.22
2025-09-01,ATM14,244.81
2025-09-02,ATM14,199.47
2025-09-03,ATM14,169.24
2025-09-04,ATM14,159.77
2025-09-05,ATM14,177.38
2025-09-06,ATM14,144.75
2025-09-07,ATM14,160.72
2025-09-08,ATM14,205.99
2025-09-09,ATM14,151.34
2025-09-10,ATM14,158.12
2025-09-11,ATM14,178.68
2025-09-12,ATM14,219.46
2025-09-13,ATM14,177.26
2025-09-14,ATM14,218.82
2025-09-15,ATM14,184.44
2025-09-16,ATM14,167.31
2025-09-17,ATM14,160.61
2025-09-18,ATM14,197.82
2025-09-19,ATM14,278.11
2025-09-20,ATM14,164.55
2025-09-21,ATM14,152.42
2025-09-22,ATM14,175.15
2025-09-23,ATM14,182.01
2025-09-24,ATM14,213.54
2025-09-25,ATM14,242.89
2025-09-26,ATM14,304.65
2025-09-27,ATM14,253.27
2025-09-28,ATM14,293.38
2025-09-29,ATM14,262.66
2025-09-30,ATM14,181.98
2025-10-01,ATM14,185.64
2025-10-02,ATM14,203.96
2025-10-03,ATM14,216.95
2025-10-04,ATM14,170.99
2025-10-05,ATM14,235.73
2025-10-06,ATM14,188.47
2025-10-07,ATM14,186.83
2025-10-08,ATM14,184.58
2025-10-09,ATM14,169.82
2025-10-10,ATM14,179.15
2025-10-11,ATM14,127.44
2025-10-12,ATM14,178.86
2025-10-13,ATM14,175.25
2025-10-14,ATM14,147.51
2025-10-15,ATM14,127.2
2025-10-16,ATM14,161.46
2025-10-17,ATM14,197.17
2025-10-18,ATM14,148.24
2025-10-19,ATM14,163.13
2025-10-20,ATM14,164.82
2025-10-21,ATM14,165.37
2025-10-22,ATM14,158.64
2025-10-23,ATM14,149.12
2025-10-24,ATM14,192.55
2025-10-25,ATM14,204.55
2025-10-26,ATM14,227.28
2025-10-27,ATM14,213.6
2025-10-28,ATM14,183.75
2025-10-29,ATM14,168.81
2025-10-30,ATM14,170.4
2025-10-31,ATM14,184.98
2025-11-01,ATM14,191.36
2025-11-02,ATM14,230.9
2025-11-03,ATM14,195.67
2025-11-04,ATM14,179.32
2025-11-05,ATM14,181.22
2025-11-06,ATM14,170.29
2025-11-07,ATM14,203.1
2025-11-08,ATM14,157.72
2025-11-09,ATM14,251.42
2025-11-10,ATM14,225.05
2025-11-11,ATM14,183.69
2025-11-12,ATM14,200.06
2025-11-13,ATM14,215.8
2025-11-14,ATM14,196.25
2025-11-15,ATM14,155.74
2025-11-16,ATM14,184.67
2025-11-17,ATM14,190.89
2025-11-18,ATM14,163.28
2025-11-19,ATM14,161.4
2025-11-20,ATM14,162.39
2025-11-21,ATM14,225.43
2025-11-22,ATM14,144.86
2025-11-23,ATM14,170.74
2025-11-24,ATM14,140.57
2025-11-25,ATM14,149.65
2025-11-26,ATM14,175.33
2025-11-27,ATM14,198.59
2025-11-28,ATM14,229.29
2025-11-29,ATM14,208.94
2025-11-30,ATM14,264.32
2025-12-01,ATM14,224.49
2025-12-02,ATM14,199.58
2025-12-03,ATM14,166.53
2025-12-04,ATM14,189.95
2025-12-05,ATM14,193.41
2025-12-06,ATM14,197.57
2025-12-07,ATM14,238.68
2025-12-08,ATM14,179.53
2025-12-09,ATM14,152.64
2025-12-10,ATM14,162.24
2025-12-11,ATM14,164.68
2025-12-12,ATM14,214.22
2025-12-13,ATM14,159.2
2025-12-14,ATM14,220.41
2025-12-15,ATM14,208.4
2025-12-16,ATM14,236.44
2025-12-17,ATM14,214.33
2025-12-18,ATM14,174.13
2025-12-19,ATM14,271.35
2025-12-20,ATM14,216.73
2025-12-21,ATM14,232.78
2025-12-22,ATM14,221.18
2025-12-23,ATM14,163.18
2025-12-24,ATM14,139.1
2025-12-25,ATM14,171.21
2025-12-26,ATM14,281.92
2025-12-27,ATM14,220.25
2025-12-28,ATM14,292.89
2025-12-29,ATM14,285.09
2025-12-30,ATM14,225.51
2025-12-31,ATM14,241.23
2022-01-01,ATM15,287.74
2022-01-02,ATM15,283.9
2022-01-03,ATM15,293.83
2022-01-04,ATM15,302.1
2022-01-05,ATM15,300.32
2022-01-06,ATM15,322.29
2022-01-07,ATM15,373.79
2022-01-08,ATM15,235.05
2022-01-09,ATM15,366.96
2022-01-10,ATM15,306.68
2022-01-11,ATM15,259.34
2022-01-12,ATM15,312.63
2022-01-13,ATM15,343.3
2022-01-14,ATM15,388.49
2022-01-15,ATM15,316.33
2022-01-16,ATM15,300.16
2022-01-17,ATM15,294.8
2022-01-18,ATM15,314.29
2022-01-19,ATM15,272.37
2022-01-20,ATM15,259.47
2022-01-21,ATM15,335.11
2022-01-22,ATM15,274.91
2022-01-23,ATM15,343.43
2022-01-24,ATM15,271.44
2022-01-25,ATM15,228.06
2022-01-26,ATM15,303.41
2022-01-27,ATM15,291.29
2022-01-28,ATM15,353.26
2022-01-29,ATM15,236.32
2022-01-30,ATM15,360.92
2022-01-31,ATM15,362.37
2022-02-01,ATM15,300.51
2022-02-02,ATM15,336.38
2022-02-03,ATM15,248.9
2022-02-04,ATM15,299.48
2022-02-05,ATM15,251.7
2022-02-06,ATM15,289.75
2022-02-07,ATM15,290.71
2022-02-08,ATM15,284.73
2022-02-09,ATM15,320.79
2022-02-10,ATM15,259.34
2022-02-11,ATM15,331.38
2022-02-12,ATM15,292.1
2022-02-13,ATM15,296.5
2022-02-14,ATM15,289.07
2022-02-15,ATM15,283.89
2022-02-16,ATM15,280.15
2022-02-17,ATM15,315.29
2022-02-18,ATM15,365.81
2022-02-19,ATM15,272.75
2022-02-20,ATM15,279.62
2022-02-21,ATM15,295.38
2022-02-22,ATM15,275.2
2022-02-23,ATM15,247.26
2022-02-24,ATM15,294.93
2022-02-25,ATM15,464.26
2022-02-26,ATM15,315.42
2022-02-27,ATM15,338.4
2022-02-28,ATM15,310.84
2022-03-01,ATM15,249.95
2022-03-02,ATM15,355.4
2022-03-03,ATM15,304.07
2022-03-04,ATM15,331.72
2022-03-05,ATM15,244.25
2022-03-06,ATM15,296.9
2022-03-07,ATM15,280.03
2022-03-08,ATM15,318.62
2022-03-09,ATM15,262.84
2022-03-10,ATM15,235.16
2022-03-11,ATM15,336.67
2022-03-12,ATM15,268.37
2022-03-13,ATM15,307.74
2022-03-14,ATM15,318.75
2022-03-15,ATM15,285.57
2022-03-16,ATM15,278.61
2022-03-17,ATM15,249.75
2022-03-18,ATM15,270.85
2022-03-19,ATM15,227.87
2022-03-20,ATM15,259.94
2022-03-21,ATM15,286.01
2022-03-22,ATM15,219.72
2022-03-23,ATM15,236.83
2022-03-24,ATM15,265.73
2022-03-25,ATM15,382.95
2022-03-26,ATM15,324.4
2022-03-27,ATM15,357.51
2022-03-28,ATM15,321.45
2022-03-29,ATM15,349.36
2022-03-30,ATM15,319.4
2022-03-31,ATM15,390.97
2022-04-01,ATM15,414.44
2022-04-02,ATM15,320.99
2022-04-03,ATM15,329.93
2022-04-04,ATM15,324.56
2022-04-05,ATM15,277.07
2022-04-06,ATM15,285.66
2022-04-07,ATM15,356.94
2022-04-08,ATM15,438.77
2022-04-09,ATM15,351.39
2022-04-10,ATM15,300.63
2022-04-11,ATM15,266.82
2022-04-12,ATM15,276.16
2022-04-13,ATM15,315.93
2022-04-14,ATM15,310.55
2022-04-15,ATM15,358.81
2022-04-16,ATM15,355.84
2022-04-17,ATM15,426.92
2022-04-18,ATM15,436.49
2022-04-19,ATM15,349.38
2022-04-20,ATM15,331.5
2022-04-21,ATM15,405.01
2022-04-22,ATM15,459.82
2022-04-23,ATM15,345.36
2022-04-24,ATM15,381.71
2022-04-25,ATM15,433.28
2022-04-26,ATM15,468.2
2022-04-27,ATM15,393.99
2022-04-28,ATM15,490.24
2022-04-29,ATM15,552.74
2022-04-30,ATM15,453.65
2022-05-01,ATM15,488.35
2022-05-02,ATM15,345.39
2022-05-03,ATM15,281.71
2022-05-04,ATM15,306.53
2022-05-05,ATM15,315.18
2022-05-06,ATM15,460.76
2022-05-07,ATM15,345.71
2022-05-08,ATM15,384.29
2022-05-09,ATM15,334.6
2022-05-10,ATM15,282.63
2022-05-11,ATM15,269.84
2022-05-12,ATM15,321.59
2022-05-13,ATM15,341.9
2022-05-14,ATM15,215.33
2022-05-15,ATM15,286.89
2022-05-16,ATM15,278.14
2022-05-17,ATM15,247.07
2022-05-18,ATM15,288.88
2022-05-19,ATM15,218.47
2022-05-20,ATM15,362.92
2022-05-21,ATM15,314.03
2022-05-22,ATM15,314.48
2022-05-23,ATM15,286.73
2022-05-24,ATM15,282.25
2022-05-25,ATM15,338.12
2022-05-26,ATM15,318.89
2022-05-27,ATM15,326.87
2022-05-28,ATM15,363.33
2022-05-29,ATM15,431.49
2022-05-30,ATM15,381.51
2022-05-31,ATM15,334.15
2022-06-01,ATM15,311.24
2022-06-02,ATM15,374.58
2022-06-03,ATM15,303.12
2022-06-04,ATM15,253.96
2022-06-05,ATM15,298.2
2022-06-06,ATM15,295.82
2022-06-07,ATM15,301.71
2022-06-08,ATM15,240.23
2022-06-09,ATM15,239.56
2022-06-10,ATM15,288.91
2022-06-11,ATM15,256.33
2022-06-12,ATM15,336.59
2022-06-13,ATM15,371.21
2022-06-14,ATM15,290.23
2022-06-15,ATM15,307.28
2022-06-16,ATM15,327.49
2022-06-17,ATM15,387.9
2022-06-18,ATM15,286.85
2022-06-19,ATM15,309.06
2022-06-20,ATM15,265.42
2022-06-21,ATM15,227.31
2022-06-22,ATM15,260.91
2022-06-23,ATM15,279.58
2022-06-24,ATM15,325.0
2022-06-25,ATM15,328.48
2022-06-26,ATM15,362.43
2022-06-27,ATM15,312.98
2022-06-28,ATM15,290.63
2022-06-29,ATM15,331.38
2022-06-30,ATM15,302.08
2022-07-01,ATM15,389.1
2022-07-02,ATM15,308.86
2022-07-03,ATM15,301.06
2022-07-04,ATM15,292.29
2022-07-05,ATM15,231.5
2022-07-06,ATM15,262.33
2022-07-07,ATM15,248.37
2022-07-08,ATM15,371.5
2022-07-09,ATM15,285.7
2022-07-10,ATM15,266.74
2022-07-11,ATM15,332.27
2022-07-12,ATM15,253.92
2022-07-13,ATM15,242.8
2022-07-14,ATM15,222.37
2022-07-15,ATM15,353.97
2022-07-16,ATM15,338.55
2022-07-17,ATM15,288.93
2022-07-18,ATM15,264.19
2022-07-19,ATM15,258.42
2022-07-20,ATM15,250.94
2022-07-21,ATM15,274.92
2022-07-22,ATM15,332.71
2022-07-23,ATM15,280.1
2022-07-24,ATM15,286.81
2022-07-25,ATM15,338.18
2022-07-26,ATM15,273.6
2022-07-27,ATM15,281.11
2022-07-28,ATM15,258.89
2022-07-29,ATM15,338.69
2022-07-30,ATM15,273.62
2022-07-31,ATM15,377.75
2022-08-01,ATM15,349.49
2022-08-02,ATM15,318.06
2022-08-03,ATM15,285.19
2022-08-04,ATM15,236.66
2022-08-05,ATM15,258.89
2022-08-06,ATM15,236.44
2022-08-07,ATM15,311.76
2022-08-08,ATM15,298.16
2022-08-09,ATM15,251.93
2022-08-10,ATM15,250.36
2022-08-11,ATM15,265.49
2022-08-12,ATM15,360.98
2022-08-13,ATM15,300.43
2022-08-14,ATM15,309.16
2022-08-15,ATM15,295.76
2022-08-16,ATM15,277.63
2022-08-17,ATM15,258.21
2022-08-18,ATM15,350.79
2022-08-19,ATM15,374.27
2022-08-20,ATM15,320.56
2022-08-21,ATM15,297.63
2022-08-22,ATM15,272.42
2022-08-23,ATM15,205.11
2022-08-24,ATM15,242.83
2022-08-25,ATM15,334.93
2022-08-26,ATM15,299.64
2022-08-27,ATM15,281.05
2022-08-28,ATM15,367.66
2022-08-29,ATM15,368.41
2022-08-30,ATM15,281.23
2022-08-31,ATM15,323.51
2022-09-01,ATM15,333.44
2022-09-02,ATM15,422.52
2022-09-03,ATM15,287.85
2022-09-04,ATM15,343.87
2022-09-05,ATM15,360.62
2022-09-06,ATM15,294.58
2022-09-07,ATM15,296.84
2022-09-08,ATM15,348.66
2022-09-09,ATM15,377.49
2022-09-10,ATM15,244.79
2022-09-11,ATM15,322.19
2022-09-12,ATM15,354.13
2022-09-13,ATM15,335.94
2022-09-14,ATM15,322.16
2022-09-15,ATM15,237.68
2022-09-16,ATM15,293.29
2022-09-17,ATM15,236.44
2022-09-18,ATM15,295.78
2022-09-19,ATM15,350.24
2022-09-20,ATM15,257.47
2022-09-21,ATM15,337.94
2022-09-22,ATM15,301.21
2022-09-23,ATM15,321.47
2022-09-24,ATM15,288.24
2022-09-25,ATM15,409.46
2022-09-26,ATM15,390.4
2022-09-27,ATM15,301.98
2022-09-28,ATM15,323.65
2022-09-29,ATM15,296.82
2022-09-30,ATM15,343.57
2022-10-01,ATM15,289.09
2022-10-02,ATM15,317.65
2022-10-03,ATM15,330.64
2022-10-04,ATM15,271.39
2022-10-05,ATM15,270.16
2022-10-06,ATM15,263.91
2022-10-07,ATM15,378.12
2022-10-08,ATM15,268.78
2022-10-09,ATM15,361.72
2022-10-10,ATM15,350.68
2022-10-11,ATM15,275.86
2022-10-12,ATM15,272.93
2022-10-13,ATM15,270.5
2022-10-14,ATM15,353.38
2022-10-15,ATM15,267.92
2022-10-16,ATM15,296.85
2022-10-17,ATM15,292.31
2022-10-18,ATM15,224.2
2022-10-19,ATM15,245.64
2022-10-20,ATM15,291.77
2022-10-21,ATM15,349.44
2022-10-22,ATM15,302.25
2022-10-23,ATM15,314.65
2022-10-24,ATM15,283.72
2022-10-25,ATM15,267.62
2022-10-26,ATM15,276.9
2022-10-27,ATM15,384.17
2022-10-28,ATM15,433.4
2022-10-29,ATM15,303.53
2022-10-30,ATM15,317.54
2022-10-31,ATM15,271.29
2022-11-01,ATM15,254.08
2022-11-02,ATM15,307.34
2022-11-03,ATM15,281.07
2022-11-04,ATM15,311.76
2022-11-05,ATM15,241.11
2022-11-06,ATM15,325.71
2022-11-07,ATM15,307.48
2022-11-08,ATM15,260.66
2022-11-09,ATM15,262.16
2022-11-10,ATM15,349.08
2022-11-11,ATM15,426.09
2022-11-12,ATM15,349.33
2022-11-13,ATM15,288.31
2022-11-14,ATM15,281.8
2022-11-15,ATM15,244.05
2022-11-16,ATM15,272.71
2022-11-17,ATM15,319.37
2022-11-18,ATM15,370.9
2022-11-19,ATM15,253.57
2022-11-20,ATM15,281.3
2022-11-21,ATM15,303.25
2022-11-22,ATM15,292.98
2022-11-23,ATM15,283.11
2022-11-24,ATM15,293.08
2022-11-25,ATM15,397.9
2022-11-26,ATM15,320.3
2022-11-27,ATM15,392.46
2022-11-28,ATM15,380.65
2022-11-29,ATM15,324.47
2022-11-30,ATM15,313.35
2022-12-01,ATM15,323.32
2022-12-02,ATM15,356.27
2022-12-03,ATM15,246.29
2022-12-04,ATM15,324.46
2022-12-05,ATM15,285.84
2022-12-06,ATM15,295.04
2022-12-07,ATM15,284.63
2022-12-08,ATM15,324.42
2022-12-09,ATM15,395.44
2022-12-10,ATM15,308.59
2022-12-11,ATM15,313.18
2022-12-12,ATM15,310.51
2022-12-13,ATM15,296.3
2022-12-14,ATM15,235.91
2022-12-15,ATM15,346.15
2022-12-16,ATM15,495.74
2022-12-17,ATM15,367.56
2022-12-18,ATM15,406.83
2022-12-19,ATM15,371.53
2022-12-20,ATM15,298.04
2022-12-21,ATM15,289.01
2022-12-22,ATM15,337.67
2022-12-23,ATM15,343.14
2022-12-24,ATM15,249.64
2022-12-25,ATM15,309.79
2022-12-26,ATM15,374.75
2022-12-27,ATM15,304.25
2022-12-28,ATM15,310.91
2022-12-29,ATM15,334.8
2022-12-30,ATM15,367.4
2022-12-31,ATM15,238.76
2023-01-01,ATM15,246.25
2023-01-02,ATM15,310.04
2023-01-03,ATM15,282.24
2023-01-04,ATM15,295.73
2023-01-05,ATM15,321.94
2023-01-06,ATM15,342.34
2023-01-07,ATM15,250.67
2023-01-08,ATM15,320.31
2023-01-09,ATM15,299.62
2023-01-10,ATM15,290.7
2023-01-11,ATM15,288.78
2023-01-12,ATM15,334.68
2023-01-13,ATM15,345.95
2023-01-14,ATM15,303.12
2023-01-15,ATM15,408.58
2023-01-16,ATM15,335.82
2023-01-17,ATM15,298.31
2023-01-18,ATM15,252.78
2023-01-19,ATM15,301.85
2023-01-20,ATM15,393.39
2023-01-21,ATM15,270.34
2023-01-22,ATM15,297.69
2023-01-23,ATM15,312.94
2023-01-24,ATM15,285.43
2023-01-25,ATM15,345.04
2023-01-26,ATM15,359.64
2023-01-27,ATM15,399.64
2023-01-28,ATM15,340.1
2023-01-29,ATM15,419.45
2023-01-30,ATM15,342.92
2023-01-31,ATM15,307.48
2023-02-01,ATM15,252.12
2023-02-02,ATM15,314.38
2023-02-03,ATM15,396.89
2023-02-04,ATM15,285.16
2023-02-05,ATM15,329.95
2023-02-06,ATM15,302.82
2023-02-07,ATM15,264.36
2023-02-08,ATM15,278.36
2023-02-09,ATM15,268.15
2023-02-10,ATM15,314.29
2023-02-11,ATM15,233.27
2023-02-12,ATM15,309.21
2023-02-13,ATM15,301.81
2023-02-14,ATM15,256.19
2023-02-15,ATM15,262.09
2023-02-16,ATM15,270.91
2023-02-17,ATM15,374.64
2023-02-18,ATM15,265.55
2023-02-19,ATM15,329.29
2023-02-20,ATM15,279.72
2023-02-21,ATM15,283.8
2023-02-22,ATM15,306.22
2023-02-23,ATM15,335.27
2023-02-24,ATM15,427.28
2023-02-25,ATM15,351.05
2023-02-26,ATM15,430.65
2023-02-27,ATM15,440.18
2023-02-28,ATM15,303.61
2023-03-01,ATM15,284.47
2023-03-02,ATM15,263.59
2023-03-03,ATM15,359.52
2023-03-04,ATM15,237.25
2023-03-05,ATM15,245.65
2023-03-06,ATM15,240.35
2023-03-07,ATM15,204.91
2023-03-08,ATM15,248.86
2023-03-09,ATM15,246.24
2023-03-10,ATM15,257.26
2023-03-11,ATM15,233.97
2023-03-12,ATM15,290.23
2023-03-13,ATM15,232.18
2023-03-14,ATM15,220.31
2023-03-15,ATM15,241.46
2023-03-16,ATM15,256.76
2023-03-17,ATM15,310.43
2023-03-18,ATM15,291.09
2023-03-19,ATM15,404.54
2023-03-20,ATM15,319.8
2023-03-21,ATM15,237.88
2023-03-22,ATM15,245.47
2023-03-23,ATM15,274.71
2023-03-24,ATM15,329.74
2023-03-25,ATM15,322.97
2023-03-26,ATM15,460.87
2023-03-27,ATM15,313.82
2023-03-28,ATM15,278.48
2023-03-29,ATM15,345.79
2023-03-30,ATM15,319.75
2023-03-31,ATM15,418.12
2023-04-01,ATM15,346.94
2023-04-02,ATM15,444.55
2023-04-03,ATM15,440.52
2023-04-04,ATM15,360.27
2023-04-05,ATM15,277.35
2023-04-06,ATM15,294.75
2023-04-07,ATM15,493.88
2023-04-08,ATM15,309.4
2023-04-09,ATM15,402.48
2023-04-10,ATM15,281.32
2023-04-11,ATM15,259.3
2023-04-12,ATM15,338.11
2023-04-13,ATM15,369.11
2023-04-14,ATM15,434.79
2023-04-15,ATM15,328.63
2023-04-16,ATM15,330.52
2023-04-17,ATM15,402.02
2023-04-18,ATM15,367.86
2023-04-19,ATM15,325.72
2023-04-20,ATM15,388.63
2023-04-21,ATM15,529.08
2023-04-22,ATM15,269.54
2023-04-23,ATM15,317.81
2023-04-24,ATM15,336.91
2023-04-25,ATM15,322.88
2023-04-26,ATM15,338.3
2023-04-27,ATM15,391.92
2023-04-28,ATM15,507.44
2023-04-29,ATM15,398.07
2023-04-30,ATM15,387.03
2023-05-01,ATM15,351.67
2023-05-02,ATM15,352.39
2023-05-03,ATM15,278.21
2023-05-04,ATM15,279.59
2023-05-05,ATM15,368.85
2023-05-06,ATM15,325.6
2023-05-07,ATM15,281.13
2023-05-08,ATM15,343.74
2023-05-09,ATM15,329.9
2023-05-10,ATM15,291.52
2023-05-11,ATM15,282.06
2023-05-12,ATM15,349.27
2023-05-13,ATM15,250.36
2023-05-14,ATM15,291.68
2023-05-15,ATM15,242.05
2023-05-16,ATM15,199.67
2023-05-17,ATM15,299.82
2023-05-18,ATM15,295.22
2023-05-19,ATM15,349.11
2023-05-20,ATM15,267.56
2023-05-21,ATM15,279.67
2023-05-22,ATM15,269.95
2023-05-23,ATM15,256.45
2023-05-24,ATM15,253.95
2023-05-25,ATM15,287.9
2023-05-26,ATM15,384.08
2023-05-27,ATM15,308.84
2023-05-28,ATM15,368.29
2023-05-29,ATM15,368.66
2023-05-30,ATM15,309.45
2023-05-31,ATM15,299.21
2023-06-01,ATM15,334.8
2023-06-02,ATM15,368.39
2023-06-03,ATM15,219.43
2023-06-04,ATM15,304.86
2023-06-05,ATM15,277.25
2023-06-06,ATM15,233.62
2023-06-07,ATM15,280.77
2023-06-08,ATM15,286.62
2023-06-09,ATM15,299.93
2023-06-10,ATM15,303.71
2023-06-11,ATM15,271.29
2023-06-12,ATM15,272.45
2023-06-13,ATM15,206.83
2023-06-14,ATM15,242.36
2023-06-15,ATM15,247.82
2023-06-16,ATM15,344.66
2023-06-17,ATM15,265.93
2023-06-18,ATM15,353.79
2023-06-19,ATM15,295.52
2023-06-20,ATM15,221.26
2023-06-21,ATM15,248.81
2023-06-22,ATM15,261.6
2023-06-23,ATM15,264.07
2023-06-24,ATM15,210.35
2023-06-25,ATM15,290.86
2023-06-26,ATM15,363.36
2023-06-27,ATM15,338.01
2023-06-28,ATM15,304.73
2023-06-29,ATM15,301.48
2023-06-30,ATM15,310.97
2023-07-01,ATM15,257.93
2023-07-02,ATM15,339.16
2023-07-03,ATM15,303.52
2023-07-04,ATM15,257.71
2023-07-05,ATM15,264.62
2023-07-06,ATM15,293.78
2023-07-07,ATM15,347.52
2023-07-08,ATM15,300.8
2023-07-09,ATM15,341.55
2023-07-10,ATM15,315.85
2023-07-11,ATM15,327.97
2023-07-12,ATM15,316.51
2023-07-13,ATM15,362.52
2023-07-14,ATM15,346.51
2023-07-15,ATM15,223.77
2023-07-16,ATM15,277.33
2023-07-17,ATM15,270.39
2023-07-18,ATM15,297.25
2023-07-19,ATM15,244.04
2023-07-20,ATM15,263.86
2023-07-21,ATM15,337.98
2023-07-22,ATM15,266.43
2023-07-23,ATM15,298.83
2023-07-24,ATM15,298.05
2023-07-25,ATM15,342.37
2023-07-26,ATM15,376.37
2023-07-27,ATM15,350.41
2023-07-28,ATM15,362.4
2023-07-29,ATM15,347.48
2023-07-30,ATM15,329.02
2023-07-31,ATM15,393.28
2023-08-01,ATM15,374.83
2023-08-02,ATM15,389.86
2023-08-03,ATM15,347.42
2023-08-04,ATM15,296.83
2023-08-05,ATM15,226.94
2023-08-06,ATM15,299.95
2023-08-07,ATM15,272.73
2023-08-08,ATM15,251.16
2023-08-09,ATM15,280.37
2023-08-10,ATM15,272.25
2023-08-11,ATM15,286.31
2023-08-12,ATM15,269.22
2023-08-13,ATM15,323.34
2023-08-14,ATM15,288.46
2023-08-15,ATM15,281.35
2023-08-16,ATM15,271.93
2023-08-17,ATM15,290.65
2023-08-18,ATM15,359.31
2023-08-19,ATM15,312.77
2023-08-20,ATM15,265.87
2023-08-21,ATM15,285.41
2023-08-22,ATM15,247.74
2023-08-23,ATM15,231.11
2023-08-24,ATM15,294.36
2023-08-25,ATM15,429.65
2023-08-26,ATM15,253.66
2023-08-27,ATM15,347.22
2023-08-28,ATM15,352.6
2023-08-29,ATM15,283.77
2023-08-30,ATM15,265.88
2023-08-31,ATM15,250.11
2023-09-01,ATM15,327.47
2023-09-02,ATM15,274.39
2023-09-03,ATM15,329.66
2023-09-04,ATM15,315.18
2023-09-05,ATM15,246.54
2023-09-06,ATM15,266.35
2023-09-07,ATM15,274.95
2023-09-08,ATM15,303.44
2023-09-09,ATM15,215.26
2023-09-10,ATM15,289.61
2023-09-11,ATM15,295.8
2023-09-12,ATM15,279.25
2023-09-13,ATM15,247.11
2023-09-14,ATM15,271.77
2023-09-15,ATM15,280.58
2023-09-16,ATM15,216.64
2023-09-17,ATM15,277.48
2023-09-18,ATM15,284.22
2023-09-19,ATM15,215.57
2023-09-20,ATM15,212.02
2023-09-21,ATM15,239.03
2023-09-22,ATM15,342.19
2023-09-23,ATM15,241.34
2023-09-24,ATM15,294.61
2023-09-25,ATM15,335.0
2023-09-26,ATM15,291.6
2023-09-27,ATM15,303.35
2023-09-28,ATM15,272.18
2023-09-29,ATM15,327.88
2023-09-30,ATM15,327.21
2023-10-01,ATM15,423.74
2023-10-02,ATM15,395.47
2023-10-03,ATM15,331.09
2023-10-04,ATM15,241.91
2023-10-05,ATM15,243.49
2023-10-06,ATM15,307.15
2023-10-07,ATM15,335.65
2023-10-08,ATM15,332.79
2023-10-09,ATM15,332.77
2023-10-10,ATM15,282.56
2023-10-11,ATM15,279.4
2023-10-12,ATM15,280.63
2023-10-13,ATM15,289.68
2023-10-14,ATM15,181.67
2023-10-15,ATM15,293.55
2023-10-16,ATM15,264.17
2023-10-17,ATM15,202.83
2023-10-18,ATM15,242.74
2023-10-19,ATM15,276.43
2023-10-20,ATM15,357.1
2023-10-21,ATM15,303.62
2023-10-22,ATM15,290.21
2023-10-23,ATM15,255.33
2023-10-24,ATM15,236.73
2023-10-25,ATM15,312.02
2023-10-26,ATM15,253.15
2023-10-27,ATM15,345.32
2023-10-28,ATM15,316.37
2023-10-29,ATM15,389.41
2023-10-30,ATM15,374.46
2023-10-31,ATM15,353.42
2023-11-01,ATM15,236.86
2023-11-02,ATM15,336.4
2023-11-03,ATM15,364.48
2023-11-04,ATM15,321.3
2023-11-05,ATM15,296.27
2023-11-06,ATM15,239.49
2023-11-07,ATM15,296.78
2023-11-08,ATM15,253.67
2023-11-09,ATM15,266.23
2023-11-10,ATM15,334.79
2023-11-11,ATM15,283.63
2023-11-12,ATM15,350.14
2023-11-13,ATM15,313.1
2023-11-14,ATM15,239.0
2023-11-15,ATM15,268.7
2023-11-16,ATM15,298.66
2023-11-17,ATM15,277.8
2023-11-18,ATM15,279.86
2023-11-19,ATM15,235.02
2023-11-20,ATM15,285.97
2023-11-21,ATM15,240.19
2023-11-22,ATM15,269.15
2023-11-23,ATM15,291.85
2023-11-24,ATM15,334.17
2023-11-25,ATM15,314.29
2023-11-26,ATM15,348.06
2023-11-27,ATM15,355.59
2023-11-28,ATM15,389.96
2023-11-29,ATM15,288.48
2023-11-30,ATM15,216.38
2023-12-01,ATM15,302.41
2023-12-02,ATM15,254.47
2023-12-03,ATM15,278.42
2023-12-04,ATM15,254.62
2023-12-05,ATM15,275.4
2023-12-06,ATM15,232.89
2023-12-07,ATM15,278.08
2023-12-08,ATM15,360.51
2023-12-09,ATM15,285.2
2023-12-10,ATM15,321.88
2023-12-11,ATM15,325.94
2023-12-12,ATM15,274.41
2023-12-13,ATM15,254.2
2023-12-14,ATM15,283.32
2023-12-15,ATM15,381.47
2023-12-16,ATM15,317.15
2023-12-17,ATM15,281.94
2023-12-18,ATM15,282.69
2023-12-19,ATM15,237.31
2023-12-20,ATM15,274.37
2023-12-21,ATM15,313.95
2023-12-22,ATM15,350.35
2023-12-23,ATM15,255.32
2023-12-24,ATM15,329.54
2023-12-25,ATM15,315.47
2023-12-26,ATM15,371.17
2023-12-27,ATM15,413.84
2023-12-28,ATM15,420.21
2023-12-29,ATM15,455.92
2023-12-30,ATM15,410.97
2023-12-31,ATM15,423.74
2024-01-01,ATM15,295.55
2024-01-02,ATM15,274.05
2024-01-03,ATM15,239.38
2024-01-04,ATM15,267.25
2024-01-05,ATM15,346.74
2024-01-06,ATM15,231.23
2024-01-07,ATM15,275.62
2024-01-08,ATM15,286.66
2024-01-09,ATM15,282.63
2024-01-10,ATM15,261.15
2024-01-11,ATM15,278.74
2024-01-12,ATM15,285.91
2024-01-13,ATM15,218.62
2024-01-14,ATM15,273.64
2024-01-15,ATM15,288.06
2024-01-16,ATM15,264.1
2024-01-17,ATM15,235.9
2024-01-18,ATM15,252.44
2024-01-19,ATM15,369.88
2024-01-20,ATM15,287.98
2024-01-21,ATM15,306.19
2024-01-22,ATM15,255.77
2024-01-23,ATM15,225.53
2024-01-24,ATM15,241.29
2024-01-25,ATM15,310.14
2024-01-26,ATM15,394.7
2024-01-27,ATM15,314.62
2024-01-28,ATM15,336.16
2024-01-29,ATM15,304.7
2024-01-30,ATM15,356.85
2024-01-31,ATM15,300.96
2024-02-01,ATM15,270.61
2024-02-02,ATM15,291.16
2024-02-03,ATM15,229.69
2024-02-04,ATM15,319.58
2024-02-05,ATM15,280.44
2024-02-06,ATM15,306.19
2024-02-07,ATM15,282.98
2024-02-08,ATM15,325.06
2024-02-09,ATM15,330.35
2024-02-10,ATM15,209.35
2024-02-11,ATM15,285.62
2024-02-12,ATM15,292.24
2024-02-13,ATM15,253.63
2024-02-14,ATM15,262.16
2024-02-15,ATM15,289.35
2024-02-16,ATM15,284.36
2024-02-17,ATM15,231.69
2024-02-18,ATM15,266.5
2024-02-19,ATM15,254.97
2024-02-20,ATM15,254.29
2024-02-21,ATM15,240.32
2024-02-22,ATM15,209.09
2024-02-23,ATM15,279.73
2024-02-24,ATM15,212.3
2024-02-25,ATM15,329.31
2024-02-26,ATM15,348.32
2024-02-27,ATM15,237.77
2024-02-28,ATM15,244.34
2024-02-29,ATM15,294.73
2024-03-01,ATM15,309.75
2024-03-02,ATM15,293.97
2024-03-03,ATM15,345.57
2024-03-04,ATM15,303.47
2024-03-05,ATM15,247.22
2024-03-06,ATM15,199.13
2024-03-07,ATM15,268.15
2024-03-08,ATM15,409.69
2024-03-09,ATM15,353.41
2024-03-10,ATM15,326.96
2024-03-11,ATM15,260.69
2024-03-12,ATM15,268.95
2024-03-13,ATM15,256.58
2024-03-14,ATM15,282.59
2024-03-15,ATM15,339.46
2024-03-16,ATM15,262.72
2024-03-17,ATM15,333.72
2024-03-18,ATM15,333.45
2024-03-19,ATM15,258.58
2024-03-20,ATM15,236.88
2024-03-21,ATM15,204.29
2024-03-22,ATM15,287.78
2024-03-23,ATM15,228.47
2024-03-24,ATM15,316.78
2024-03-25,ATM15,351.35
2024-03-26,ATM15,327.11
2024-03-27,ATM15,375.87
2024-03-28,ATM15,407.06
2024-03-29,ATM15,472.86
2024-03-30,ATM15,454.84
2024-03-31,ATM15,523.59
2024-04-01,ATM15,443.74
2024-04-02,ATM15,386.42
2024-04-03,ATM15,396.14
2024-04-04,ATM15,416.93
2024-04-05,ATM15,436.76
2024-04-06,ATM15,409.96
2024-04-07,ATM15,538.43
2024-04-08,ATM15,544.47
2024-04-09,ATM15,530.93
2024-04-10,ATM15,368.94
2024-04-11,ATM15,388.5
2024-04-12,ATM15,444.63
2024-04-13,ATM15,309.34
2024-04-14,ATM15,282.74
2024-04-15,ATM15,297.06
2024-04-16,ATM15,296.75
2024-04-17,ATM15,289.64
2024-04-18,ATM15,241.56
2024-04-19,ATM15,308.38
2024-04-20,ATM15,275.44
2024-04-21,ATM15,277.43
2024-04-22,ATM15,280.71
2024-04-23,ATM15,265.73
2024-04-24,ATM15,289.42
2024-04-25,ATM15,391.93
2024-04-26,ATM15,393.02
2024-04-27,ATM15,305.26
2024-04-28,ATM15,351.62
2024-04-29,ATM15,351.22
2024-04-30,ATM15,320.33
2024-05-01,ATM15,319.0
2024-05-02,ATM15,258.3
2024-05-03,ATM15,322.98
2024-05-04,ATM15,274.0
2024-05-05,ATM15,302.26
2024-05-06,ATM15,225.83
2024-05-07,ATM15,233.15
2024-05-08,ATM15,230.34
2024-05-09,ATM15,313.59
2024-05-10,ATM15,350.3
2024-05-11,ATM15,240.78
2024-05-12,ATM15,227.82
2024-05-13,ATM15,265.57
2024-05-14,ATM15,265.94
2024-05-15,ATM15,251.78
2024-05-16,ATM15,282.96
2024-05-17,ATM15,314.91
2024-05-18,ATM15,281.58
2024-05-19,ATM15,341.57
2024-05-20,ATM15,249.24
2024-05-21,ATM15,205.25
2024-05-22,ATM15,286.78
2024-05-23,ATM15,310.93
2024-05-24,ATM15,297.0
2024-05-25,ATM15,235.86
2024-05-26,ATM15,312.28
2024-05-27,ATM15,272.91
2024-05-28,ATM15,259.85
2024-05-29,ATM15,273.86
2024-05-30,ATM15,293.76
2024-05-31,ATM15,406.41
2024-06-01,ATM15,333.7
2024-06-02,ATM15,354.77
2024-06-03,ATM15,262.86
2024-06-04,ATM15,261.84
2024-06-05,ATM15,313.44
2024-06-06,ATM15,286.0
2024-06-07,ATM15,369.38
2024-06-08,ATM15,251.04
2024-06-09,ATM15,298.24
2024-06-10,ATM15,241.94
2024-06-11,ATM15,236.08
2024-06-12,ATM15,240.83
2024-06-13,ATM15,276.99
2024-06-14,ATM15,393.39
2024-06-15,ATM15,264.7
2024-06-16,ATM15,238.6
2024-06-17,ATM15,223.16
2024-06-18,ATM15,246.28
2024-06-19,ATM15,254.09
2024-06-20,ATM15,260.72
2024-06-21,ATM15,370.62
2024-06-22,ATM15,272.89
2024-06-23,ATM15,297.82
2024-06-24,ATM15,257.04
2024-06-25,ATM15,229.74
2024-06-26,ATM15,269.57
2024-06-27,ATM15,302.11
2024-06-28,ATM15,323.03
2024-06-29,ATM15,271.45
2024-06-30,ATM15,319.33
2024-07-01,ATM15,291.17
2024-07-02,ATM15,253.3
2024-07-03,ATM15,257.99
2024-07-04,ATM15,266.69
2024-07-05,ATM15,304.91
2024-07-06,ATM15,229.25
2024-07-07,ATM15,281.07
2024-07-08,ATM15,309.13
2024-07-09,ATM15,275.44
2024-07-10,ATM15,249.29
2024-07-11,ATM15,271.72
2024-07-12,ATM15,371.99
2024-07-13,ATM15,283.82
2024-07-14,ATM15,315.12
2024-07-15,ATM15,307.69
2024-07-16,ATM15,257.63
2024-07-17,ATM15,258.33
2024-07-18,ATM15,252.81
2024-07-19,ATM15,261.21
2024-07-20,ATM15,238.07
2024-07-21,ATM15,293.81
2024-07-22,ATM15,269.14
2024-07-23,ATM15,276.49
2024-07-24,ATM15,241.28
2024-07-25,ATM15,244.73
2024-07-26,ATM15,305.21
2024-07-27,ATM15,224.04
2024-07-28,ATM15,308.3
2024-07-29,ATM15,282.1
2024-07-30,ATM15,303.12
2024-07-31,ATM15,326.73
2024-08-01,ATM15,288.98
2024-08-02,ATM15,324.77
2024-08-03,ATM15,262.93
2024-08-04,ATM15,337.17
2024-08-05,ATM15,242.44
2024-08-06,ATM15,248.52
2024-08-07,ATM15,200.12
2024-08-08,ATM15,229.07
2024-08-09,ATM15,341.96
2024-08-10,ATM15,352.83
2024-08-11,ATM15,328.4
2024-08-12,ATM15,254.28
2024-08-13,ATM15,226.98
2024-08-14,ATM15,240.43
2024-08-15,ATM15,239.51
2024-08-16,ATM15,272.61
2024-08-17,ATM15,200.33
2024-08-18,ATM15,286.08
2024-08-19,ATM15,268.93
2024-08-20,ATM15,223.43
2024-08-21,ATM15,220.07
2024-08-22,ATM15,236.64
2024-08-23,ATM15,268.8
2024-08-24,ATM15,214.37
2024-08-25,ATM15,332.26
2024-08-26,ATM15,308.44
2024-08-27,ATM15,233.06
2024-08-28,ATM15,291.72
2024-08-29,ATM15,317.71
2024-08-30,ATM15,317.58
2024-08-31,ATM15,258.99
2024-09-01,ATM15,289.96
2024-09-02,ATM15,320.41
2024-09-03,ATM15,250.7
2024-09-04,ATM15,253.35
2024-09-05,ATM15,264.52
2024-09-06,ATM15,274.38
2024-09-07,ATM15,279.41
2024-09-08,ATM15,333.87
2024-09-09,ATM15,276.8
2024-09-10,ATM15,249.39
2024-09-11,ATM15,276.69
2024-09-12,ATM15,275.85
2024-09-13,ATM15,381.0
2024-09-14,ATM15,373.2
2024-09-15,ATM15,340.23
2024-09-16,ATM15,277.34
2024-09-17,ATM15,223.48
2024-09-18,ATM15,185.39
2024-09-19,ATM15,262.53
2024-09-20,ATM15,301.86
2024-09-21,ATM15,268.33
2024-09-22,ATM15,334.62
2024-09-23,ATM15,260.47
2024-09-24,ATM15,218.56
2024-09-25,ATM15,326.09
2024-09-26,ATM15,316.06
2024-09-27,ATM15,342.45
2024-09-28,ATM15,248.18
2024-09-29,ATM15,305.0
2024-09-30,ATM15,358.52
2024-10-01,ATM15,325.4
2024-10-02,ATM15,308.28
2024-10-03,ATM15,335.93
2024-10-04,ATM15,418.47
2024-10-05,ATM15,299.76
2024-10-06,ATM15,434.04
2024-10-07,ATM15,328.51
2024-10-08,ATM15,310.44
2024-10-09,ATM15,268.67
2024-10-10,ATM15,292.43
2024-10-11,ATM15,320.12
2024-10-12,ATM15,262.89
2024-10-13,ATM15,382.59
2024-10-14,ATM15,345.52
2024-10-15,ATM15,289.37
2024-10-16,ATM15,243.52
2024-10-17,ATM15,263.68
2024-10-18,ATM15,280.94
2024-10-19,ATM15,259.66
2024-10-20,ATM15,321.45
2024-10-21,ATM15,281.96
2024-10-22,ATM15,300.76
2024-10-23,ATM15,318.9
2024-10-24,ATM15,296.31
2024-10-25,ATM15,404.65
2024-10-26,ATM15,280.81
2024-10-27,ATM15,317.27
2024-10-28,ATM15,274.1
2024-10-29,ATM15,253.26
2024-10-30,ATM15,266.38
2024-10-31,ATM15,241.71
2024-11-01,ATM15,346.98
2024-11-02,ATM15,312.69
2024-11-03,ATM15,311.38
2024-11-04,ATM15,215.69
2024-11-05,ATM15,221.02
2024-11-06,ATM15,206.18
2024-11-07,ATM15,229.28
2024-11-08,ATM15,353.78
2024-11-09,ATM15,204.51
2024-11-10,ATM15,235.01
2024-11-11,ATM15,273.28
2024-11-12,ATM15,228.31
2024-11-13,ATM15,218.41
2024-11-14,ATM15,306.99
2024-11-15,ATM15,349.77
2024-11-16,ATM15,287.55
2024-11-17,ATM15,322.65
2024-11-18,ATM15,292.72
2024-11-19,ATM15,292.2
2024-11-20,ATM15,327.72
2024-11-21,ATM15,244.75
2024-11-22,ATM15,301.68
2024-11-23,ATM15,241.5
2024-11-24,ATM15,269.33
2024-11-25,ATM15,339.46
2024-11-26,ATM15,301.79
2024-11-27,ATM15,359.72
2024-11-28,ATM15,374.21
2024-11-29,ATM15,459.82
2024-11-30,ATM15,277.49
2024-12-01,ATM15,296.91
2024-12-02,ATM15,275.99
2024-12-03,ATM15,280.81
2024-12-04,ATM15,240.23
2024-12-05,ATM15,236.47
2024-12-06,ATM15,269.81
2024-12-07,ATM15,319.74
2024-12-08,ATM15,322.83
2024-12-09,ATM15,311.94
2024-12-10,ATM15,225.97
2024-12-11,ATM15,262.72
2024-12-12,ATM15,219.09
2024-12-13,ATM15,258.36
2024-12-14,ATM15,208.53
2024-12-15,ATM15,292.01
2024-12-16,ATM15,262.39
2024-12-17,ATM15,298.08
2024-12-18,ATM15,295.13
2024-12-19,ATM15,271.23
2024-12-20,ATM15,368.61
2024-12-21,ATM15,264.82
2024-12-22,ATM15,287.22
2024-12-23,ATM15,313.47
2024-12-24,ATM15,208.41
2024-12-25,ATM15,266.62
2024-12-26,ATM15,292.51
2024-12-27,ATM15,340.97
2024-12-28,ATM15,357.48
2024-12-29,ATM15,357.16
2024-12-30,ATM15,375.71
2024-12-31,ATM15,329.62
2025-01-01,ATM15,274.0
2025-01-02,ATM15,298.54
2025-01-03,ATM15,313.49
2025-01-04,ATM15,298.42
2025-01-05,ATM15,351.52
2025-01-06,ATM15,288.9
2025-01-07,ATM15,230.1
2025-01-08,ATM15,228.57
2025-01-09,ATM15,284.95
2025-01-10,ATM15,360.82
2025-01-11,ATM15,278.69
2025-01-12,ATM15,251.3
2025-01-13,ATM15,278.18
2025-01-14,ATM15,285.8
2025-01-15,ATM15,267.23
2025-01-16,ATM15,332.89
2025-01-17,ATM15,299.69
2025-01-18,ATM15,259.92
2025-01-19,ATM15,259.94
2025-01-20,ATM15,291.95
2025-01-21,ATM15,270.59
2025-01-22,ATM15,311.72
2025-01-23,ATM15,303.03
2025-01-24,ATM15,317.63
2025-01-25,ATM15,269.49
2025-01-26,ATM15,310.39
2025-01-27,ATM15,287.2
2025-01-28,ATM15,314.32
2025-01-29,ATM15,305.75
2025-01-30,ATM15,272.97
2025-01-31,ATM15,343.42
2025-02-01,ATM15,278.44
2025-02-02,ATM15,296.98
2025-02-03,ATM15,283.87
2025-02-04,ATM15,300.23
2025-02-05,ATM15,302.52
2025-02-06,ATM15,335.92
2025-02-07,ATM15,328.97
2025-02-08,ATM15,258.24
2025-02-09,ATM15,272.7
2025-02-10,ATM15,266.9
2025-02-11,ATM15,251.57
2025-02-12,ATM15,274.62
2025-02-13,ATM15,312.62
2025-02-14,ATM15,362.78
2025-02-15,ATM15,238.56
2025-02-16,ATM15,240.7
2025-02-17,ATM15,265.32
2025-02-18,ATM15,285.26
2025-02-19,ATM15,260.66
2025-02-20,ATM15,223.31
2025-02-21,ATM15,363.39
2025-02-22,ATM15,276.82
2025-02-23,ATM15,304.17
2025-02-24,ATM15,244.73
2025-02-25,ATM15,268.56
2025-02-26,ATM15,296.12
2025-02-27,ATM15,319.17
2025-02-28,ATM15,339.85
2025-03-01,ATM15,273.02
2025-03-02,ATM15,299.23
2025-03-03,ATM15,325.37
2025-03-04,ATM15,299.44
2025-03-05,ATM15,258.11
2025-03-06,ATM15,236.74
2025-03-07,ATM15,313.03
2025-03-08,ATM15,237.82
2025-03-09,ATM15,272.53
2025-03-10,ATM15,234.97
2025-03-11,ATM15,212.83
2025-03-12,ATM15,245.51
2025-03-13,ATM15,266.27
2025-03-14,ATM15,444.45
2025-03-15,ATM15,335.21
2025-03-16,ATM15,317.2
2025-03-17,ATM15,268.19
2025-03-18,ATM15,287.51
2025-03-19,ATM15,287.55
2025-03-20,ATM15,370.15
2025-03-21,ATM15,437.97
2025-03-22,ATM15,271.44
2025-03-23,ATM15,316.24
2025-03-24,ATM15,317.61
2025-03-25,ATM15,386.19
2025-03-26,ATM15,354.91
2025-03-27,ATM15,414.64
2025-03-28,ATM15,446.91
2025-03-29,ATM15,394.42
2025-03-30,ATM15,503.78
2025-03-31,ATM15,375.49
2025-04-01,ATM15,318.86
2025-04-02,ATM15,306.33
2025-04-03,ATM15,353.81
2025-04-04,ATM15,384.33
2025-04-05,ATM15,323.19
2025-04-06,ATM15,330.11
2025-04-07,ATM15,316.52
2025-04-08,ATM15,257.7
2025-04-09,ATM15,275.44
2025-04-10,ATM15,298.53
2025-04-11,ATM15,317.8
2025-04-12,ATM15,234.55
2025-04-13,ATM15,287.82
2025-04-14,ATM15,245.06
2025-04-15,ATM15,196.77
2025-04-16,ATM15,229.08
2025-04-17,ATM15,245.44
2025-04-18,ATM15,296.17
2025-04-19,ATM15,252.45
2025-04-20,ATM15,306.86
2025-04-21,ATM15,273.49
2025-04-22,ATM15,215.83
2025-04-23,ATM15,214.04
2025-04-24,ATM15,256.78
2025-04-25,ATM15,357.71
2025-04-26,ATM15,263.7
2025-04-27,ATM15,288.15
2025-04-28,ATM15,312.64
2025-04-29,ATM15,273.2
2025-04-30,ATM15,299.37
2025-05-01,ATM15,299.66
2025-05-02,ATM15,359.2
2025-05-03,ATM15,283.0
2025-05-04,ATM15,312.2
2025-05-05,ATM15,295.75
2025-05-06,ATM15,203.51
2025-05-07,ATM15,205.71
2025-05-08,ATM15,218.87
2025-05-09,ATM15,281.84
2025-05-10,ATM15,231.14
2025-05-11,ATM15,278.6
2025-05-12,ATM15,274.68
2025-05-13,ATM15,226.61
2025-05-14,ATM15,252.91
2025-05-15,ATM15,316.28
2025-05-16,ATM15,323.29
2025-05-17,ATM15,230.11
2025-05-18,ATM15,253.37
2025-05-19,ATM15,257.34
2025-05-20,ATM15,223.84
2025-05-21,ATM15,192.61
2025-05-22,ATM15,195.27
2025-05-23,ATM15,302.53
2025-05-24,ATM15,276.51
2025-05-25,ATM15,406.74
2025-05-26,ATM15,349.08
2025-05-27,ATM15,263.33
2025-05-28,ATM15,257.84
2025-05-29,ATM15,239.42
2025-05-30,ATM15,270.38
2025-05-31,ATM15,253.45
2025-06-01,ATM15,294.01
2025-06-02,ATM15,382.51
2025-06-03,ATM15,275.4
2025-06-04,ATM15,225.48
2025-06-05,ATM15,248.49
2025-06-06,ATM15,269.16
2025-06-07,ATM15,231.68
2025-06-08,ATM15,291.18
2025-06-09,ATM15,242.95
2025-06-10,ATM15,229.55
2025-06-11,ATM15,252.82
2025-06-12,ATM15,302.43
2025-06-13,ATM15,340.22
2025-06-14,ATM15,283.58
2025-06-15,ATM15,285.32
2025-06-16,ATM15,259.61
2025-06-17,ATM15,275.67
2025-06-18,ATM15,219.65
2025-06-19,ATM15,232.2
2025-06-20,ATM15,330.38
2025-06-21,ATM15,243.68
2025-06-22,ATM15,271.06
2025-06-23,ATM15,254.67
2025-06-24,ATM15,238.59
2025-06-25,ATM15,310.04
2025-06-26,ATM15,338.7
2025-06-27,ATM15,373.78
2025-06-28,ATM15,320.92
2025-06-29,ATM15,354.85
2025-06-30,ATM15,351.17
2025-07-01,ATM15,262.36
2025-07-02,ATM15,326.32
2025-07-03,ATM15,291.35
2025-07-04,ATM15,244.5
2025-07-05,ATM15,267.6
2025-07-06,ATM15,298.8
2025-07-07,ATM15,268.48
2025-07-08,ATM15,230.97
2025-07-09,ATM15,253.29
2025-07-10,ATM15,229.79
2025-07-11,ATM15,272.22
2025-07-12,ATM15,214.82
2025-07-13,ATM15,255.58
2025-07-14,ATM15,240.97
2025-07-15,ATM15,252.0
2025-07-16,ATM15,252.28
2025-07-17,ATM15,269.27
2025-07-18,ATM15,333.0
2025-07-19,ATM15,247.3
2025-07-20,ATM15,251.23
2025-07-21,ATM15,308.5
2025-07-22,ATM15,283.83
2025-07-23,ATM15,308.35
2025-07-24,ATM15,316.12
2025-07-25,ATM15,365.71
2025-07-26,ATM15,217.27
2025-07-27,ATM15,250.03
2025-07-28,ATM15,292.2
2025-07-29,ATM15,266.97
2025-07-30,ATM15,258.92
2025-07-31,ATM15,213.92
2025-08-01,ATM15,302.46
2025-08-02,ATM15,229.19
2025-08-03,ATM15,245.9
2025-08-04,ATM15,281.56
2025-08-05,ATM15,224.83
2025-08-06,ATM15,214.77
2025-08-07,ATM15,250.46
2025-08-08,ATM15,339.41
2025-08-09,ATM15,246.65
2025-08-10,ATM15,323.01
2025-08-11,ATM15,245.73
2025-08-12,ATM15,196.9
2025-08-13,ATM15,184.67
2025-08-14,ATM15,186.52
2025-08-15,ATM15,273.41
2025-08-16,ATM15,204.95
2025-08-17,ATM15,198.7
2025-08-18,ATM15,248.39
2025-08-19,ATM15,254.08
2025-08-20,ATM15,275.28
2025-08-21,ATM15,294.65
2025-08-22,ATM15,292.44
2025-08-23,ATM15,242.39
2025-08-24,ATM15,293.53
2025-08-25,ATM15,295.44
2025-08-26,ATM15,275.79
2025-08-27,ATM15,239.33
2025-08-28,ATM15,253.13
2025-08-29,ATM15,339.76
2025-08-30,ATM15,320.5
2025-08-31,ATM15,386.11
2025-09-01,ATM15,355.46
2025-09-02,ATM15,296.8
2025-09-03,ATM15,255.72
2025-09-04,ATM15,225.97
2025-09-05,ATM15,268.07
2025-09-06,ATM15,211.88
2025-09-07,ATM15,285.24
2025-09-08,ATM15,303.48
2025-09-09,ATM15,281.76
2025-09-10,ATM15,286.48
2025-09-11,ATM15,274.25
2025-09-12,ATM15,280.76
2025-09-13,ATM15,229.29
2025-09-14,ATM15,249.95
2025-09-15,ATM15,270.33
2025-09-16,ATM15,231.33
2025-09-17,ATM15,232.14
2025-09-18,ATM15,267.01
2025-09-19,ATM15,284.76
2025-09-20,ATM15,257.86
2025-09-21,ATM15,245.96
2025-09-22,ATM15,258.09
2025-09-23,ATM15,233.23
2025-09-24,ATM15,257.87
2025-09-25,ATM15,256.32
2025-09-26,ATM15,276.66
2025-09-27,ATM15,268.36
2025-09-28,ATM15,300.3
2025-09-29,ATM15,291.73
2025-09-30,ATM15,249.89
2025-10-01,ATM15,289.83
2025-10-02,ATM15,304.83
2025-10-03,ATM15,330.12
2025-10-04,ATM15,223.09
2025-10-05,ATM15,289.08
2025-10-06,ATM15,246.27
2025-10-07,ATM15,219.6
2025-10-08,ATM15,201.84
2025-10-09,ATM15,233.62
2025-10-10,ATM15,320.21
2025-10-11,ATM15,250.33
2025-10-12,ATM15,267.77
2025-10-13,ATM15,262.03
2025-10-14,ATM15,239.58
2025-10-15,ATM15,239.71
2025-10-16,ATM15,255.48
2025-10-17,ATM15,269.64
2025-10-18,ATM15,228.55
2025-10-19,ATM15,222.35
2025-10-20,ATM15,253.58
2025-10-21,ATM15,206.65
2025-10-22,ATM15,253.34
2025-10-23,ATM15,196.19
2025-10-24,ATM15,322.6
2025-10-25,ATM15,235.04
2025-10-26,ATM15,258.35
2025-10-27,ATM15,284.07
2025-10-28,ATM15,283.69
2025-10-29,ATM15,268.55
2025-10-30,ATM15,313.85
2025-10-31,ATM15,327.81
2025-11-01,ATM15,254.67
2025-11-02,ATM15,295.52
2025-11-03,ATM15,249.99
2025-11-04,ATM15,191.8
2025-11-05,ATM15,219.69
2025-11-06,ATM15,243.38
2025-11-07,ATM15,340.74
2025-11-08,ATM15,222.91
2025-11-09,ATM15,254.32
2025-11-10,ATM15,282.61
2025-11-11,ATM15,252.65
2025-11-12,ATM15,258.45
2025-11-13,ATM15,271.95
2025-11-14,ATM15,326.42
2025-11-15,ATM15,300.23
2025-11-16,ATM15,307.46
2025-11-17,ATM15,245.96
2025-11-18,ATM15,246.43
2025-11-19,ATM15,225.94
2025-11-20,ATM15,240.49
2025-11-21,ATM15,305.75
2025-11-22,ATM15,217.89
2025-11-23,ATM15,249.0
2025-11-24,ATM15,263.33
2025-11-25,ATM15,256.33
2025-11-26,ATM15,294.07
2025-11-27,ATM15,265.42
2025-11-28,ATM15,297.08
2025-11-29,ATM15,313.41
2025-11-30,ATM15,282.95
2025-12-01,ATM15,284.88
2025-12-02,ATM15,324.58
2025-12-03,ATM15,266.04
2025-12-04,ATM15,310.99
2025-12-05,ATM15,362.42
2025-12-06,ATM15,263.33
2025-12-07,ATM15,289.38
2025-12-08,ATM15,216.78
2025-12-09,ATM15,214.38
2025-12-10,ATM15,226.85
2025-12-11,ATM15,249.82
2025-12-12,ATM15,391.14
2025-12-13,ATM15,274.45
2025-12-14,ATM15,312.75
2025-12-15,ATM15,339.48
2025-12-16,ATM15,293.47
2025-12-17,ATM15,268.35
2025-12-18,ATM15,271.46
2025-12-19,ATM15,310.6
2025-12-20,ATM15,262.66
2025-12-21,ATM15,292.79
2025-12-22,ATM15,299.84
2025-12-23,ATM15,233.93
2025-12-24,ATM15,248.5
2025-12-25,ATM15,324.67
2025-12-26,ATM15,386.36
2025-12-27,ATM15,364.8
2025-12-28,ATM15,380.11
2025-12-29,ATM15,337.7
2025-12-30,ATM15,301.5
2025-12-31,ATM15,285.9
2022-01-01,ATM16,119.86
2022-01-02,ATM16,162.56
2022-01-03,ATM16,145.36
2022-01-04,ATM16,123.12
2022-01-05,ATM16,138.5
2022-01-06,ATM16,134.75
2022-01-07,ATM16,161.41
2022-01-08,ATM16,104.37
2022-01-09,ATM16,123.64
2022-01-10,ATM16,125.93
2022-01-11,ATM16,126.98
2022-01-12,ATM16,133.72
2022-01-13,ATM16,109.27
2022-01-14,ATM16,118.3
2022-01-15,ATM16,112.18
2022-01-16,ATM16,121.69
2022-01-17,ATM16,135.12
2022-01-18,ATM16,99.12
2022-01-19,ATM16,106.74
2022-01-20,ATM16,116.99
2022-01-21,ATM16,151.28
2022-01-22,ATM16,104.88
2022-01-23,ATM16,103.21
2022-01-24,ATM16,115.84
2022-01-25,ATM16,134.8
2022-01-26,ATM16,149.47
2022-01-27,ATM16,141.82
2022-01-28,ATM16,183.98
2022-01-29,ATM16,146.12
2022-01-30,ATM16,185.76
2022-01-31,ATM16,158.92
2022-02-01,ATM16,102.45
2022-02-02,ATM16,123.04
2022-02-03,ATM16,123.98
2022-02-04,ATM16,159.68
2022-02-05,ATM16,104.14
2022-02-06,ATM16,126.39
2022-02-07,ATM16,140.3
2022-02-08,ATM16,122.07
2022-02-09,ATM16,117.31
2022-02-10,ATM16,148.04
2022-02-11,ATM16,141.72
2022-02-12,ATM16,130.56
2022-02-13,ATM16,158.11
2022-02-14,ATM16,134.27
2022-02-15,ATM16,117.71
2022-02-16,ATM16,116.01
2022-02-17,ATM16,124.26
2022-02-18,ATM16,137.97
2022-02-19,ATM16,107.42
2022-02-20,ATM16,124.45
2022-02-21,ATM16,119.23
2022-02-22,ATM16,108.2
2022-02-23,ATM16,87.62
2022-02-24,ATM16,108.48
2022-02-25,ATM16,150.33
2022-02-26,ATM16,102.9
2022-02-27,ATM16,131.86
2022-02-28,ATM16,131.29
2022-03-01,ATM16,145.25
2022-03-02,ATM16,130.23
2022-03-03,ATM16,135.43
2022-03-04,ATM16,182.56
2022-03-05,ATM16,122.06
2022-03-06,ATM16,139.62
2022-03-07,ATM16,161.14
2022-03-08,ATM16,134.65
2022-03-09,ATM16,131.99
2022-03-10,ATM16,120.92
2022-03-11,ATM16,156.81
2022-03-12,ATM16,118.68
2022-03-13,ATM16,110.56
2022-03-14,ATM16,112.57
2022-03-15,ATM16,95.72
2022-03-16,ATM16,107.34
2022-03-17,ATM16,106.23
2022-03-18,ATM16,144.54
2022-03-19,ATM16,115.44
2022-03-20,ATM16,116.41
2022-03-21,ATM16,113.46
2022-03-22,ATM16,117.12
2022-03-23,ATM16,131.69
2022-03-24,ATM16,116.62
2022-03-25,ATM16,145.73
2022-03-26,ATM16,154.28
2022-03-27,ATM16,164.1
2022-03-28,ATM16,152.45
2022-03-29,ATM16,124.35
2022-03-30,ATM16,131.82
2022-03-31,ATM16,168.0
2022-04-01,ATM16,187.09
2022-04-02,ATM16,156.57
2022-04-03,ATM16,150.71
2022-04-04,ATM16,123.07
2022-04-05,ATM16,107.78
2022-04-06,ATM16,101.24
2022-04-07,ATM16,120.01
2022-04-08,ATM16,169.69
2022-04-09,ATM16,128.67
2022-04-10,ATM16,132.8
2022-04-11,ATM16,119.48
2022-04-12,ATM16,121.02
2022-04-13,ATM16,108.28
2022-04-14,ATM16,111.08
2022-04-15,ATM16,166.89
2022-04-16,ATM16,130.01
2022-04-17,ATM16,150.94
2022-04-18,ATM16,148.03
2022-04-19,ATM16,151.34
2022-04-20,ATM16,152.04
2022-04-21,ATM16,146.74
2022-04-22,ATM16,171.87
2022-04-23,ATM16,143.91
2022-04-24,ATM16,182.39
2022-04-25,ATM16,202.99
2022-04-26,ATM16,184.84
2022-04-27,ATM16,190.77
2022-04-28,ATM16,203.81
2022-04-29,ATM16,229.03
2022-04-30,ATM16,218.69
2022-05-01,ATM16,210.11
2022-05-02,ATM16,152.26
2022-05-03,ATM16,99.41
2022-05-04,ATM16,121.97
2022-05-05,ATM16,121.8
2022-05-06,ATM16,144.64
2022-05-07,ATM16,165.67
2022-05-08,ATM16,178.36
2022-05-09,ATM16,180.45
2022-05-10,ATM16,152.54
2022-05-11,ATM16,151.59
2022-05-12,ATM16,138.38
2022-05-13,ATM16,188.09
2022-05-14,ATM16,143.42
2022-05-15,ATM16,147.92
2022-05-16,ATM16,135.93
2022-05-17,ATM16,116.66
2022-05-18,ATM16,116.31
2022-05-19,ATM16,120.98
2022-05-20,ATM16,151.3
2022-05-21,ATM16,141.7
2022-05-22,ATM16,127.98
2022-05-23,ATM16,141.43
2022-05-24,ATM16,115.75
2022-05-25,ATM16,152.35
2022-05-26,ATM16,142.85
2022-05-27,ATM16,176.65
2022-05-28,ATM16,133.1
2022-05-29,ATM16,126.8
2022-05-30,ATM16,162.37
2022-05-31,ATM16,124.83
2022-06-01,ATM16,116.89
2022-06-02,ATM16,122.82
2022-06-03,ATM16,123.68
2022-06-04,ATM16,106.99
2022-06-05,ATM16,123.53
2022-06-06,ATM16,110.54
2022-06-07,ATM16,110.04
2022-06-08,ATM16,97.97
2022-06-09,ATM16,116.8
2022-06-10,ATM16,137.96
2022-06-11,ATM16,85.39
2022-06-12,ATM16,109.76
2022-06-13,ATM16,122.46
2022-06-14,ATM16,100.42
2022-06-15,ATM16,114.25
2022-06-16,ATM16,126.35
2022-06-17,ATM16,132.15
2022-06-18,ATM16,109.85
2022-06-19,ATM16,142.55
2022-06-20,ATM16,118.78
2022-06-21,ATM16,108.83
2022-06-22,ATM16,127.05
2022-06-23,ATM16,114.96
2022-06-24,ATM16,148.96
2022-06-25,ATM16,118.53
2022-06-26,ATM16,142.89
2022-06-27,ATM16,148.49
2022-06-28,ATM16,102.0
2022-06-29,ATM16,110.69
2022-06-30,ATM16,134.4
2022-07-01,ATM16,168.16
2022-07-02,ATM16,124.94
2022-07-03,ATM16,119.82
2022-07-04,ATM16,132.74
2022-07-05,ATM16,115.66
2022-07-06,ATM16,125.11
2022-07-07,ATM16,133.97
2022-07-08,ATM16,147.9
2022-07-09,ATM16,133.3
2022-07-10,ATM16,117.3
2022-07-11,ATM16,143.11
2022-07-12,ATM16,139.89
2022-07-13,ATM16,140.59
2022-07-14,ATM16,129.53
2022-07-15,ATM16,197.62
2022-07-16,ATM16,133.92
2022-07-17,ATM16,146.01
2022-07-18,ATM16,131.77
2022-07-19,ATM16,102.91
2022-07-20,ATM16,125.76
2022-07-21,ATM16,117.97
2022-07-22,ATM16,158.38
2022-07-23,ATM16,135.4
2022-07-24,ATM16,152.66
2022-07-25,ATM16,143.59
2022-07-26,ATM16,125.96
2022-07-27,ATM16,96.06
2022-07-28,ATM16,118.63
2022-07-29,ATM16,169.24
2022-07-30,ATM16,129.16
2022-07-31,ATM16,141.51
2022-08-01,ATM16,136.06
2022-08-02,ATM16,145.86
2022-08-03,ATM16,124.41
2022-08-04,ATM16,157.06
2022-08-05,ATM16,156.58
2022-08-06,ATM16,124.36
2022-08-07,ATM16,134.24
2022-08-08,ATM16,163.6
2022-08-09,ATM16,134.13
2022-08-10,ATM16,152.12
2022-08-11,ATM16,130.6
2022-08-12,ATM16,177.14
2022-08-13,ATM16,126.89
2022-08-14,ATM16,152.01
2022-08-15,ATM16,117.51
2022-08-16,ATM16,114.89
2022-08-17,ATM16,91.61
2022-08-18,ATM16,117.4
2022-08-19,ATM16,120.75
2022-08-20,ATM16,104.3
2022-08-21,ATM16,143.17
2022-08-22,ATM16,138.89
2022-08-23,ATM16,104.06
2022-08-24,ATM16,88.84
2022-08-25,ATM16,130.36
2022-08-26,ATM16,192.17
2022-08-27,ATM16,126.14
2022-08-28,ATM16,187.98
2022-08-29,ATM16,159.49
2022-08-30,ATM16,110.39
2022-08-31,ATM16,102.23
2022-09-01,ATM16,134.34
2022-09-02,ATM16,166.0
2022-09-03,ATM16,140.41
2022-09-04,ATM16,130.22
2022-09-05,ATM16,130.01
2022-09-06,ATM16,118.55
2022-09-07,ATM16,117.03
2022-09-08,ATM16,119.28
2022-09-09,ATM16,141.38
2022-09-10,ATM16,113.0
2022-09-11,ATM16,135.92
2022-09-12,ATM16,131.26
2022-09-13,ATM16,132.58
2022-09-14,ATM16,106.9
2022-09-15,ATM16,95.5
2022-09-16,ATM16,145.28
2022-09-17,ATM16,103.15
2022-09-18,ATM16,121.0
2022-09-19,ATM16,113.24
2022-09-20,ATM16,101.3
2022-09-21,ATM16,92.05
2022-09-22,ATM16,102.33
2022-09-23,ATM16,143.9
2022-09-24,ATM16,113.86
2022-09-25,ATM16,160.29
2022-09-26,ATM16,140.53
2022-09-27,ATM16,142.73
2022-09-28,ATM16,128.72
2022-09-29,ATM16,108.47
2022-09-30,ATM16,153.75
2022-10-01,ATM16,137.86
2022-10-02,ATM16,145.9
2022-10-03,ATM16,147.47
2022-10-04,ATM16,114.07
2022-10-05,ATM16,125.66
2022-10-06,ATM16,155.49
2022-10-07,ATM16,166.29
2022-10-08,ATM16,121.43
2022-10-09,ATM16,137.39
2022-10-10,ATM16,150.29
2022-10-11,ATM16,128.87
2022-10-12,ATM16,152.34
2022-10-13,ATM16,140.83
2022-10-14,ATM16,143.85
2022-10-15,ATM16,106.74
2022-10-16,ATM16,128.86
2022-10-17,ATM16,99.45
2022-10-18,ATM16,97.14
2022-10-19,ATM16,100.79
2022-10-20,ATM16,116.41
2022-10-21,ATM16,175.62
2022-10-22,ATM16,125.23
2022-10-23,ATM16,111.29
2022-10-24,ATM16,105.37
2022-10-25,ATM16,124.31
2022-10-26,ATM16,129.12
2022-10-27,ATM16,163.61
2022-10-28,ATM16,198.37
2022-10-29,ATM16,157.25
2022-10-30,ATM16,160.59
2022-10-31,ATM16,167.42
2022-11-01,ATM16,126.55
2022-11-02,ATM16,143.28
2022-11-03,ATM16,126.29
2022-11-04,ATM16,128.49
2022-11-05,ATM16,118.21
2022-11-06,ATM16,159.99
2022-11-07,ATM16,134.34
2022-11-08,ATM16,142.47
2022-11-09,ATM16,107.4
2022-11-10,ATM16,100.19
2022-11-11,ATM16,130.37
2022-11-12,ATM16,104.43
2022-11-13,ATM16,117.66
2022-11-14,ATM16,121.15
2022-11-15,ATM16,105.44
2022-11-16,ATM16,105.56
2022-11-17,ATM16,119.25
2022-11-18,ATM16,133.11
2022-11-19,ATM16,108.5
2022-11-20,ATM16,119.96
2022-11-21,ATM16,105.44
2022-11-22,ATM16,114.16
2022-11-23,ATM16,137.3
2022-11-24,ATM16,146.31
2022-11-25,ATM16,187.29
2022-11-26,ATM16,128.79
2022-11-27,ATM16,145.52
2022-11-28,ATM16,159.27
2022-11-29,ATM16,106.15
2022-11-30,ATM16,114.23
2022-12-01,ATM16,140.22
2022-12-02,ATM16,146.75
2022-12-03,ATM16,117.87
2022-12-04,ATM16,142.68
2022-12-05,ATM16,113.59
2022-12-06,ATM16,112.21
2022-12-07,ATM16,108.02
2022-12-08,ATM16,125.24
2022-12-09,ATM16,161.4
2022-12-10,ATM16,122.55
2022-12-11,ATM16,137.03
2022-12-12,ATM16,131.86
2022-12-13,ATM16,101.91
2022-12-14,ATM16,107.68
2022-12-15,ATM16,115.34
2022-12-16,ATM16,164.76
2022-12-17,ATM16,135.77
2022-12-18,ATM16,160.01
2022-12-19,ATM16,172.48
2022-12-20,ATM16,131.64
2022-12-21,ATM16,119.03
2022-12-22,ATM16,122.35
2022-12-23,ATM16,126.6
2022-12-24,ATM16,94.58
2022-12-25,ATM16,139.8
2022-12-26,ATM16,130.53
2022-12-27,ATM16,115.51
2022-12-28,ATM16,127.28
2022-12-29,ATM16,135.26
2022-12-30,ATM16,188.01
2022-12-31,ATM16,145.22
2023-01-01,ATM16,126.08
2023-01-02,ATM16,154.92
2023-01-03,ATM16,132.5
2023-01-04,ATM16,106.58
2023-01-05,ATM16,122.14
2023-01-06,ATM16,136.91
2023-01-07,ATM16,104.8
2023-01-08,ATM16,159.29
2023-01-09,ATM16,141.83
2023-01-10,ATM16,114.61
2023-01-11,ATM16,114.87
2023-01-12,ATM16,132.0
2023-01-13,ATM16,138.56
2023-01-14,ATM16,105.23
2023-01-15,ATM16,136.28
2023-01-16,ATM16,107.71
2023-01-17,ATM16,117.95
2023-01-18,ATM16,96.59
2023-01-19,ATM16,107.92
2023-01-20,ATM16,114.63
2023-01-21,ATM16,91.18
2023-01-22,ATM16,123.36
2023-01-23,ATM16,143.1
2023-01-24,ATM16,136.38
2023-01-25,ATM16,120.61
2023-01-26,ATM16,117.85
2023-01-27,ATM16,159.36
2023-01-28,ATM16,138.74
2023-01-29,ATM16,141.93
2023-01-30,ATM16,131.27
2023-01-31,ATM16,110.19
2023-02-01,ATM16,144.79
2023-02-02,ATM16,136.29
2023-02-03,ATM16,149.41
2023-02-04,ATM16,119.25
2023-02-05,ATM16,155.06
2023-02-06,ATM16,124.35
2023-02-07,ATM16,131.35
2023-02-08,ATM16,107.59
2023-02-09,ATM16,135.47
2023-02-10,ATM16,122.81
2023-02-11,ATM16,104.36
2023-02-12,ATM16,150.89
2023-02-13,ATM16,143.72
2023-02-14,ATM16,126.01
2023-02-15,ATM16,105.7
2023-02-16,ATM16,106.4
2023-02-17,ATM16,157.29
2023-02-18,ATM16,124.26
2023-02-19,ATM16,150.51
2023-02-20,ATM16,134.01
2023-02-21,ATM16,112.99
2023-02-22,ATM16,122.84
2023-02-23,ATM16,126.97
2023-02-24,ATM16,144.15
2023-02-25,ATM16,111.63
2023-02-26,ATM16,155.92
2023-02-27,ATM16,153.04
2023-02-28,ATM16,124.97
2023-03-01,ATM16,145.22
2023-03-02,ATM16,147.56
2023-03-03,ATM16,158.7
2023-03-04,ATM16,133.67
2023-03-05,ATM16,155.43
2023-03-06,ATM16,142.64
2023-03-07,ATM16,120.23
2023-03-08,ATM16,147.89
2023-03-09,ATM16,126.72
2023-03-10,ATM16,156.09
2023-03-11,ATM16,116.4
2023-03-12,ATM16,139.21
2023-03-13,ATM16,146.88
2023-03-14,ATM16,117.29
2023-03-15,ATM16,122.59
2023-03-16,ATM16,126.85
2023-03-17,ATM16,136.71
2023-03-18,ATM16,127.07
2023-03-19,ATM16,148.92
2023-03-20,ATM16,126.0
2023-03-21,ATM16,127.87
2023-03-22,ATM16,108.84
2023-03-23,ATM16,116.38
2023-03-24,ATM16,134.58
2023-03-25,ATM16,137.21
2023-03-26,ATM16,145.99
2023-03-27,ATM16,153.73
2023-03-28,ATM16,142.76
2023-03-29,ATM16,129.83
2023-03-30,ATM16,166.88
2023-03-31,ATM16,165.05
2023-04-01,ATM16,114.25
2023-04-02,ATM16,161.95
2023-04-03,ATM16,112.02
2023-04-04,ATM16,138.4
2023-04-05,ATM16,138.39
2023-04-06,ATM16,124.64
2023-04-07,ATM16,148.76
2023-04-08,ATM16,110.23
2023-04-09,ATM16,156.47
2023-04-10,ATM16,131.26
2023-04-11,ATM16,141.33
2023-04-12,ATM16,141.38
2023-04-13,ATM16,147.64
2023-04-14,ATM16,198.79
2023-04-15,ATM16,169.57
2023-04-16,ATM16,217.23
2023-04-17,ATM16,180.2
2023-04-18,ATM16,165.16
2023-04-19,ATM16,156.91
2023-04-20,ATM16,177.88
2023-04-21,ATM16,200.82
2023-04-22,ATM16,106.57
2023-04-23,ATM16,123.67
2023-04-24,ATM16,142.0
2023-04-25,ATM16,148.29
2023-04-26,ATM16,156.99
2023-04-27,ATM16,158.48
2023-04-28,ATM16,177.17
2023-04-29,ATM16,145.47
2023-04-30,ATM16,150.16
2023-05-01,ATM16,142.89
2023-05-02,ATM16,135.6
2023-05-03,ATM16,125.47
2023-05-04,ATM16,132.05
2023-05-05,ATM16,182.58
2023-05-06,ATM16,133.32
2023-05-07,ATM16,145.09
2023-05-08,ATM16,123.8
2023-05-09,ATM16,125.53
2023-05-10,ATM16,112.37
2023-05-11,ATM16,99.97
2023-05-12,ATM16,128.75
2023-05-13,ATM16,109.79
2023-05-14,ATM16,117.62
2023-05-15,ATM16,117.09
2023-05-16,ATM16,108.51
2023-05-17,ATM16,109.88
2023-05-18,ATM16,134.05
2023-05-19,ATM16,129.91
2023-05-20,ATM16,134.96
2023-05-21,ATM16,140.68
2023-05-22,ATM16,137.02
2023-05-23,ATM16,119.02
2023-05-24,ATM16,95.3
2023-05-25,ATM16,112.35
2023-05-26,ATM16,141.26
2023-05-27,ATM16,134.95
2023-05-28,ATM16,130.9
2023-05-29,ATM16,122.29
2023-05-30,ATM16,122.58
2023-05-31,ATM16,132.79
2023-06-01,ATM16,129.98
2023-06-02,ATM16,150.32
2023-06-03,ATM16,94.8
2023-06-04,ATM16,130.87
2023-06-05,ATM16,149.18
2023-06-06,ATM16,120.21
2023-06-07,ATM16,104.5
2023-06-08,ATM16,111.72
2023-06-09,ATM16,147.81
2023-06-10,ATM16,109.2
2023-06-11,ATM16,149.74
2023-06-12,ATM16,146.26
2023-06-13,ATM16,123.24
2023-06-14,ATM16,94.34
2023-06-15,ATM16,101.16
2023-06-16,ATM16,124.36
2023-06-17,ATM16,97.37
2023-06-18,ATM16,124.37
2023-06-19,ATM16,124.35
2023-06-20,ATM16,93.36
2023-06-21,ATM16,112.75
2023-06-22,ATM16,118.46
2023-06-23,ATM16,147.47
2023-06-24,ATM16,123.85
2023-06-25,ATM16,143.4
2023-06-26,ATM16,160.62
2023-06-27,ATM16,133.87
2023-06-28,ATM16,154.75
2023-06-29,ATM16,120.09
2023-06-30,ATM16,189.17
2023-07-01,ATM16,124.76
2023-07-02,ATM16,194.53
2023-07-03,ATM16,131.25
2023-07-04,ATM16,132.27
2023-07-05,ATM16,118.78
2023-07-06,ATM16,134.11
2023-07-07,ATM16,152.83
2023-07-08,ATM16,105.31
2023-07-09,ATM16,94.95
2023-07-10,ATM16,138.9
2023-07-11,ATM16,118.83
2023-07-12,ATM16,83.15
2023-07-13,ATM16,106.52
2023-07-14,ATM16,145.71
2023-07-15,ATM16,104.83
2023-07-16,ATM16,116.35
2023-07-17,ATM16,117.54
2023-07-18,ATM16,124.78
2023-07-19,ATM16,118.78
2023-07-20,ATM16,142.06
2023-07-21,ATM16,174.07
2023-07-22,ATM16,119.78
2023-07-23,ATM16,112.34
2023-07-24,ATM16,113.07
2023-07-25,ATM16,130.88
2023-07-26,ATM16,130.44
2023-07-27,ATM16,146.04
2023-07-28,ATM16,184.76
2023-07-29,ATM16,144.41
2023-07-30,ATM16,152.14
2023-07-31,ATM16,151.89
2023-08-01,ATM16,169.35
2023-08-02,ATM16,123.49
2023-08-03,ATM16,127.37
2023-08-04,ATM16,183.31
2023-08-05,ATM16,113.14
2023-08-06,ATM16,148.78
2023-08-07,ATM16,152.61
2023-08-08,ATM16,107.0
2023-08-09,ATM16,121.38
2023-08-10,ATM16,116.13
2023-08-11,ATM16,139.35
2023-08-12,ATM16,107.15
2023-08-13,ATM16,146.62
2023-08-14,ATM16,128.98
2023-08-15,ATM16,108.22
2023-08-16,ATM16,104.81
2023-08-17,ATM16,99.0
2023-08-18,ATM16,121.54
2023-08-19,ATM16,99.11
2023-08-20,ATM16,124.1
2023-08-21,ATM16,126.62
2023-08-22,ATM16,128.9
2023-08-23,ATM16,122.26
2023-08-24,ATM16,116.15
2023-08-25,ATM16,144.29
2023-08-26,ATM16,125.77
2023-08-27,ATM16,145.33
2023-08-28,ATM16,139.1
2023-08-29,ATM16,130.9
2023-08-30,ATM16,137.05
2023-08-31,ATM16,143.28
2023-09-01,ATM16,163.3
2023-09-02,ATM16,117.84
2023-09-03,ATM16,121.42
2023-09-04,ATM16,134.82
2023-09-05,ATM16,113.52
2023-09-06,ATM16,99.3
2023-09-07,ATM16,129.64
2023-09-08,ATM16,136.02
2023-09-09,ATM16,112.87
2023-09-10,ATM16,134.3
2023-09-11,ATM16,125.45
2023-09-12,ATM16,85.55
2023-09-13,ATM16,103.28
2023-09-14,ATM16,131.15
2023-09-15,ATM16,161.37
2023-09-16,ATM16,93.8
2023-09-17,ATM16,150.86
2023-09-18,ATM16,114.18
2023-09-19,ATM16,95.63
2023-09-20,ATM16,113.34
2023-09-21,ATM16,124.2
2023-09-22,ATM16,145.66
2023-09-23,ATM16,106.25
2023-09-24,ATM16,146.15
2023-09-25,ATM16,149.09
2023-09-26,ATM16,110.34
2023-09-27,ATM16,137.13
2023-09-28,ATM16,142.39
2023-09-29,ATM16,187.39
2023-09-30,ATM16,145.69
2023-10-01,ATM16,204.37
2023-10-02,ATM16,158.0
2023-10-03,ATM16,122.45
2023-10-04,ATM16,128.83
2023-10-05,ATM16,123.97
2023-10-06,ATM16,161.36
2023-10-07,ATM16,87.71
2023-10-08,ATM16,117.64
2023-10-09,ATM16,119.57
2023-10-10,ATM16,106.06
2023-10-11,ATM16,98.87
2023-10-12,ATM16,122.67
2023-10-13,ATM16,135.73
2023-10-14,ATM16,111.95
2023-10-15,ATM16,128.62
2023-10-16,ATM16,129.8
2023-10-17,ATM16,133.39
2023-10-18,ATM16,123.3
2023-10-19,ATM16,134.5
2023-10-20,ATM16,151.91
2023-10-21,ATM16,108.93
2023-10-22,ATM16,125.57
2023-10-23,ATM16,117.77
2023-10-24,ATM16,116.09
2023-10-25,ATM16,131.88
2023-10-26,ATM16,125.03
2023-10-27,ATM16,152.43
2023-10-28,ATM16,105.29
2023-10-29,ATM16,132.89
2023-10-30,ATM16,134.58
2023-10-31,ATM16,152.54
2023-11-01,ATM16,160.49
2023-11-02,ATM16,132.99
2023-11-03,ATM16,149.17
2023-11-04,ATM16,119.83
2023-11-05,ATM16,132.92
2023-11-06,ATM16,125.32
2023-11-07,ATM16,110.46
2023-11-08,ATM16,139.45
2023-11-09,ATM16,126.74
2023-11-10,ATM16,148.05
2023-11-11,ATM16,86.14
2023-11-12,ATM16,125.55
2023-11-13,ATM16,138.29
2023-11-14,ATM16,104.34
2023-11-15,ATM16,102.04
2023-11-16,ATM16,118.22
2023-11-17,ATM16,141.24
2023-11-18,ATM16,117.21
2023-11-19,ATM16,127.6
2023-11-20,ATM16,150.07
2023-11-21,ATM16,112.88
2023-11-22,ATM16,150.34
2023-11-23,ATM16,153.49
2023-11-24,ATM16,173.66
2023-11-25,ATM16,125.31
2023-11-26,ATM16,161.94
2023-11-27,ATM16,157.03
2023-11-28,ATM16,106.04
2023-11-29,ATM16,100.57
2023-11-30,ATM16,125.47
2023-12-01,ATM16,153.98
2023-12-02,ATM16,118.05
2023-12-03,ATM16,145.91
2023-12-04,ATM16,120.67
2023-12-05,ATM16,107.29
2023-12-06,ATM16,104.22
2023-12-07,ATM16,122.98
2023-12-08,ATM16,121.56
2023-12-09,ATM16,100.88
2023-12-10,ATM16,99.78
2023-12-11,ATM16,105.67
2023-12-12,ATM16,112.27
2023-12-13,ATM16,120.93
2023-12-14,ATM16,111.98
2023-12-15,ATM16,157.37
2023-12-16,ATM16,119.39
2023-12-17,ATM16,160.75
2023-12-18,ATM16,139.37
2023-12-19,ATM16,88.33
2023-12-20,ATM16,115.15
2023-12-21,ATM16,117.67
2023-12-22,ATM16,142.2
2023-12-23,ATM16,120.76
2023-12-24,ATM16,118.9
2023-12-25,ATM16,128.78
2023-12-26,ATM16,141.93
2023-12-27,ATM16,145.17
2023-12-28,ATM16,138.85
2023-12-29,ATM16,190.11
2023-12-30,ATM16,128.31
2023-12-31,ATM16,144.05
2024-01-01,ATM16,119.25
2024-01-02,ATM16,127.98
2024-01-03,ATM16,111.87
2024-01-04,ATM16,137.27
2024-01-05,ATM16,159.27
2024-01-06,ATM16,121.22
2024-01-07,ATM16,140.72
2024-01-08,ATM16,141.65
2024-01-09,ATM16,124.34
2024-01-10,ATM16,93.67
2024-01-11,ATM16,121.79
2024-01-12,ATM16,144.46
2024-01-13,ATM16,121.06
2024-01-14,ATM16,127.54
2024-01-15,ATM16,99.79
2024-01-16,ATM16,78.55
2024-01-17,ATM16,85.45
2024-01-18,ATM16,109.7
2024-01-19,ATM16,156.85
2024-01-20,ATM16,120.41
2024-01-21,ATM16,118.48
2024-01-22,ATM16,108.24
2024-01-23,ATM16,121.57
2024-01-24,ATM16,99.87
2024-01-25,ATM16,161.06
2024-01-26,ATM16,214.5
2024-01-27,ATM16,183.1
2024-01-28,ATM16,180.83
2024-01-29,ATM16,148.41
2024-01-30,ATM16,135.45
2024-01-31,ATM16,144.5
2024-02-01,ATM16,131.91
2024-02-02,ATM16,141.28
2024-02-03,ATM16,105.64
2024-02-04,ATM16,117.96
2024-02-05,ATM16,138.23
2024-02-06,ATM16,111.8
2024-02-07,ATM16,114.96
2024-02-08,ATM16,135.1
2024-02-09,ATM16,176.01
2024-02-10,ATM16,110.68
2024-02-11,ATM16,139.98
2024-02-12,ATM16,113.65
2024-02-13,ATM16,119.65
2024-02-14,ATM16,131.52
2024-02-15,ATM16,102.33
2024-02-16,ATM16,159.85
2024-02-17,ATM16,108.66
2024-02-18,ATM16,135.46
2024-02-19,ATM16,126.28
2024-02-20,ATM16,111.34
2024-02-21,ATM16,108.29
2024-02-22,ATM16,103.25
2024-02-23,ATM16,140.0
2024-02-24,ATM16,107.12
2024-02-25,ATM16,125.5
2024-02-26,ATM16,116.56
2024-02-27,ATM16,101.25
2024-02-28,ATM16,108.17
2024-02-29,ATM16,131.08
2024-03-01,ATM16,146.91
2024-03-02,ATM16,135.78
2024-03-03,ATM16,135.78
2024-03-04,ATM16,124.33
2024-03-05,ATM16,114.18
2024-03-06,ATM16,133.76
2024-03-07,ATM16,111.52
2024-03-08,ATM16,168.12
2024-03-09,ATM16,136.61
2024-03-10,ATM16,137.46
2024-03-11,ATM16,143.45
2024-03-12,ATM16,114.48
2024-03-13,ATM16,115.67
2024-03-14,ATM16,111.69
2024-03-15,ATM16,152.17
2024-03-16,ATM16,106.1
2024-03-17,ATM16,124.7
2024-03-18,ATM16,129.86
2024-03-19,ATM16,127.25
2024-03-20,ATM16,110.19
2024-03-21,ATM16,131.03
2024-03-22,ATM16,139.07
2024-03-23,ATM16,92.8
2024-03-24,ATM16,117.57
2024-03-25,ATM16,161.93
2024-03-26,ATM16,149.62
2024-03-27,ATM16,144.29
2024-03-28,ATM16,161.3
2024-03-29,ATM16,200.4
2024-03-30,ATM16,174.05
2024-03-31,ATM16,166.14
2024-04-01,ATM16,173.47
2024-04-02,ATM16,169.31
2024-04-03,ATM16,136.51
2024-04-04,ATM16,137.34
2024-04-05,ATM16,182.34
2024-04-06,ATM16,158.94
2024-04-07,ATM16,194.09
2024-04-08,ATM16,179.94
2024-04-09,ATM16,161.43
2024-04-10,ATM16,104.27
2024-04-11,ATM16,119.03
2024-04-12,ATM16,182.65
2024-04-13,ATM16,105.21
2024-04-14,ATM16,144.35
2024-04-15,ATM16,137.18
2024-04-16,ATM16,132.85
2024-04-17,ATM16,144.89
2024-04-18,ATM16,126.91
2024-04-19,ATM16,167.42
2024-04-20,ATM16,107.55
2024-04-21,ATM16,130.68
2024-04-22,ATM16,121.16
2024-04-23,ATM16,110.56
2024-04-24,ATM16,98.01
2024-04-25,ATM16,132.57
2024-04-26,ATM16,189.75
2024-04-27,ATM16,122.74
2024-04-28,ATM16,147.44
2024-04-29,ATM16,153.96
2024-04-30,ATM16,127.77
2024-05-01,ATM16,132.72
2024-05-02,ATM16,135.97
2024-05-03,ATM16,144.59
2024-05-04,ATM16,102.77
2024-05-05,ATM16,128.21
2024-05-06,ATM16,124.85
2024-05-07,ATM16,122.19
2024-05-08,ATM16,110.06
2024-05-09,ATM16,109.96
2024-05-10,ATM16,139.89
2024-05-11,ATM16,128.52
2024-05-12,ATM16,146.22
2024-05-13,ATM16,158.34
2024-05-14,ATM16,131.53
2024-05-15,ATM16,126.06
2024-05-16,ATM16,132.49
2024-05-17,ATM16,173.66
2024-05-18,ATM16,139.16
2024-05-19,ATM16,125.48
2024-05-20,ATM16,131.69
2024-05-21,ATM16,117.23
2024-05-22,ATM16,110.64
2024-05-23,ATM16,95.38
2024-05-24,ATM16,107.32
2024-05-25,ATM16,108.02
2024-05-26,ATM16,115.94
2024-05-27,ATM16,120.98
2024-05-28,ATM16,128.0
2024-05-29,ATM16,119.09
2024-05-30,ATM16,130.55
2024-05-31,ATM16,140.54
2024-06-01,ATM16,110.85
2024-06-02,ATM16,152.75
2024-06-03,ATM16,110.5
2024-06-04,ATM16,99.19
2024-06-05,ATM16,93.39
2024-06-06,ATM16,116.32
2024-06-07,ATM16,144.94
2024-06-08,ATM16,114.0
2024-06-09,ATM16,130.47
2024-06-10,ATM16,124.58
2024-06-11,ATM16,115.24
2024-06-12,ATM16,106.13
2024-06-13,ATM16,106.01
2024-06-14,ATM16,132.37
2024-06-15,ATM16,105.16
2024-06-16,ATM16,156.2
2024-06-17,ATM16,114.71
2024-06-18,ATM16,115.72
2024-06-19,ATM16,118.17
2024-06-20,ATM16,139.15
2024-06-21,ATM16,137.7
2024-06-22,ATM16,126.62
2024-06-23,ATM16,133.17
2024-06-24,ATM16,162.9
2024-06-25,ATM16,149.77
2024-06-26,ATM16,118.91
2024-06-27,ATM16,126.38
2024-06-28,ATM16,180.29
2024-06-29,ATM16,134.39
2024-06-30,ATM16,149.11
2024-07-01,ATM16,152.11
2024-07-02,ATM16,126.13
2024-07-03,ATM16,111.84
2024-07-04,ATM16,107.4
2024-07-05,ATM16,165.94
2024-07-06,ATM16,106.38
2024-07-07,ATM16,130.56
2024-07-08,ATM16,132.37
2024-07-09,ATM16,116.55
2024-07-10,ATM16,96.12
2024-07-11,ATM16,97.32
2024-07-12,ATM16,135.66
2024-07-13,ATM16,99.55
2024-07-14,ATM16,96.63
2024-07-15,ATM16,111.67
2024-07-16,ATM16,95.86
2024-07-17,ATM16,110.45
2024-07-18,ATM16,113.07
2024-07-19,ATM16,133.28
2024-07-20,ATM16,108.2
2024-07-21,ATM16,111.15
2024-07-22,ATM16,104.05
2024-07-23,ATM16,99.31
2024-07-24,ATM16,92.29
2024-07-25,ATM16,132.61
2024-07-26,ATM16,153.62
2024-07-27,ATM16,105.57
2024-07-28,ATM16,126.49
2024-07-29,ATM16,131.85
2024-07-30,ATM16,116.85
2024-07-31,ATM16,127.06
2024-08-01,ATM16,141.56
2024-08-02,ATM16,213.07
2024-08-03,ATM16,147.91
2024-08-04,ATM16,124.03
2024-08-05,ATM16,117.82
2024-08-06,ATM16,107.46
2024-08-07,ATM16,118.31
2024-08-08,ATM16,110.16
2024-08-09,ATM16,130.74
2024-08-10,ATM16,91.12
2024-08-11,ATM16,109.05
2024-08-12,ATM16,106.09
2024-08-13,ATM16,99.52
2024-08-14,ATM16,91.89
2024-08-15,ATM16,118.44
2024-08-16,ATM16,147.2
2024-08-17,ATM16,86.25
2024-08-18,ATM16,119.51
2024-08-19,ATM16,99.01
2024-08-20,ATM16,115.72
2024-08-21,ATM16,133.78
2024-08-22,ATM16,125.1
2024-08-23,ATM16,130.38
2024-08-24,ATM16,98.89
2024-08-25,ATM16,132.2
2024-08-26,ATM16,131.32
2024-08-27,ATM16,142.31
2024-08-28,ATM16,147.45
2024-08-29,ATM16,157.98
2024-08-30,ATM16,174.97
2024-08-31,ATM16,115.5
2024-09-01,ATM16,128.54
2024-09-02,ATM16,132.05
2024-09-03,ATM16,97.67
2024-09-04,ATM16,109.9
2024-09-05,ATM16,128.9
2024-09-06,ATM16,157.81
2024-09-07,ATM16,125.51
2024-09-08,ATM16,112.18
2024-09-09,ATM16,135.51
2024-09-10,ATM16,94.8
2024-09-11,ATM16,100.63
2024-09-12,ATM16,118.44
2024-09-13,ATM16,145.23
2024-09-14,ATM16,96.97
2024-09-15,ATM16,106.07
2024-09-16,ATM16,114.93
2024-09-17,ATM16,112.82
2024-09-18,ATM16,97.96
2024-09-19,ATM16,114.11
2024-09-20,ATM16,116.19
2024-09-21,ATM16,108.1
2024-09-22,ATM16,114.01
2024-09-23,ATM16,116.03
2024-09-24,ATM16,106.07
2024-09-25,ATM16,140.57
2024-09-26,ATM16,142.57
2024-09-27,ATM16,153.36
2024-09-28,ATM16,128.44
2024-09-29,ATM16,185.57
2024-09-30,ATM16,167.71
2024-10-01,ATM16,135.58
2024-10-02,ATM16,118.36
2024-10-03,ATM16,109.07
2024-10-04,ATM16,148.43
2024-10-05,ATM16,104.67
2024-10-06,ATM16,126.86
2024-10-07,ATM16,144.73
2024-10-08,ATM16,123.16
2024-10-09,ATM16,104.64
2024-10-10,ATM16,140.16
2024-10-11,ATM16,182.65
2024-10-12,ATM16,130.62
2024-10-13,ATM16,157.33
2024-10-14,ATM16,129.0
2024-10-15,ATM16,121.55
2024-10-16,ATM16,109.11
2024-10-17,ATM16,98.74
2024-10-18,ATM16,170.88
2024-10-19,ATM16,102.74
2024-10-20,ATM16,126.78
2024-10-21,ATM16,124.37
2024-10-22,ATM16,116.83
2024-10-23,ATM16,111.16
2024-10-24,ATM16,114.55
2024-10-25,ATM16,160.36
2024-10-26,ATM16,132.66
2024-10-27,ATM16,148.58
2024-10-28,ATM16,138.7
2024-10-29,ATM16,108.24
2024-10-30,ATM16,146.15
2024-10-31,ATM16,149.67
2024-11-01,ATM16,171.12
2024-11-02,ATM16,120.94
2024-11-03,ATM16,115.97
2024-11-04,ATM16,130.32
2024-11-05,ATM16,113.43
2024-11-06,ATM16,121.46
2024-11-07,ATM16,106.12
2024-11-08,ATM16,161.08
2024-11-09,ATM16,132.03
2024-11-10,ATM16,133.37
2024-11-11,ATM16,129.71
2024-11-12,ATM16,121.96
2024-11-13,ATM16,98.73
2024-11-14,ATM16,131.66
2024-11-15,ATM16,154.09
2024-11-16,ATM16,105.85
2024-11-17,ATM16,110.12
2024-11-18,ATM16,125.97
2024-11-19,ATM16,113.52
2024-11-20,ATM16,116.75
2024-11-21,ATM16,118.36
2024-11-22,ATM16,124.7
2024-11-23,ATM16,109.94
2024-11-24,ATM16,123.63
2024-11-25,ATM16,136.54
2024-11-26,ATM16,161.28
2024-11-27,ATM16,154.04
2024-11-28,ATM16,159.83
2024-11-29,ATM16,232.12
2024-11-30,ATM16,154.86
2024-12-01,ATM16,161.25
2024-12-02,ATM16,134.39
2024-12-03,ATM16,106.57
2024-12-04,ATM16,87.97
2024-12-05,ATM16,116.07
2024-12-06,ATM16,122.95
2024-12-07,ATM16,116.82
2024-12-08,ATM16,132.33
2024-12-09,ATM16,127.45
2024-12-10,ATM16,108.73
2024-12-11,ATM16,126.38
2024-12-12,ATM16,139.61
2024-12-13,ATM16,149.4
2024-12-14,ATM16,102.07
2024-12-15,ATM16,145.98
2024-12-16,ATM16,120.12
2024-12-17,ATM16,95.36
2024-12-18,ATM16,112.7
2024-12-19,ATM16,138.43
2024-12-20,ATM16,148.93
2024-12-21,ATM16,122.7
2024-12-22,ATM16,132.17
2024-12-23,ATM16,138.4
2024-12-24,ATM16,136.01
2024-12-25,ATM16,125.83
2024-12-26,ATM16,128.62
2024-12-27,ATM16,138.57
2024-12-28,ATM16,135.81
2024-12-29,ATM16,137.98
2024-12-30,ATM16,146.59
2024-12-31,ATM16,145.51
2025-01-01,ATM16,109.83
2025-01-02,ATM16,127.48
2025-01-03,ATM16,157.46
2025-01-04,ATM16,108.08
2025-01-05,ATM16,116.05
2025-01-06,ATM16,115.33
2025-01-07,ATM16,125.48
2025-01-08,ATM16,141.42
2025-01-09,ATM16,130.16
2025-01-10,ATM16,131.52
2025-01-11,ATM16,119.5
2025-01-12,ATM16,108.99
2025-01-13,ATM16,115.37
2025-01-14,ATM16,105.9
2025-01-15,ATM16,123.48
2025-01-16,ATM16,140.84
2025-01-17,ATM16,135.48
2025-01-18,ATM16,109.71
2025-01-19,ATM16,118.32
2025-01-20,ATM16,112.77
2025-01-21,ATM16,112.7
2025-01-22,ATM16,106.13
2025-01-23,ATM16,115.25
2025-01-24,ATM16,152.53
2025-01-25,ATM16,154.3
2025-01-26,ATM16,163.7
2025-01-27,ATM16,147.42
2025-01-28,ATM16,113.55
2025-01-29,ATM16,127.82
2025-01-30,ATM16,146.64
2025-01-31,ATM16,167.69
2025-02-01,ATM16,129.17
2025-02-02,ATM16,152.27
2025-02-03,ATM16,139.31
2025-02-04,ATM16,130.86
2025-02-05,ATM16,143.98
2025-02-06,ATM16,136.11
2025-02-07,ATM16,183.76
2025-02-08,ATM16,142.08
2025-02-09,ATM16,143.94
2025-02-10,ATM16,103.74
2025-02-11,ATM16,102.3
2025-02-12,ATM16,125.05
2025-02-13,ATM16,111.45
2025-02-14,ATM16,136.37
2025-02-15,ATM16,109.9
2025-02-16,ATM16,139.71
2025-02-17,ATM16,120.16
2025-02-18,ATM16,98.37
2025-02-19,ATM16,110.18
2025-02-20,ATM16,105.62
2025-02-21,ATM16,107.77
2025-02-22,ATM16,118.82
2025-02-23,ATM16,144.44
2025-02-24,ATM16,156.55
2025-02-25,ATM16,154.33
2025-02-26,ATM16,147.46
2025-02-27,ATM16,146.95
2025-02-28,ATM16,161.84
2025-03-01,ATM16,133.11
2025-03-02,ATM16,139.45
2025-03-03,ATM16,109.25
2025-03-04,ATM16,102.39
2025-03-05,ATM16,124.36
2025-03-06,ATM16,108.24
2025-03-07,ATM16,119.44
2025-03-08,ATM16,111.08
2025-03-09,ATM16,123.79
2025-03-10,ATM16,125.93
2025-03-11,ATM16,128.14
2025-03-12,ATM16,129.16
2025-03-13,ATM16,122.55
2025-03-14,ATM16,175.46
2025-03-15,ATM16,143.46
2025-03-16,ATM16,157.67
2025-03-17,ATM16,147.97
2025-03-18,ATM16,140.38
2025-03-19,ATM16,134.49
2025-03-20,ATM16,121.45
2025-03-21,ATM16,178.68
2025-03-22,ATM16,155.68
2025-03-23,ATM16,136.85
2025-03-24,ATM16,158.84
2025-03-25,ATM16,209.07
2025-03-26,ATM16,170.9
2025-03-27,ATM16,186.29
2025-03-28,ATM16,226.54
2025-03-29,ATM16,223.04
2025-03-30,ATM16,270.94
2025-03-31,ATM16,140.54
2025-04-01,ATM16,132.54
2025-04-02,ATM16,186.15
2025-04-03,ATM16,143.38
2025-04-04,ATM16,166.97
2025-04-05,ATM16,138.16
2025-04-06,ATM16,144.2
2025-04-07,ATM16,167.77
2025-04-08,ATM16,128.55
2025-04-09,ATM16,106.82
2025-04-10,ATM16,107.82
2025-04-11,ATM16,145.98
2025-04-12,ATM16,102.98
2025-04-13,ATM16,126.47
2025-04-14,ATM16,126.25
2025-04-15,ATM16,96.72
2025-04-16,ATM16,96.34
2025-04-17,ATM16,111.91
2025-04-18,ATM16,145.95
2025-04-19,ATM16,104.64
2025-04-20,ATM16,125.02
2025-04-21,ATM16,115.36
2025-04-22,ATM16,114.89
2025-04-23,ATM16,117.24
2025-04-24,ATM16,112.89
2025-04-25,ATM16,164.36
2025-04-26,ATM16,120.84
2025-04-27,ATM16,148.93
2025-04-28,ATM16,146.43
2025-04-29,ATM16,165.45
2025-04-30,ATM16,135.76
2025-05-01,ATM16,120.2
2025-05-02,ATM16,147.05
2025-05-03,ATM16,97.53
2025-05-04,ATM16,116.0
2025-05-05,ATM16,126.79
2025-05-06,ATM16,122.89
2025-05-07,ATM16,120.74
2025-05-08,ATM16,118.14
2025-05-09,ATM16,134.23
2025-05-10,ATM16,94.7
2025-05-11,ATM16,110.48
2025-05-12,ATM16,97.56
2025-05-13,ATM16,114.11
2025-05-14,ATM16,135.02
2025-05-15,ATM16,101.22
2025-05-16,ATM16,133.18
2025-05-17,ATM16,109.68
2025-05-18,ATM16,128.37
2025-05-19,ATM16,112.74
2025-05-20,ATM16,117.34
2025-05-21,ATM16,116.84
2025-05-22,ATM16,131.46
2025-05-23,ATM16,133.77
2025-05-24,ATM16,91.58
2025-05-25,ATM16,139.51
2025-05-26,ATM16,121.32
2025-05-27,ATM16,131.4
2025-05-28,ATM16,100.41
2025-05-29,ATM16,112.38
2025-05-30,ATM16,136.39
2025-05-31,ATM16,111.96
2025-06-01,ATM16,126.59
2025-06-02,ATM16,141.37
2025-06-03,ATM16,122.18
2025-06-04,ATM16,126.54
2025-06-05,ATM16,122.21
2025-06-06,ATM16,163.16
2025-06-07,ATM16,145.83
2025-06-08,ATM16,141.08
2025-06-09,ATM16,126.62
2025-06-10,ATM16,104.35
2025-06-11,ATM16,110.17
2025-06-12,ATM16,102.61
2025-06-13,ATM16,118.89
2025-06-14,ATM16,79.61
2025-06-15,ATM16,103.85
2025-06-16,ATM16,122.86
2025-06-17,ATM16,107.09
2025-06-18,ATM16,105.95
2025-06-19,ATM16,115.65
2025-06-20,ATM16,122.53
2025-06-21,ATM16,102.69
2025-06-22,ATM16,134.17
2025-06-23,ATM16,126.8
2025-06-24,ATM16,122.97
2025-06-25,ATM16,150.56
2025-06-26,ATM16,152.57
2025-06-27,ATM16,154.69
2025-06-28,ATM16,118.23
2025-06-29,ATM16,173.06
2025-06-30,ATM16,153.65
2025-07-01,ATM16,132.59
2025-07-02,ATM16,115.75
2025-07-03,ATM16,113.34
2025-07-04,ATM16,150.22
2025-07-05,ATM16,115.12
2025-07-06,ATM16,123.86
2025-07-07,ATM16,117.34
2025-07-08,ATM16,124.5
2025-07-09,ATM16,126.25
2025-07-10,ATM16,126.1
2025-07-11,ATM16,149.21
2025-07-12,ATM16,98.17
2025-07-13,ATM16,122.75
2025-07-14,ATM16,132.38
2025-07-15,ATM16,109.32
2025-07-16,ATM16,120.23
2025-07-17,ATM16,125.95
2025-07-18,ATM16,155.57
2025-07-19,ATM16,114.55
2025-07-20,ATM16,140.74
2025-07-21,ATM16,106.52
2025-07-22,ATM16,102.37
2025-07-23,ATM16,113.35
2025-07-24,ATM16,119.32
2025-07-25,ATM16,179.78
2025-07-26,ATM16,129.0
2025-07-27,ATM16,136.9
2025-07-28,ATM16,111.43
2025-07-29,ATM16,109.05
2025-07-30,ATM16,123.22
2025-07-31,ATM16,140.77
2025-08-01,ATM16,138.18
2025-08-02,ATM16,132.66
2025-08-03,ATM16,120.16
2025-08-04,ATM16,117.77
2025-08-05,ATM16,102.65
2025-08-06,ATM16,112.5
2025-08-07,ATM16,119.09
2025-08-08,ATM16,152.77
2025-08-09,ATM16,141.67
2025-08-10,ATM16,143.77
2025-08-11,ATM16,118.5
2025-08-12,ATM16,112.5
2025-08-13,ATM16,135.34
2025-08-14,ATM16,134.35
2025-08-15,ATM16,162.09
2025-08-16,ATM16,97.28
2025-08-17,ATM16,111.28
2025-08-18,ATM16,114.53
2025-08-19,ATM16,97.69
2025-08-20,ATM16,102.27
2025-08-21,ATM16,111.48
2025-08-22,ATM16,125.37
2025-08-23,ATM16,105.41
2025-08-24,ATM16,120.5
2025-08-25,ATM16,144.82
2025-08-26,ATM16,129.52
2025-08-27,ATM16,130.97
2025-08-28,ATM16,148.06
2025-08-29,ATM16,175.09
2025-08-30,ATM16,129.46
2025-08-31,ATM16,115.62
2025-09-01,ATM16,130.71
2025-09-02,ATM16,109.09
2025-09-03,ATM16,104.68
2025-09-04,ATM16,118.74
2025-09-05,ATM16,163.81
2025-09-06,ATM16,146.03
2025-09-07,ATM16,131.61
2025-09-08,ATM16,107.46
2025-09-09,ATM16,108.56
2025-09-10,ATM16,108.16
2025-09-11,ATM16,98.91
2025-09-12,ATM16,126.92
2025-09-13,ATM16,110.79
2025-09-14,ATM16,109.63
2025-09-15,ATM16,100.06
2025-09-16,ATM16,92.21
2025-09-17,ATM16,97.49
2025-09-18,ATM16,116.25
2025-09-19,ATM16,131.89
2025-09-20,ATM16,106.17
2025-09-21,ATM16,157.61
2025-09-22,ATM16,118.28
2025-09-23,ATM16,99.3
2025-09-24,ATM16,111.14
2025-09-25,ATM16,146.44
2025-09-26,ATM16,171.4
2025-09-27,ATM16,156.41
2025-09-28,ATM16,163.85
2025-09-29,ATM16,116.16
2025-09-30,ATM16,115.48
2025-10-01,ATM16,111.94
2025-10-02,ATM16,144.06
2025-10-03,ATM16,164.21
2025-10-04,ATM16,100.13
2025-10-05,ATM16,142.44
2025-10-06,ATM16,142.57
2025-10-07,ATM16,114.66
2025-10-08,ATM16,111.73
2025-10-09,ATM16,136.65
2025-10-10,ATM16,115.95
2025-10-11,ATM16,104.51
2025-10-12,ATM16,137.76
2025-10-13,ATM16,122.39
2025-10-14,ATM16,116.26
2025-10-15,ATM16,111.92
2025-10-16,ATM16,105.04
2025-10-17,ATM16,119.38
2025-10-18,ATM16,109.01
2025-10-19,ATM16,116.05
2025-10-20,ATM16,96.73
2025-10-21,ATM16,98.68
2025-10-22,ATM16,97.13
2025-10-23,ATM16,94.13
2025-10-24,ATM16,125.16
2025-10-25,ATM16,128.81
2025-10-26,ATM16,145.17
2025-10-27,ATM16,121.47
2025-10-28,ATM16,122.8
2025-10-29,ATM16,137.19
2025-10-30,ATM16,172.78
2025-10-31,ATM16,206.48
2025-11-01,ATM16,124.65
2025-11-02,ATM16,156.81
2025-11-03,ATM16,132.15
2025-11-04,ATM16,101.07
2025-11-05,ATM16,109.75
2025-11-06,ATM16,143.5
2025-11-07,ATM16,175.33
2025-11-08,ATM16,109.74
2025-11-09,ATM16,127.99
2025-11-10,ATM16,123.62
2025-11-11,ATM16,89.82
2025-11-12,ATM16,81.69
2025-11-13,ATM16,100.98
2025-11-14,ATM16,130.45
2025-11-15,ATM16,85.61
2025-11-16,ATM16,116.39
2025-11-17,ATM16,128.96
2025-11-18,ATM16,108.08
2025-11-19,ATM16,107.67
2025-11-20,ATM16,119.68
2025-11-21,ATM16,145.05
2025-11-22,ATM16,91.47
2025-11-23,ATM16,103.99
2025-11-24,ATM16,104.11
2025-11-25,ATM16,105.15
2025-11-26,ATM16,134.03
2025-11-27,ATM16,143.59
2025-11-28,ATM16,143.35
2025-11-29,ATM16,115.28
2025-11-30,ATM16,155.85
2025-12-01,ATM16,131.19
2025-12-02,ATM16,132.25
2025-12-03,ATM16,133.76
2025-12-04,ATM16,145.06
2025-12-05,ATM16,157.42
2025-12-06,ATM16,133.99
2025-12-07,ATM16,131.88
2025-12-08,ATM16,162.9
2025-12-09,ATM16,129.29
2025-12-10,ATM16,128.85
2025-12-11,ATM16,117.01
2025-12-12,ATM16,144.44
2025-12-13,ATM16,116.37
2025-12-14,ATM16,115.5
2025-12-15,ATM16,110.73
2025-12-16,ATM16,105.34
2025-12-17,ATM16,124.44
2025-12-18,ATM16,102.21
2025-12-19,ATM16,128.93
2025-12-20,ATM16,125.47
2025-12-21,ATM16,120.53
2025-12-22,ATM16,139.03
2025-12-23,ATM16,105.41
2025-12-24,ATM16,99.63
2025-12-25,ATM16,115.17
2025-12-26,ATM16,196.96
2025-12-27,ATM16,132.27
2025-12-28,ATM16,126.11
2025-12-29,ATM16,114.39
2025-12-30,ATM16,130.74
2025-12-31,ATM16,112.94
2022-01-01,ATM17,15.67
2022-01-02,ATM17,20.87
2022-01-03,ATM17,57.27
2022-01-04,ATM17,50.9
2022-01-05,ATM17,63.84
2022-01-06,ATM17,51.96
2022-01-07,ATM17,54.11
2022-01-08,ATM17,26.35
2022-01-09,ATM17,19.17
2022-01-10,ATM17,52.08
2022-01-11,ATM17,75.92
2022-01-12,ATM17,64.7
2022-01-13,ATM17,52.58
2022-01-14,ATM17,48.55
2022-01-15,ATM17,23.43
2022-01-16,ATM17,18.62
2022-01-17,ATM17,66.52
2022-01-18,ATM17,63.33
2022-01-19,ATM17,65.93
2022-01-20,ATM17,52.5
2022-01-21,ATM17,49.8
2022-01-22,ATM17,28.59
2022-01-23,ATM17,19.14
2022-01-24,ATM17,57.38
2022-01-25,ATM17,67.19
2022-01-26,ATM17,68.55
2022-01-27,ATM17,61.18
2022-01-28,ATM17,64.79
2022-01-29,ATM17,32.23
2022-01-30,ATM17,22.18
2022-01-31,ATM17,72.43
2022-02-01,ATM17,53.74
2022-02-02,ATM17,91.87
2022-02-03,ATM17,83.87
2022-02-04,ATM17,92.58
2022-02-05,ATM17,60.05
2022-02-06,ATM17,37.98
2022-02-07,ATM17,128.76
2022-02-08,ATM17,116.22
2022-02-09,ATM17,109.24
2022-02-10,ATM17,90.81
2022-02-11,ATM17,112.08
2022-02-12,ATM17,54.97
2022-02-13,ATM17,33.34
2022-02-14,ATM17,128.17
2022-02-15,ATM17,118.75
2022-02-16,ATM17,119.96
2022-02-17,ATM17,126.76
2022-02-18,ATM17,112.37
2022-02-19,ATM17,62.26
2022-02-20,ATM17,41.05
2022-02-21,ATM17,116.39
2022-02-22,ATM17,108.44
2022-02-23,ATM17,105.19
2022-02-24,ATM17,100.58
2022-02-25,ATM17,99.62
2022-02-26,ATM17,58.99
2022-02-27,ATM17,44.33
2022-02-28,ATM17,128.12
2022-03-01,ATM17,128.44
2022-03-02,ATM17,149.34
2022-03-03,ATM17,128.7
2022-03-04,ATM17,104.97
2022-03-05,ATM17,57.9
2022-03-06,ATM17,46.85
2022-03-07,ATM17,104.23
2022-03-08,ATM17,131.27
2022-03-09,ATM17,107.15
2022-03-10,ATM17,108.96
2022-03-11,ATM17,98.06
2022-03-12,ATM17,52.24
2022-03-13,ATM17,32.63
2022-03-14,ATM17,106.86
2022-03-15,ATM17,90.79
2022-03-16,ATM17,82.94
2022-03-17,ATM17,101.21
2022-03-18,ATM17,115.36
2022-03-19,ATM17,52.5
2022-03-20,ATM17,42.13
2022-03-21,ATM17,118.38
2022-03-22,ATM17,108.4
2022-03-23,ATM17,121.89
2022-03-24,ATM17,104.0
2022-03-25,ATM17,111.65
2022-03-26,ATM17,51.09
2022-03-27,ATM17,34.36
2022-03-28,ATM17,118.53
2022-03-29,ATM17,122.62
2022-03-30,ATM17,115.36
2022-03-31,ATM17,134.22
2022-04-01,ATM17,139.57
2022-04-02,ATM17,68.02
2022-04-03,ATM17,35.61
2022-04-04,ATM17,100.87
2022-04-05,ATM17,94.42
2022-04-06,ATM17,101.43
2022-04-07,ATM17,89.31
2022-04-08,ATM17,79.71
2022-04-09,ATM17,37.86
2022-04-10,ATM17,32.69
2022-04-11,ATM17,75.4
2022-04-12,ATM17,86.82
2022-04-13,ATM17,103.68
2022-04-14,ATM17,91.97
2022-04-15,ATM17,81.63
2022-04-16,ATM17,48.77
2022-04-17,ATM17,33.94
2022-04-18,ATM17,102.55
2022-04-19,ATM17,93.8
2022-04-20,ATM17,100.04
2022-04-21,ATM17,95.96
2022-04-22,ATM17,95.25
2022-04-23,ATM17,64.13
2022-04-24,ATM17,43.72
2022-04-25,ATM17,133.17
2022-04-26,ATM17,118.26
2022-04-27,ATM17,123.36
2022-04-28,ATM17,113.88
2022-04-29,ATM17,110.73
2022-04-30,ATM17,65.96
2022-05-01,ATM17,21.96
2022-05-02,ATM17,15.98
2022-05-03,ATM17,14.61
2022-05-04,ATM17,28.86
2022-05-05,ATM17,29.51
2022-05-06,ATM17,27.32
2022-05-07,ATM17,18.21
2022-05-08,ATM17,16.44
2022-05-09,ATM17,45.04
2022-05-10,ATM17,52.42
2022-05-11,ATM17,66.7
2022-05-12,ATM17,65.83
2022-05-13,ATM17,62.45
2022-05-14,ATM17,48.94
2022-05-15,ATM17,39.09
2022-05-16,ATM17,112.79
2022-05-17,ATM17,125.26
2022-05-18,ATM17,121.84
2022-05-19,ATM17,104.96
2022-05-20,ATM17,86.18
2022-05-21,ATM17,46.76
2022-05-22,ATM17,40.74
2022-05-23,ATM17,114.71
2022-05-24,ATM17,105.37
2022-05-25,ATM17,138.29
2022-05-26,ATM17,115.65
2022-05-27,ATM17,117.7
2022-05-28,ATM17,61.3
2022-05-29,ATM17,52.51
2022-05-30,ATM17,136.52
2022-05-31,ATM17,123.15
2022-06-01,ATM17,57.34
2022-06-02,ATM17,107.94
2022-06-03,ATM17,88.46
2022-06-04,ATM17,43.64
2022-06-05,ATM17,36.34
2022-06-06,ATM17,96.81
2022-06-07,ATM17,95.4
2022-06-08,ATM17,99.55
2022-06-09,ATM17,98.37
2022-06-10,ATM17,91.92
2022-06-11,ATM17,61.45
2022-06-12,ATM17,43.34
2022-06-13,ATM17,137.82
2022-06-14,ATM17,111.17
2022-06-15,ATM17,115.44
2022-06-16,ATM17,98.57
2022-06-17,ATM17,87.55
2022-06-18,ATM17,62.85
2022-06-19,ATM17,37.39
2022-06-20,ATM17,79.98
2022-06-21,ATM17,84.45
2022-06-22,ATM17,75.0
2022-06-23,ATM17,76.24
2022-06-24,ATM17,75.45
2022-06-25,ATM17,51.24
2022-06-26,ATM17,31.21
2022-06-27,ATM17,113.23
2022-06-28,ATM17,91.48
2022-06-29,ATM17,100.73
2022-06-30,ATM17,98.25
2022-07-01,ATM17,58.97
2022-07-02,ATM17,32.73
2022-07-03,ATM17,24.53
2022-07-04,ATM17,59.41
2022-07-05,ATM17,55.46
2022-07-06,ATM17,59.22
2022-07-07,ATM17,62.3
2022-07-08,ATM17,60.61
2022-07-09,ATM17,31.84
2022-07-10,ATM17,10.9
2022-07-11,ATM17,57.43
2022-07-12,ATM17,59.15
2022-07-13,ATM17,71.66
2022-07-14,ATM17,58.05
2022-07-15,ATM17,50.66
2022-07-16,ATM17,26.56
2022-07-17,ATM17,20.71
2022-07-18,ATM17,44.59
2022-07-19,ATM17,49.69
2022-07-20,ATM17,58.34
2022-07-21,ATM17,51.27
2022-07-22,ATM17,50.88
2022-07-23,ATM17,35.22
2022-07-24,ATM17,23.36
2022-07-25,ATM17,51.09
2022-07-26,ATM17,48.37
2022-07-27,ATM17,53.6
2022-07-28,ATM17,50.42
2022-07-29,ATM17,52.71
2022-07-30,ATM17,28.93
2022-07-31,ATM17,24.69
2022-08-01,ATM17,56.91
2022-08-02,ATM17,57.93
2022-08-03,ATM17,57.29
2022-08-04,ATM17,56.81
2022-08-05,ATM17,53.88
2022-08-06,ATM17,22.32
2022-08-07,ATM17,18.8
2022-08-08,ATM17,53.82
2022-08-09,ATM17,61.28
2022-08-10,ATM17,62.09
2022-08-11,ATM17,57.3
2022-08-12,ATM17,54.17
2022-08-13,ATM17,33.29
2022-08-14,ATM17,24.89
2022-08-15,ATM17,62.94
2022-08-16,ATM17,74.45
2022-08-17,ATM17,29.59
2022-08-18,ATM17,47.91
2022-08-19,ATM17,48.21
2022-08-20,ATM17,26.12
2022-08-21,ATM17,14.99
2022-08-22,ATM17,45.21
2022-08-23,ATM17,52.6
2022-08-24,ATM17,53.86
2022-08-25,ATM17,52.82
2022-08-26,ATM17,53.37
2022-08-27,ATM17,30.42
2022-08-28,ATM17,23.99
2022-08-29,ATM17,58.93
2022-08-30,ATM17,66.17
2022-08-31,ATM17,56.16
2022-09-01,ATM17,96.56
2022-09-02,ATM17,116.68
2022-09-03,ATM17,49.57
2022-09-04,ATM17,34.41
2022-09-05,ATM17,86.81
2022-09-06,ATM17,87.5
2022-09-07,ATM17,97.64
2022-09-08,ATM17,104.23
2022-09-09,ATM17,96.38
2022-09-10,ATM17,49.1
2022-09-11,ATM17,31.6
2022-09-12,ATM17,87.05
2022-09-13,ATM17,79.61
2022-09-14,ATM17,98.29
2022-09-15,ATM17,103.95
2022-09-16,ATM17,94.44
2022-09-17,ATM17,53.62
2022-09-18,ATM17,41.49
2022-09-19,ATM17,107.75
2022-09-20,ATM17,121.03
2022-09-21,ATM17,97.75
2022-09-22,ATM17,91.28
2022-09-23,ATM17,84.96
2022-09-24,ATM17,52.27
2022-09-25,ATM17,34.98
2022-09-26,ATM17,121.89
2022-09-27,ATM17,122.98
2022-09-28,ATM17,140.72
2022-09-29,ATM17,117.19
2022-09-30,ATM17,99.23
2022-10-01,ATM17,59.12
2022-10-02,ATM17,46.43
2022-10-03,ATM17,102.16
2022-10-04,ATM17,82.64
2022-10-05,ATM17,76.54
2022-10-06,ATM17,88.8
2022-10-07,ATM17,106.28
2022-10-08,ATM17,47.39
2022-10-09,ATM17,35.12
2022-10-10,ATM17,93.75
2022-10-11,ATM17,120.32
2022-10-12,ATM17,139.71
2022-10-13,ATM17,116.57
2022-10-14,ATM17,110.07
2022-10-15,ATM17,60.12
2022-10-16,ATM17,34.4
2022-10-17,ATM17,105.58
2022-10-18,ATM17,91.82
2022-10-19,ATM17,94.65
2022-10-20,ATM17,105.8
2022-10-21,ATM17,96.28
2022-10-22,ATM17,58.05
2022-10-23,ATM17,44.96
2022-10-24,ATM17,90.86
2022-10-25,ATM17,83.08
2022-10-26,ATM17,110.37
2022-10-27,ATM17,120.25
2022-10-28,ATM17,109.53
2022-10-29,ATM17,59.93
2022-10-30,ATM17,45.94
2022-10-31,ATM17,129.1
2022-11-01,ATM17,114.5
2022-11-02,ATM17,124.6
2022-11-03,ATM17,100.24
2022-11-04,ATM17,97.15
2022-11-05,ATM17,53.6
2022-11-06,ATM17,34.74
2022-11-07,ATM17,91.86
2022-11-08,ATM17,125.22
2022-11-09,ATM17,102.06
2022-11-10,ATM17,99.11
2022-11-11,ATM17,98.64
2022-11-12,ATM17,51.61
2022-11-13,ATM17,39.74
2022-11-14,ATM17,108.0
2022-11-15,ATM17,94.14
2022-11-16,ATM17,103.3
2022-11-17,ATM17,91.28
2022-11-18,ATM17,107.96
2022-11-19,ATM17,56.66
2022-11-20,ATM17,35.63
2022-11-21,ATM17,102.92
2022-11-22,ATM17,91.53
2022-11-23,ATM17,98.88
2022-11-24,ATM17,92.66
2022-11-25,ATM17,90.1
2022-11-26,ATM17,47.85
2022-11-27,ATM17,49.11
2022-11-28,ATM17,121.85
2022-11-29,ATM17,109.83
2022-11-30,ATM17,102.83
2022-12-01,ATM17,107.25
2022-12-02,ATM17,94.08
2022-12-03,ATM17,44.4
2022-12-04,ATM17,34.9
2022-12-05,ATM17,99.29
2022-12-06,ATM17,96.72
2022-12-07,ATM17,90.72
2022-12-08,ATM17,88.89
2022-12-09,ATM17,84.92
2022-12-10,ATM17,44.72
2022-12-11,ATM17,35.62
2022-12-12,ATM17,126.45
2022-12-13,ATM17,128.55
2022-12-14,ATM17,138.49
2022-12-15,ATM17,112.01
2022-12-16,ATM17,122.39
2022-12-17,ATM17,61.07
2022-12-18,ATM17,46.21
2022-12-19,ATM17,122.04
2022-12-20,ATM17,109.72
2022-12-21,ATM17,117.56
2022-12-22,ATM17,112.8
2022-12-23,ATM17,84.04
2022-12-24,ATM17,49.59
2022-12-25,ATM17,22.84
2022-12-26,ATM17,125.38
2022-12-27,ATM17,127.94
2022-12-28,ATM17,112.88
2022-12-29,ATM17,113.77
2022-12-30,ATM17,106.81
2022-12-31,ATM17,57.68
2023-01-01,ATM17,10.05
2023-01-02,ATM17,64.11
2023-01-03,ATM17,60.27
2023-01-04,ATM17,59.7
2023-01-05,ATM17,69.22
2023-01-06,ATM17,60.49
2023-01-07,ATM17,34.66
2023-01-08,ATM17,23.19
2023-01-09,ATM17,57.33
2023-01-10,ATM17,49.08
2023-01-11,ATM17,53.52
2023-01-12,ATM17,38.58
2023-01-13,ATM17,44.73
2023-01-14,ATM17,27.0
2023-01-15,ATM17,19.31
2023-01-16,ATM17,53.43
2023-01-17,ATM17,47.16
2023-01-18,ATM17,59.59
2023-01-19,ATM17,52.28
2023-01-20,ATM17,44.7
2023-01-21,ATM17,27.67
2023-01-22,ATM17,10.12
2023-01-23,ATM17,52.97
2023-01-24,ATM17,51.21
2023-01-25,ATM17,58.35
2023-01-26,ATM17,65.65
2023-01-27,ATM17,61.13
2023-01-28,ATM17,31.49
2023-01-29,ATM17,24.51
2023-01-30,ATM17,63.46
2023-01-31,ATM17,64.36
2023-02-01,ATM17,114.55
2023-02-02,ATM17,113.64
2023-02-03,ATM17,92.03
2023-02-04,ATM17,44.9
2023-02-05,ATM17,38.74
2023-02-06,ATM17,122.89
2023-02-07,ATM17,98.47
2023-02-08,ATM17,102.5
2023-02-09,ATM17,92.97
2023-02-10,ATM17,97.26
2023-02-11,ATM17,52.72
2023-02-12,ATM17,53.46
2023-02-13,ATM17,114.52
2023-02-14,ATM17,125.28
2023-02-15,ATM17,131.85
2023-02-16,ATM17,114.09
2023-02-17,ATM17,98.42
2023-02-18,ATM17,52.11
2023-02-19,ATM17,36.9
2023-02-20,ATM17,113.45
2023-02-21,ATM17,95.67
2023-02-22,ATM17,95.81
2023-02-23,ATM17,90.3
2023-02-24,ATM17,72.94
2023-02-25,ATM17,54.46
2023-02-26,ATM17,44.52
2023-02-27,ATM17,107.06
2023-02-28,ATM17,121.04
2023-03-01,ATM17,95.94
2023-03-02,ATM17,98.44
2023-03-03,ATM17,89.19
2023-03-04,ATM17,50.58
2023-03-05,ATM17,37.27
2023-03-06,ATM17,101.31
2023-03-07,ATM17,97.39
2023-03-08,ATM17,98.65
2023-03-09,ATM17,111.35
2023-03-10,ATM17,89.67
2023-03-11,ATM17,63.29
2023-03-12,ATM17,37.47
2023-03-13,ATM17,103.42
2023-03-14,ATM17,107.42
2023-03-15,ATM17,99.37
2023-03-16,ATM17,110.1
2023-03-17,ATM17,102.26
2023-03-18,ATM17,51.21
2023-03-19,ATM17,42.46
2023-03-20,ATM17,95.25
2023-03-21,ATM17,91.31
2023-03-22,ATM17,101.42
2023-03-23,ATM17,104.2
2023-03-24,ATM17,97.3
2023-03-25,ATM17,55.53
2023-03-26,ATM17,38.8
2023-03-27,ATM17,122.01
2023-03-28,ATM17,117.49
2023-03-29,ATM17,102.2
2023-03-30,ATM17,91.04
2023-03-31,ATM17,109.95
2023-04-01,ATM17,52.89
2023-04-02,ATM17,40.49
2023-04-03,ATM17,120.45
2023-04-04,ATM17,117.88
2023-04-05,ATM17,101.44
2023-04-06,ATM17,88.19
2023-04-07,ATM17,110.89
2023-04-08,ATM17,50.3
2023-04-09,ATM17,35.48
2023-04-10,ATM17,103.69
2023-04-11,ATM17,101.44
2023-04-12,ATM17,109.86
2023-04-13,ATM17,87.05
2023-04-14,ATM17,87.75
2023-04-15,ATM17,54.73
2023-04-16,ATM17,42.23
2023-04-17,ATM17,104.16
2023-04-18,ATM17,94.62
2023-04-19,ATM17,104.06
2023-04-20,ATM17,87.85
2023-04-21,ATM17,105.59
2023-04-22,ATM17,7.75
2023-04-23,ATM17,5.08
2023-04-24,ATM17,25.65
2023-04-25,ATM17,28.43
2023-04-26,ATM17,25.76
2023-04-27,ATM17,29.49
2023-04-28,ATM17,26.42
2023-04-29,ATM17,20.84
2023-04-30,ATM17,19.77
2023-05-01,ATM17,34.71
2023-05-02,ATM17,76.7
2023-05-03,ATM17,87.91
2023-05-04,ATM17,99.95
2023-05-05,ATM17,95.66
2023-05-06,ATM17,55.59
2023-05-07,ATM17,36.11
2023-05-08,ATM17,90.02
2023-05-09,ATM17,110.55
2023-05-10,ATM17,109.28
2023-05-11,ATM17,106.09
2023-05-12,ATM17,88.46
2023-05-13,ATM17,58.47
2023-05-14,ATM17,37.67
2023-05-15,ATM17,92.09
2023-05-16,ATM17,89.56
2023-05-17,ATM17,111.97
2023-05-18,ATM17,87.98
2023-05-19,ATM17,79.86
2023-05-20,ATM17,64.21
2023-05-21,ATM17,44.67
2023-05-22,ATM17,100.15
2023-05-23,ATM17,87.91
2023-05-24,ATM17,77.68
2023-05-25,ATM17,93.73
2023-05-26,ATM17,101.84
2023-05-27,ATM17,64.84
2023-05-28,ATM17,34.6
2023-05-29,ATM17,88.1
2023-05-30,ATM17,97.18
2023-05-31,ATM17,139.82
2023-06-01,ATM17,63.76
2023-06-02,ATM17,112.45
2023-06-03,ATM17,46.92
2023-06-04,ATM17,28.13
2023-06-05,ATM17,89.92
2023-06-06,ATM17,94.76
2023-06-07,ATM17,95.23
2023-06-08,ATM17,89.98
2023-06-09,ATM17,81.92
2023-06-10,ATM17,41.79
2023-06-11,ATM17,38.63
2023-06-12,ATM17,92.13
2023-06-13,ATM17,92.4
2023-06-14,ATM17,94.96
2023-06-15,ATM17,99.61
2023-06-16,ATM17,83.38
2023-06-17,ATM17,52.92
2023-06-18,ATM17,34.58
2023-06-19,ATM17,94.88
2023-06-20,ATM17,115.59
2023-06-21,ATM17,94.78
2023-06-22,ATM17,99.64
2023-06-23,ATM17,102.24
2023-06-24,ATM17,53.87
2023-06-25,ATM17,40.33
2023-06-26,ATM17,137.75
2023-06-27,ATM17,120.01
2023-06-28,ATM17,115.53
2023-06-29,ATM17,51.07
2023-06-30,ATM17,99.14
2023-07-01,ATM17,33.08
2023-07-02,ATM17,21.94
2023-07-03,ATM17,44.29
2023-07-04,ATM17,52.96
2023-07-05,ATM17,48.18
2023-07-06,ATM17,53.84
2023-07-07,ATM17,50.72
2023-07-08,ATM17,30.8
2023-07-09,ATM17,19.02
2023-07-10,ATM17,49.36
2023-07-11,ATM17,49.79
2023-07-12,ATM17,44.08
2023-07-13,ATM17,52.98
2023-07-14,ATM17,41.42
2023-07-15,ATM17,28.12
2023-07-16,ATM17,20.88
2023-07-17,ATM17,54.11
2023-07-18,ATM17,55.93
2023-07-19,ATM17,56.6
2023-07-20,ATM17,50.18
2023-07-21,ATM17,49.92
2023-07-22,ATM17,29.37
2023-07-23,ATM17,18.31
2023-07-24,ATM17,54.13
2023-07-25,ATM17,44.36
2023-07-26,ATM17,41.95
2023-07-27,ATM17,51.37
2023-07-28,ATM17,49.12
2023-07-29,ATM17,25.8
2023-07-30,ATM17,20.07
2023-07-31,ATM17,54.77
2023-08-01,ATM17,51.13
2023-08-02,ATM17,46.15
2023-08-03,ATM17,37.99
2023-08-04,ATM17,46.95
2023-08-05,ATM17,25.55
2023-08-06,ATM17,21.56
2023-08-07,ATM17,54.31
2023-08-08,ATM17,56.93
2023-08-09,ATM17,55.16
2023-08-10,ATM17,51.34
2023-08-11,ATM17,49.25
2023-08-12,ATM17,25.61
2023-08-13,ATM17,16.66
2023-08-14,ATM17,54.27
2023-08-15,ATM17,64.14
2023-08-16,ATM17,69.65
2023-08-17,ATM17,27.04
2023-08-18,ATM17,46.02
2023-08-19,ATM17,24.54
2023-08-20,ATM17,18.34
2023-08-21,ATM17,51.77
2023-08-22,ATM17,47.2
2023-08-23,ATM17,42.94
2023-08-24,ATM17,46.47
2023-08-25,ATM17,34.75
2023-08-26,ATM17,23.94
2023-08-27,ATM17,17.56
2023-08-28,ATM17,58.6
2023-08-29,ATM17,65.84
2023-08-30,ATM17,69.56
2023-08-31,ATM17,58.23
2023-09-01,ATM17,87.14
2023-09-02,ATM17,46.49
2023-09-03,ATM17,35.25
2023-09-04,ATM17,82.25
2023-09-05,ATM17,106.7
2023-09-06,ATM17,99.23
2023-09-07,ATM17,100.44
2023-09-08,ATM17,76.41
2023-09-09,ATM17,41.73
2023-09-10,ATM17,26.37
2023-09-11,ATM17,95.19
2023-09-12,ATM17,94.46
2023-09-13,ATM17,102.02
2023-09-14,ATM17,95.33
2023-09-15,ATM17,94.02
2023-09-16,ATM17,48.07
2023-09-17,ATM17,34.33
2023-09-18,ATM17,94.79
2023-09-19,ATM17,100.3
2023-09-20,ATM17,103.17
2023-09-21,ATM17,129.58
2023-09-22,ATM17,123.3
2023-09-23,ATM17,46.33
2023-09-24,ATM17,33.97
2023-09-25,ATM17,100.22
2023-09-26,ATM17,119.27
2023-09-27,ATM17,108.22
2023-09-28,ATM17,107.72
2023-09-29,ATM17,76.82
2023-09-30,ATM17,40.61
2023-10-01,ATM17,43.13
2023-10-02,ATM17,112.35
2023-10-03,ATM17,91.47
2023-10-04,ATM17,98.45
2023-10-05,ATM17,84.23
2023-10-06,ATM17,83.1
2023-10-07,ATM17,40.83
2023-10-08,ATM17,30.36
2023-10-09,ATM17,87.86
2023-10-10,ATM17,103.35
2023-10-11,ATM17,104.81
2023-10-12,ATM17,102.63
2023-10-13,ATM17,91.89
2023-10-14,ATM17,53.97
2023-10-15,ATM17,33.54
2023-10-16,ATM17,87.27
2023-10-17,ATM17,96.5
2023-10-18,ATM17,93.61
2023-10-19,ATM17,90.75
2023-10-20,ATM17,85.6
2023-10-21,ATM17,54.78
2023-10-22,ATM17,42.89
2023-10-23,ATM17,98.6
2023-10-24,ATM17,80.29
2023-10-25,ATM17,90.35
2023-10-26,ATM17,85.37
2023-10-27,ATM17,97.88
2023-10-28,ATM17,59.09
2023-10-29,ATM17,36.15
2023-10-30,ATM17,94.82
2023-10-31,ATM17,85.71
2023-11-01,ATM17,97.79
2023-11-02,ATM17,97.12
2023-11-03,ATM17,96.63
2023-11-04,ATM17,54.06
2023-11-05,ATM17,40.11
2023-11-06,ATM17,87.85
2023-11-07,ATM17,87.68
2023-11-08,ATM17,104.18
2023-11-09,ATM17,91.24
2023-11-10,ATM17,71.99
2023-11-11,ATM17,48.19
2023-11-12,ATM17,32.88
2023-11-13,ATM17,105.2
2023-11-14,ATM17,99.99
2023-11-15,ATM17,94.98
2023-11-16,ATM17,106.11
2023-11-17,ATM17,80.89
2023-11-18,ATM17,54.39
2023-11-19,ATM17,34.46
2023-11-20,ATM17,97.28
2023-11-21,ATM17,98.53
2023-11-22,ATM17,92.77
2023-11-23,ATM17,83.07
2023-11-24,ATM17,80.25
2023-11-25,ATM17,45.52
2023-11-26,ATM17,44.61
2023-11-27,ATM17,107.23
2023-11-28,ATM17,120.88
2023-11-29,ATM17,125.73
2023-11-30,ATM17,113.54
2023-12-01,ATM17,99.84
2023-12-02,ATM17,54.93
2023-12-03,ATM17,39.0
2023-12-04,ATM17,103.74
2023-12-05,ATM17,85.07
2023-12-06,ATM17,75.68
2023-12-07,ATM17,98.81
2023-12-08,ATM17,68.69
2023-12-09,ATM17,44.76
2023-12-10,ATM17,32.53
2023-12-11,ATM17,94.66
2023-12-12,ATM17,84.14
2023-12-13,ATM17,94.01
2023-12-14,ATM17,92.84
2023-12-15,ATM17,128.42
2023-12-16,ATM17,60.42
2023-12-17,ATM17,46.83
2023-12-18,ATM17,96.89
2023-12-19,ATM17,112.45
2023-12-20,ATM17,110.19
2023-12-21,ATM17,104.71
2023-12-22,ATM17,99.67
2023-12-23,ATM17,64.09
2023-12-24,ATM17,42.62
2023-12-25,ATM17,55.23
2023-12-26,ATM17,104.96
2023-12-27,ATM17,120.08
2023-12-28,ATM17,116.92
2023-12-29,ATM17,90.38
2023-12-30,ATM17,56.66
2023-12-31,ATM17,36.67
2024-01-01,ATM17,28.79
2024-01-02,ATM17,52.88
2024-01-03,ATM17,50.48
2024-01-04,ATM17,47.21
2024-01-05,ATM17,55.9
2024-01-06,ATM17,29.99
2024-01-07,ATM17,23.7
2024-01-08,ATM17,80.99
2024-01-09,ATM17,65.28
2024-01-10,ATM17,67.5
2024-01-11,ATM17,52.02
2024-01-12,ATM17,55.79
2024-01-13,ATM17,25.8
2024-01-14,ATM17,18.92
2024-01-15,ATM17,55.53
2024-01-16,ATM17,58.17
2024-01-17,ATM17,47.84
2024-01-18,ATM17,43.73
2024-01-19,ATM17,48.05
2024-01-20,ATM17,25.3
2024-01-21,ATM17,16.11
2024-01-22,ATM17,48.29
2024-01-23,ATM17,49.93
2024-01-24,ATM17,52.36
2024-01-25,ATM17,58.39
2024-01-26,ATM17,56.73
2024-01-27,ATM17,27.49
2024-01-28,ATM17,19.64
2024-01-29,ATM17,62.06
2024-01-30,ATM17,56.2
2024-01-31,ATM17,54.63
2024-02-01,ATM17,82.84
2024-02-02,ATM17,87.33
2024-02-03,ATM17,49.05
2024-02-04,ATM17,28.74
2024-02-05,ATM17,79.2
2024-02-06,ATM17,76.27
2024-02-07,ATM17,95.61
2024-02-08,ATM17,75.07
2024-02-09,ATM17,80.1
2024-02-10,ATM17,24.57
2024-02-11,ATM17,35.88
2024-02-12,ATM17,92.26
2024-02-13,ATM17,97.59
2024-02-14,ATM17,107.97
2024-02-15,ATM17,95.1
2024-02-16,ATM17,69.09
2024-02-17,ATM17,48.83
2024-02-18,ATM17,36.61
2024-02-19,ATM17,97.31
2024-02-20,ATM17,77.35
2024-02-21,ATM17,83.94
2024-02-22,ATM17,78.0
2024-02-23,ATM17,70.69
2024-02-24,ATM17,42.82
2024-02-25,ATM17,34.23
2024-02-26,ATM17,94.79
2024-02-27,ATM17,108.61
2024-02-28,ATM17,109.47
2024-02-29,ATM17,96.55
2024-03-01,ATM17,87.5
2024-03-02,ATM17,47.94
2024-03-03,ATM17,33.34
2024-03-04,ATM17,101.4
2024-03-05,ATM17,88.72
2024-03-06,ATM17,109.99
2024-03-07,ATM17,105.05
2024-03-08,ATM17,69.43
2024-03-09,ATM17,44.2
2024-03-10,ATM17,37.02
2024-03-11,ATM17,102.32
2024-03-12,ATM17,93.9
2024-03-13,ATM17,93.89
2024-03-14,ATM17,92.0
2024-03-15,ATM17,94.62
2024-03-16,ATM17,42.36
2024-03-17,ATM17,30.7
2024-03-18,ATM17,107.86
2024-03-19,ATM17,100.94
2024-03-20,ATM17,116.02
2024-03-21,ATM17,138.77
2024-03-22,ATM17,100.03
2024-03-23,ATM17,45.03
2024-03-24,ATM17,33.23
2024-03-25,ATM17,117.89
2024-03-26,ATM17,128.93
2024-03-27,ATM17,150.76
2024-03-28,ATM17,120.06
2024-03-29,ATM17,111.93
2024-03-30,ATM17,53.56
2024-03-31,ATM17,30.11
2024-04-01,ATM17,96.95
2024-04-02,ATM17,92.3
2024-04-03,ATM17,103.26
2024-04-04,ATM17,81.08
2024-04-05,ATM17,80.38
2024-04-06,ATM17,50.41
2024-04-07,ATM17,39.43
2024-04-08,ATM17,107.24
2024-04-09,ATM17,132.04
2024-04-10,ATM17,18.54
2024-04-11,ATM17,14.18
2024-04-12,ATM17,31.46
2024-04-13,ATM17,18.85
2024-04-14,ATM17,11.57
2024-04-15,ATM17,30.05
2024-04-16,ATM17,28.97
2024-04-17,ATM17,34.48
2024-04-18,ATM17,39.31
2024-04-19,ATM17,53.8
2024-04-20,ATM17,33.85
2024-04-21,ATM17,24.93
2024-04-22,ATM17,69.95
2024-04-23,ATM17,75.6
2024-04-24,ATM17,87.53
2024-04-25,ATM17,106.05
2024-04-26,ATM17,88.63
2024-04-27,ATM17,55.79
2024-04-28,ATM17,39.89
2024-04-29,ATM17,108.22
2024-04-30,ATM17,118.53
2024-05-01,ATM17,60.51
2024-05-02,ATM17,91.05
2024-05-03,ATM17,75.57
2024-05-04,ATM17,44.2
2024-05-05,ATM17,35.25
2024-05-06,ATM17,112.88
2024-05-07,ATM17,104.78
2024-05-08,ATM17,121.33
2024-05-09,ATM17,94.9
2024-05-10,ATM17,81.72
2024-05-11,ATM17,44.66
2024-05-12,ATM17,30.61
2024-05-13,ATM17,101.85
2024-05-14,ATM17,72.03
2024-05-15,ATM17,79.08
2024-05-16,ATM17,94.4
2024-05-17,ATM17,84.66
2024-05-18,ATM17,52.78
2024-05-19,ATM17,45.96
2024-05-20,ATM17,108.56
2024-05-21,ATM17,114.28
2024-05-22,ATM17,134.18
2024-05-23,ATM17,110.28
2024-05-24,ATM17,93.43
2024-05-25,ATM17,59.54
2024-05-26,ATM17,45.72
2024-05-27,ATM17,112.6
2024-05-28,ATM17,102.03
2024-05-29,ATM17,124.34
2024-05-30,ATM17,104.24
2024-05-31,ATM17,110.01
2024-06-01,ATM17,28.6
2024-06-02,ATM17,48.17
2024-06-03,ATM17,98.7
2024-06-04,ATM17,89.03
2024-06-05,ATM17,102.53
2024-06-06,ATM17,83.83
2024-06-07,ATM17,85.41
2024-06-08,ATM17,56.68
2024-06-09,ATM17,31.08
2024-06-10,ATM17,92.97
2024-06-11,ATM17,106.94
2024-06-12,ATM17,99.4
2024-06-13,ATM17,83.14
2024-06-14,ATM17,80.26
2024-06-15,ATM17,41.69
2024-06-16,ATM17,32.65
2024-06-17,ATM17,44.67
2024-06-18,ATM17,86.86
2024-06-19,ATM17,95.51
2024-06-20,ATM17,107.53
2024-06-21,ATM17,96.12
2024-06-22,ATM17,57.45
2024-06-23,ATM17,44.51
2024-06-24,ATM17,99.24
2024-06-25,ATM17,109.19
2024-06-26,ATM17,101.11
2024-06-27,ATM17,82.99
2024-06-28,ATM17,90.39
2024-06-29,ATM17,45.23
2024-06-30,ATM17,37.33
2024-07-01,ATM17,47.74
2024-07-02,ATM17,53.53
2024-07-03,ATM17,43.57
2024-07-04,ATM17,49.98
2024-07-05,ATM17,45.98
2024-07-06,ATM17,24.63
2024-07-07,ATM17,21.15
2024-07-08,ATM17,53.43
2024-07-09,ATM17,53.93
2024-07-10,ATM17,50.82
2024-07-11,ATM17,51.73
2024-07-12,ATM17,53.78
2024-07-13,ATM17,30.07
2024-07-14,ATM17,19.09
2024-07-15,ATM17,59.39
2024-07-16,ATM17,49.68
2024-07-17,ATM17,46.73
2024-07-18,ATM17,46.43
2024-07-19,ATM17,51.23
2024-07-20,ATM17,23.59
2024-07-21,ATM17,19.87
2024-07-22,ATM17,52.59
2024-07-23,ATM17,49.58
2024-07-24,ATM17,57.14
2024-07-25,ATM17,51.89
2024-07-26,ATM17,65.01
2024-07-27,ATM17,30.85
2024-07-28,ATM17,21.76
2024-07-29,ATM17,68.81
2024-07-30,ATM17,63.03
2024-07-31,ATM17,67.73
2024-08-01,ATM17,47.26
2024-08-02,ATM17,46.16
2024-08-03,ATM17,26.36
2024-08-04,ATM17,21.66
2024-08-05,ATM17,60.8
2024-08-06,ATM17,60.73
2024-08-07,ATM17,63.32
2024-08-08,ATM17,57.74
2024-08-09,ATM17,40.39
2024-08-10,ATM17,27.84
2024-08-11,ATM17,17.68
2024-08-12,ATM17,51.9
2024-08-13,ATM17,52.67
2024-08-14,ATM17,52.24
2024-08-15,ATM17,43.76
2024-08-16,ATM17,35.86
2024-08-17,ATM17,10.22
2024-08-18,ATM17,18.46
2024-08-19,ATM17,43.58
2024-08-20,ATM17,43.31
2024-08-21,ATM17,49.81
2024-08-22,ATM17,43.19
2024-08-23,ATM17,41.55
2024-08-24,ATM17,24.58
2024-08-25,ATM17,20.78
2024-08-26,ATM17,50.6
2024-08-27,ATM17,54.59
2024-08-28,ATM17,58.11
2024-08-29,ATM17,47.46
2024-08-30,ATM17,49.63
2024-08-31,ATM17,25.7
2024-09-01,ATM17,36.27
2024-09-02,ATM17,109.69
2024-09-03,ATM17,97.1
2024-09-04,ATM17,106.73
2024-09-05,ATM17,104.88
2024-09-06,ATM17,102.5
2024-09-07,ATM17,53.95
2024-09-08,ATM17,41.53
2024-09-09,ATM17,108.3
2024-09-10,ATM17,81.91
2024-09-11,ATM17,80.6
2024-09-12,ATM17,81.41
2024-09-13,ATM17,80.62
2024-09-14,ATM17,47.39
2024-09-15,ATM17,31.24
2024-09-16,ATM17,112.02
2024-09-17,ATM17,100.07
2024-09-18,ATM17,96.1
2024-09-19,ATM17,83.74
2024-09-20,ATM17,73.79
2024-09-21,ATM17,43.16
2024-09-22,ATM17,32.82
2024-09-23,ATM17,90.92
2024-09-24,ATM17,110.48
2024-09-25,ATM17,109.05
2024-09-26,ATM17,99.58
2024-09-27,ATM17,102.64
2024-09-28,ATM17,52.48
2024-09-29,ATM17,39.94
2024-09-30,ATM17,91.76
2024-10-01,ATM17,84.7
2024-10-02,ATM17,95.23
2024-10-03,ATM17,86.29
2024-10-04,ATM17,77.6
2024-10-05,ATM17,46.07
2024-10-06,ATM17,35.01
2024-10-07,ATM17,88.77
2024-10-08,ATM17,87.39
2024-10-09,ATM17,94.08
2024-10-10,ATM17,78.65
2024-10-11,ATM17,74.87
2024-10-12,ATM17,46.65
2024-10-13,ATM17,33.75
2024-10-14,ATM17,88.1
2024-10-15,ATM17,82.1
2024-10-16,ATM17,78.58
2024-10-17,ATM17,81.03
2024-10-18,ATM17,101.29
2024-10-19,ATM17,53.62
2024-10-20,ATM17,31.1
2024-10-21,ATM17,96.69
2024-10-22,ATM17,86.95
2024-10-23,ATM17,90.06
2024-10-24,ATM17,81.89
2024-10-25,ATM17,111.87
2024-10-26,ATM17,48.99
2024-10-27,ATM17,37.7
2024-10-28,ATM17,95.29
2024-10-29,ATM17,107.29
2024-10-30,ATM17,107.75
2024-10-31,ATM17,114.54
2024-11-01,ATM17,107.93
2024-11-02,ATM17,50.58
2024-11-03,ATM17,47.67
2024-11-04,ATM17,117.02
2024-11-05,ATM17,98.45
2024-11-06,ATM17,98.98
2024-11-07,ATM17,99.24
2024-11-08,ATM17,96.21
2024-11-09,ATM17,52.78
2024-11-10,ATM17,39.2
2024-11-11,ATM17,109.07
2024-11-12,ATM17,90.79
2024-11-13,ATM17,115.71
2024-11-14,ATM17,121.3
2024-11-15,ATM17,105.97
2024-11-16,ATM17,51.55
2024-11-17,ATM17,35.54
2024-11-18,ATM17,91.51
2024-11-19,ATM17,90.11
2024-11-20,ATM17,71.87
2024-11-21,ATM17,93.25
2024-11-22,ATM17,98.08
2024-11-23,ATM17,41.21
2024-11-24,ATM17,35.21
2024-11-25,ATM17,103.74
2024-11-26,ATM17,100.38
2024-11-27,ATM17,106.71
2024-11-28,ATM17,81.87
2024-11-29,ATM17,85.5
2024-11-30,ATM17,49.5
2024-12-01,ATM17,36.85
2024-12-02,ATM17,87.31
2024-12-03,ATM17,93.34
2024-12-04,ATM17,105.98
2024-12-05,ATM17,99.68
2024-12-06,ATM17,87.93
2024-12-07,ATM17,64.4
2024-12-08,ATM17,35.8
2024-12-09,ATM17,105.16
2024-12-10,ATM17,99.2
2024-12-11,ATM17,118.95
2024-12-12,ATM17,103.03
2024-12-13,ATM17,96.16
2024-12-14,ATM17,51.86
2024-12-15,ATM17,33.99
2024-12-16,ATM17,87.98
2024-12-17,ATM17,91.38
2024-12-18,ATM17,106.45
2024-12-19,ATM17,100.49
2024-12-20,ATM17,90.73
2024-12-21,ATM17,57.95
2024-12-22,ATM17,31.17
2024-12-23,ATM17,80.7
2024-12-24,ATM17,68.81
2024-12-25,ATM17,52.95
2024-12-26,ATM17,101.85
2024-12-27,ATM17,109.39
2024-12-28,ATM17,56.42
2024-12-29,ATM17,45.15
2024-12-30,ATM17,114.21
2024-12-31,ATM17,116.68
2025-01-01,ATM17,29.52
2025-01-02,ATM17,56.64
2025-01-03,ATM17,58.71
2025-01-04,ATM17,24.01
2025-01-05,ATM17,18.13
2025-01-06,ATM17,52.22
2025-01-07,ATM17,52.45
2025-01-08,ATM17,50.03
2025-01-09,ATM17,46.05
2025-01-10,ATM17,52.57
2025-01-11,ATM17,26.65
2025-01-12,ATM17,24.62
2025-01-13,ATM17,61.12
2025-01-14,ATM17,53.35
2025-01-15,ATM17,55.04
2025-01-16,ATM17,50.75
2025-01-17,ATM17,54.49
2025-01-18,ATM17,24.0
2025-01-19,ATM17,14.73
2025-01-20,ATM17,47.6
2025-01-21,ATM17,53.93
2025-01-22,ATM17,53.69
2025-01-23,ATM17,53.37
2025-01-24,ATM17,50.93
2025-01-25,ATM17,24.73
2025-01-26,ATM17,19.78
2025-01-27,ATM17,63.6
2025-01-28,ATM17,60.16
2025-01-29,ATM17,24.92
2025-01-30,ATM17,48.67
2025-01-31,ATM17,51.65
2025-02-01,ATM17,62.13
2025-02-02,ATM17,32.5
2025-02-03,ATM17,93.1
2025-02-04,ATM17,84.71
2025-02-05,ATM17,95.12
2025-02-06,ATM17,96.49
2025-02-07,ATM17,86.29
2025-02-08,ATM17,50.73
2025-02-09,ATM17,40.21
2025-02-10,ATM17,96.66
2025-02-11,ATM17,81.04
2025-02-12,ATM17,101.44
2025-02-13,ATM17,100.31
2025-02-14,ATM17,94.27
2025-02-15,ATM17,44.89
2025-02-16,ATM17,36.79
2025-02-17,ATM17,119.93
2025-02-18,ATM17,102.04
2025-02-19,ATM17,97.15
2025-02-20,ATM17,79.85
2025-02-21,ATM17,73.84
2025-02-22,ATM17,38.54
2025-02-23,ATM17,31.26
2025-02-24,ATM17,85.71
2025-02-25,ATM17,101.84
2025-02-26,ATM17,91.74
2025-02-27,ATM17,90.47
2025-02-28,ATM17,80.19
2025-03-01,ATM17,48.41
2025-03-02,ATM17,30.05
2025-03-03,ATM17,87.68
2025-03-04,ATM17,88.45
2025-03-05,ATM17,93.41
2025-03-06,ATM17,74.68
2025-03-07,ATM17,84.64
2025-03-08,ATM17,45.33
2025-03-09,ATM17,34.47
2025-03-10,ATM17,75.0
2025-03-11,ATM17,73.46
2025-03-12,ATM17,80.14
2025-03-13,ATM17,96.85
2025-03-14,ATM17,93.67
2025-03-15,ATM17,49.78
2025-03-16,ATM17,31.82
2025-03-17,ATM17,81.14
2025-03-18,ATM17,91.54
2025-03-19,ATM17,101.51
2025-03-20,ATM17,96.39
2025-03-21,ATM17,108.29
2025-03-22,ATM17,49.43
2025-03-23,ATM17,36.43
2025-03-24,ATM17,82.22
2025-03-25,ATM17,102.27
2025-03-26,ATM17,124.43
2025-03-27,ATM17,98.65
2025-03-28,ATM17,106.57
2025-03-29,ATM17,66.41
2025-03-30,ATM17,40.51
2025-03-31,ATM17,15.91
2025-04-01,ATM17,18.36
2025-04-02,ATM17,33.75
2025-04-03,ATM17,30.88
2025-04-04,ATM17,22.42
2025-04-05,ATM17,14.17
2025-04-06,ATM17,10.87
2025-04-07,ATM17,32.29
2025-04-08,ATM17,38.0
2025-04-09,ATM17,52.5
2025-04-10,ATM17,54.54
2025-04-11,ATM17,67.92
2025-04-12,ATM17,40.78
2025-04-13,ATM17,31.55
2025-04-14,ATM17,91.12
2025-04-15,ATM17,94.06
2025-04-16,ATM17,100.92
2025-04-17,ATM17,96.52
2025-04-18,ATM17,82.81
2025-04-19,ATM17,52.17
2025-04-20,ATM17,37.83
2025-04-21,ATM17,100.83
2025-04-22,ATM17,96.25
2025-04-23,ATM17,98.58
2025-04-24,ATM17,73.6
2025-04-25,ATM17,86.71
2025-04-26,ATM17,58.63
2025-04-27,ATM17,40.03
2025-04-28,ATM17,105.38
2025-04-29,ATM17,95.89
2025-04-30,ATM17,103.59
2025-05-01,ATM17,47.46
2025-05-02,ATM17,104.7
2025-05-03,ATM17,45.36
2025-05-04,ATM17,31.93
2025-05-05,ATM17,85.12
2025-05-06,ATM17,109.71
2025-05-07,ATM17,98.43
2025-05-08,ATM17,86.02
2025-05-09,ATM17,66.44
2025-05-10,ATM17,36.76
2025-05-11,ATM17,31.82
2025-05-12,ATM17,94.59
2025-05-13,ATM17,86.08
2025-05-14,ATM17,83.0
2025-05-15,ATM17,102.11
2025-05-16,ATM17,119.5
2025-05-17,ATM17,60.83
2025-05-18,ATM17,44.69
2025-05-19,ATM17,126.37
2025-05-20,ATM17,134.35
2025-05-21,ATM17,104.7
2025-05-22,ATM17,83.84
2025-05-23,ATM17,99.42
2025-05-24,ATM17,44.36
2025-05-25,ATM17,32.07
2025-05-26,ATM17,84.47
2025-05-27,ATM17,91.2
2025-05-28,ATM17,76.99
2025-05-29,ATM17,72.35
2025-05-30,ATM17,74.8
2025-05-31,ATM17,40.08
2025-06-01,ATM17,18.46
2025-06-02,ATM17,100.56
2025-06-03,ATM17,99.82
2025-06-04,ATM17,101.24
2025-06-05,ATM17,90.3
2025-06-06,ATM17,47.56
2025-06-07,ATM17,51.61
2025-06-08,ATM17,34.27
2025-06-09,ATM17,77.84
2025-06-10,ATM17,88.37
2025-06-11,ATM17,77.93
2025-06-12,ATM17,84.2
2025-06-13,ATM17,82.02
2025-06-14,ATM17,38.9
2025-06-15,ATM17,31.62
2025-06-16,ATM17,90.74
2025-06-17,ATM17,92.53
2025-06-18,ATM17,92.85
2025-06-19,ATM17,81.29
2025-06-20,ATM17,85.39
2025-06-21,ATM17,42.63
2025-06-22,ATM17,28.45
2025-06-23,ATM17,91.21
2025-06-24,ATM17,100.59
2025-06-25,ATM17,111.5
2025-06-26,ATM17,97.65
2025-06-27,ATM17,73.94
2025-06-28,ATM17,53.44
2025-06-29,ATM17,30.11
2025-06-30,ATM17,97.61
2025-07-01,ATM17,68.36
2025-07-02,ATM17,61.43
2025-07-03,ATM17,53.14
2025-07-04,ATM17,50.36
2025-07-05,ATM17,27.09
2025-07-06,ATM17,24.71
2025-07-07,ATM17,52.96
2025-07-08,ATM17,46.69
2025-07-09,ATM17,47.33
2025-07-10,ATM17,55.41
2025-07-11,ATM17,45.43
2025-07-12,ATM17,26.09
2025-07-13,ATM17,20.76
2025-07-14,ATM17,57.56
2025-07-15,ATM17,59.31
2025-07-16,ATM17,62.82
2025-07-17,ATM17,54.46
2025-07-18,ATM17,45.65
2025-07-19,ATM17,25.34
2025-07-20,ATM17,17.54
2025-07-21,ATM17,64.6
2025-07-22,ATM17,52.65
2025-07-23,ATM17,53.7
2025-07-24,ATM17,41.57
2025-07-25,ATM17,47.43
2025-07-26,ATM17,25.89
2025-07-27,ATM17,20.85
2025-07-28,ATM17,60.22
2025-07-29,ATM17,66.59
2025-07-30,ATM17,69.07
2025-07-31,ATM17,57.43
2025-08-01,ATM17,46.66
2025-08-02,ATM17,24.2
2025-08-03,ATM17,18.18
2025-08-04,ATM17,51.41
2025-08-05,ATM17,52.63
2025-08-06,ATM17,48.75
2025-08-07,ATM17,55.84
2025-08-08,ATM17,41.91
2025-08-09,ATM17,22.82
2025-08-10,ATM17,15.2
2025-08-11,ATM17,44.81
2025-08-12,ATM17,54.25
2025-08-13,ATM17,49.94
2025-08-14,ATM17,47.93
2025-08-15,ATM17,48.68
2025-08-16,ATM17,24.69
2025-08-17,ATM17,9.37
2025-08-18,ATM17,51.75
2025-08-19,ATM17,44.55
2025-08-20,ATM17,44.8
2025-08-21,ATM17,46.92
2025-08-22,ATM17,51.58
2025-08-23,ATM17,30.26
2025-08-24,ATM17,24.78
2025-08-25,ATM17,66.22
2025-08-26,ATM17,56.73
2025-08-27,ATM17,54.99
2025-08-28,ATM17,51.47
2025-08-29,ATM17,47.04
2025-08-30,ATM17,27.7
2025-08-31,ATM17,20.88
2025-09-01,ATM17,88.95
2025-09-02,ATM17,106.13
2025-09-03,ATM17,77.99
2025-09-04,ATM17,79.72
2025-09-05,ATM17,91.05
2025-09-06,ATM17,51.2
2025-09-07,ATM17,33.82
2025-09-08,ATM17,115.02
2025-09-09,ATM17,97.09
2025-09-10,ATM17,73.55
2025-09-11,ATM17,82.25
2025-09-12,ATM17,65.81
2025-09-13,ATM17,37.14
2025-09-14,ATM17,32.06
2025-09-15,ATM17,84.53
2025-09-16,ATM17,93.01
2025-09-17,ATM17,80.19
2025-09-18,ATM17,89.38
2025-09-19,ATM17,68.95
2025-09-20,ATM17,48.02
2025-09-21,ATM17,31.88
2025-09-22,ATM17,104.94
2025-09-23,ATM17,87.64
2025-09-24,ATM17,109.55
2025-09-25,ATM17,92.61
2025-09-26,ATM17,72.97
2025-09-27,ATM17,45.1
2025-09-28,ATM17,39.4
2025-09-29,ATM17,112.08
2025-09-30,ATM17,118.54
2025-10-01,ATM17,116.94
2025-10-02,ATM17,92.72
2025-10-03,ATM17,90.56
2025-10-04,ATM17,48.18
2025-10-05,ATM17,31.6
2025-10-06,ATM17,91.48
2025-10-07,ATM17,91.21
2025-10-08,ATM17,107.1
2025-10-09,ATM17,88.86
2025-10-10,ATM17,76.74
2025-10-11,ATM17,40.31
2025-10-12,ATM17,38.21
2025-10-13,ATM17,89.52
2025-10-14,ATM17,103.09
2025-10-15,ATM17,85.03
2025-10-16,ATM17,88.14
2025-10-17,ATM17,84.8
2025-10-18,ATM17,52.13
2025-10-19,ATM17,39.23
2025-10-20,ATM17,98.06
2025-10-21,ATM17,87.75
2025-10-22,ATM17,105.87
2025-10-23,ATM17,85.74
2025-10-24,ATM17,63.38
2025-10-25,ATM17,35.79
2025-10-26,ATM17,25.91
2025-10-27,ATM17,90.69
2025-10-28,ATM17,120.78
2025-10-29,ATM17,86.05
2025-10-30,ATM17,80.97
2025-10-31,ATM17,84.32
2025-11-01,ATM17,56.66
2025-11-02,ATM17,34.89
2025-11-03,ATM17,96.99
2025-11-04,ATM17,91.52
2025-11-05,ATM17,122.08
2025-11-06,ATM17,101.17
2025-11-07,ATM17,92.54
2025-11-08,ATM17,48.51
2025-11-09,ATM17,32.68
2025-11-10,ATM17,97.93
2025-11-11,ATM17,81.8
2025-11-12,ATM17,68.75
2025-11-13,ATM17,74.39
2025-11-14,ATM17,83.36
2025-11-15,ATM17,42.3
2025-11-16,ATM17,32.28
2025-11-17,ATM17,77.71
2025-11-18,ATM17,94.08
2025-11-19,ATM17,97.99
2025-11-20,ATM17,88.86
2025-11-21,ATM17,84.07
2025-11-22,ATM17,38.82
2025-11-23,ATM17,26.22
2025-11-24,ATM17,79.82
2025-11-25,ATM17,98.56
2025-11-26,ATM17,104.4
2025-11-27,ATM17,92.34
2025-11-28,ATM17,96.0
2025-11-29,ATM17,59.15
2025-11-30,ATM17,38.35
2025-12-01,ATM17,104.62
2025-12-02,ATM17,98.47
2025-12-03,ATM17,90.53
2025-12-04,ATM17,88.53
2025-12-05,ATM17,100.9
2025-12-06,ATM17,55.17
2025-12-07,ATM17,39.62
2025-12-08,ATM17,94.11
2025-12-09,ATM17,83.9
2025-12-10,ATM17,89.12
2025-12-11,ATM17,97.3
2025-12-12,ATM17,103.77
2025-12-13,ATM17,37.93
2025-12-14,ATM17,39.35
2025-12-15,ATM17,109.66
2025-12-16,ATM17,112.49
2025-12-17,ATM17,85.02
2025-12-18,ATM17,84.41
2025-12-19,ATM17,91.93
2025-12-20,ATM17,43.11
2025-12-21,ATM17,24.17
2025-12-22,ATM17,84.28
2025-12-23,ATM17,89.88
2025-12-24,ATM17,109.01
2025-12-25,ATM17,52.34
2025-12-26,ATM17,96.53
2025-12-27,ATM17,57.04
2025-12-28,ATM17,44.45
2025-12-29,ATM17,104.11
2025-12-30,ATM17,116.16
2025-12-31,ATM17,103.85
2022-01-01,ATM18,11.69
2022-01-02,ATM18,17.61
2022-01-03,ATM18,39.5
2022-01-04,ATM18,34.03
2022-01-05,ATM18,38.29
2022-01-06,ATM18,43.78
2022-01-07,ATM18,42.7
2022-01-08,ATM18,23.2
2022-01-09,ATM18,16.33
2022-01-10,ATM18,44.47
2022-01-11,ATM18,38.88
2022-01-12,ATM18,44.48
2022-01-13,ATM18,45.44
2022-01-14,ATM18,39.09
2022-01-15,ATM18,22.41
2022-01-16,ATM18,13.1
2022-01-17,ATM18,40.23
2022-01-18,ATM18,40.84
2022-01-19,ATM18,47.93
2022-01-20,ATM18,41.88
2022-01-21,ATM18,43.1
2022-01-22,ATM18,21.37
2022-01-23,ATM18,12.04
2022-01-24,ATM18,37.03
2022-01-25,ATM18,44.87
2022-01-26,ATM18,46.63
2022-01-27,ATM18,45.36
2022-01-28,ATM18,40.46
2022-01-29,ATM18,22.05
2022-01-30,ATM18,14.62
2022-01-31,ATM18,35.03
2022-02-01,ATM18,36.85
2022-02-02,ATM18,73.37
2022-02-03,ATM18,79.99
2022-02-04,ATM18,58.19
2022-02-05,ATM18,37.21
2022-02-06,ATM18,35.42
2022-02-07,ATM18,85.32
2022-02-08,ATM18,81.99
2022-02-09,ATM18,84.43
2022-02-10,ATM18,79.96
2022-02-11,ATM18,69.55
2022-02-12,ATM18,34.38
2022-02-13,ATM18,28.6
2022-02-14,ATM18,63.05
2022-02-15,ATM18,77.16
2022-02-16,ATM18,73.85
2022-02-17,ATM18,72.18
2022-02-18,ATM18,65.55
2022-02-19,ATM18,43.76
2022-02-20,ATM18,30.49
2022-02-21,ATM18,77.24
2022-02-22,ATM18,74.21
2022-02-23,ATM18,74.51
2022-02-24,ATM18,94.28
2022-02-25,ATM18,74.51
2022-02-26,ATM18,47.01
2022-02-27,ATM18,34.36
2022-02-28,ATM18,105.38
2022-03-01,ATM18,100.13
2022-03-02,ATM18,91.34
2022-03-03,ATM18,87.6
2022-03-04,ATM18,78.94
2022-03-05,ATM18,44.87
2022-03-06,ATM18,35.66
2022-03-07,ATM18,88.12
2022-03-08,ATM18,79.33
2022-03-09,ATM18,73.86
2022-03-10,ATM18,74.76
2022-03-11,ATM18,64.01
2022-03-12,ATM18,35.56
2022-03-13,ATM18,24.27
2022-03-14,ATM18,76.31
2022-03-15,ATM18,70.55
2022-03-16,ATM18,64.21
2022-03-17,ATM18,59.89
2022-03-18,ATM18,59.9
2022-03-19,ATM18,34.02
2022-03-20,ATM18,27.2
2022-03-21,ATM18,74.59
2022-03-22,ATM18,78.98
2022-03-23,ATM18,81.76
2022-03-24,ATM18,81.83
2022-03-25,ATM18,65.44
2022-03-26,ATM18,34.73
2022-03-27,ATM18,29.91
2022-03-28,ATM18,85.44
2022-03-29,ATM18,94.56
2022-03-30,ATM18,75.0
2022-03-31,ATM18,72.55
2022-04-01,ATM18,70.88
2022-04-02,ATM18,41.5
2022-04-03,ATM18,28.65
2022-04-04,ATM18,83.13
2022-04-05,ATM18,79.87
2022-04-06,ATM18,92.37
2022-04-07,ATM18,97.5
2022-04-08,ATM18,71.32
2022-04-09,ATM18,39.59
2022-04-10,ATM18,30.49
2022-04-11,ATM18,85.58
2022-04-12,ATM18,77.63
2022-04-13,ATM18,80.12
2022-04-14,ATM18,63.53
2022-04-15,ATM18,66.28
2022-04-16,ATM18,32.49
2022-04-17,ATM18,27.93
2022-04-18,ATM18,69.44
2022-04-19,ATM18,76.57
2022-04-20,ATM18,81.6
2022-04-21,ATM18,78.23
2022-04-22,ATM18,69.23
2022-04-23,ATM18,38.68
2022-04-24,ATM18,33.09
2022-04-25,ATM18,90.49
2022-04-26,ATM18,91.03
2022-04-27,ATM18,85.85
2022-04-28,ATM18,95.17
2022-04-29,ATM18,87.6
2022-04-30,ATM18,43.35
2022-05-01,ATM18,16.4
2022-05-02,ATM18,12.16
2022-05-03,ATM18,13.56
2022-05-04,ATM18,25.04
2022-05-05,ATM18,19.91
2022-05-06,ATM18,21.47
2022-05-07,ATM18,14.39
2022-05-08,ATM18,10.72
2022-05-09,ATM18,29.89
2022-05-10,ATM18,34.96
2022-05-11,ATM18,42.17
2022-05-12,ATM18,46.96
2022-05-13,ATM18,53.25
2022-05-14,ATM18,30.92
2022-05-15,ATM18,22.75
2022-05-16,ATM18,80.89
2022-05-17,ATM18,69.34
2022-05-18,ATM18,67.03
2022-05-19,ATM18,60.78
2022-05-20,ATM18,68.51
2022-05-21,ATM18,38.44
2022-05-22,ATM18,30.73
2022-05-23,ATM18,73.39
2022-05-24,ATM18,65.42
2022-05-25,ATM18,74.69
2022-05-26,ATM18,74.61
2022-05-27,ATM18,75.71
2022-05-28,ATM18,34.8
2022-05-29,ATM18,29.61
2022-05-30,ATM18,75.13
2022-05-31,ATM18,74.45
2022-06-01,ATM18,45.29
2022-06-02,ATM18,65.28
2022-06-03,ATM18,67.58
2022-06-04,ATM18,39.73
2022-06-05,ATM18,26.27
2022-06-06,ATM18,72.11
2022-06-07,ATM18,86.55
2022-06-08,ATM18,101.94
2022-06-09,ATM18,94.89
2022-06-10,ATM18,94.95
2022-06-11,ATM18,40.75
2022-06-12,ATM18,24.04
2022-06-13,ATM18,71.16
2022-06-14,ATM18,80.84
2022-06-15,ATM18,63.89
2022-06-16,ATM18,60.76
2022-06-17,ATM18,58.47
2022-06-18,ATM18,36.76
2022-06-19,ATM18,27.99
2022-06-20,ATM18,70.36
2022-06-21,ATM18,75.06
2022-06-22,ATM18,66.8
2022-06-23,ATM18,65.47
2022-06-24,ATM18,57.54
2022-06-25,ATM18,37.95
2022-06-26,ATM18,26.72
2022-06-27,ATM18,85.29
2022-06-28,ATM18,84.3
2022-06-29,ATM18,82.02
2022-06-30,ATM18,96.31
2022-07-01,ATM18,47.55
2022-07-02,ATM18,23.44
2022-07-03,ATM18,14.84
2022-07-04,ATM18,36.98
2022-07-05,ATM18,39.99
2022-07-06,ATM18,43.16
2022-07-07,ATM18,33.39
2022-07-08,ATM18,30.74
2022-07-09,ATM18,18.28
2022-07-10,ATM18,6.27
2022-07-11,ATM18,38.57
2022-07-12,ATM18,41.2
2022-07-13,ATM18,41.04
2022-07-14,ATM18,42.11
2022-07-15,ATM18,36.56
2022-07-16,ATM18,20.47
2022-07-17,ATM18,13.5
2022-07-18,ATM18,40.95
2022-07-19,ATM18,41.82
2022-07-20,ATM18,36.69
2022-07-21,ATM18,37.04
2022-07-22,ATM18,36.64
2022-07-23,ATM18,21.23
2022-07-24,ATM18,15.87
2022-07-25,ATM18,43.36
2022-07-26,ATM18,48.76
2022-07-27,ATM18,50.06
2022-07-28,ATM18,42.15
2022-07-29,ATM18,36.23
2022-07-30,ATM18,20.09
2022-07-31,ATM18,13.4
2022-08-01,ATM18,42.61
2022-08-02,ATM18,50.65
2022-08-03,ATM18,52.62
2022-08-04,ATM18,39.93
2022-08-05,ATM18,42.16
2022-08-06,ATM18,22.48
2022-08-07,ATM18,12.27
2022-08-08,ATM18,37.22
2022-08-09,ATM18,38.42
2022-08-10,ATM18,45.39
2022-08-11,ATM18,37.64
2022-08-12,ATM18,39.4
2022-08-13,ATM18,21.0
2022-08-14,ATM18,13.0
2022-08-15,ATM18,36.67
2022-08-16,ATM18,46.65
2022-08-17,ATM18,21.55
2022-08-18,ATM18,44.7
2022-08-19,ATM18,43.92
2022-08-20,ATM18,21.24
2022-08-21,ATM18,13.29
2022-08-22,ATM18,34.67
2022-08-23,ATM18,45.08
2022-08-24,ATM18,43.97
2022-08-25,ATM18,37.1
2022-08-26,ATM18,42.47
2022-08-27,ATM18,19.02
2022-08-28,ATM18,14.02
2022-08-29,ATM18,42.84
2022-08-30,ATM18,58.75
2022-08-31,ATM18,56.14
2022-09-01,ATM18,82.75
2022-09-02,ATM18,77.46
2022-09-03,ATM18,43.66
2022-09-04,ATM18,34.94
2022-09-05,ATM18,83.49
2022-09-06,ATM18,78.62
2022-09-07,ATM18,71.54
2022-09-08,ATM18,77.15
2022-09-09,ATM18,80.76
2022-09-10,ATM18,32.47
2022-09-11,ATM18,24.63
2022-09-12,ATM18,63.09
2022-09-13,ATM18,71.0
2022-09-14,ATM18,64.26
2022-09-15,ATM18,58.12
2022-09-16,ATM18,70.68
2022-09-17,ATM18,37.66
2022-09-18,ATM18,27.31
2022-09-19,ATM18,79.18
2022-09-20,ATM18,86.04
2022-09-21,ATM18,76.65
2022-09-22,ATM18,69.63
2022-09-23,ATM18,64.88
2022-09-24,ATM18,41.55
2022-09-25,ATM18,31.37
2022-09-26,ATM18,81.99
2022-09-27,ATM18,86.39
2022-09-28,ATM18,103.62
2022-09-29,ATM18,88.48
2022-09-30,ATM18,77.16
2022-10-01,ATM18,52.03
2022-10-02,ATM18,38.77
2022-10-03,ATM18,99.31
2022-10-04,ATM18,82.31
2022-10-05,ATM18,74.82
2022-10-06,ATM18,59.73
2022-10-07,ATM18,71.41
2022-10-08,ATM18,39.46
2022-10-09,ATM18,23.39
2022-10-10,ATM18,79.24
2022-10-11,ATM18,74.47
2022-10-12,ATM18,73.4
2022-10-13,ATM18,60.34
2022-10-14,ATM18,66.99
2022-10-15,ATM18,39.51
2022-10-16,ATM18,27.92
2022-10-17,ATM18,72.74
2022-10-18,ATM18,99.25
2022-10-19,ATM18,74.89
2022-10-20,ATM18,66.41
2022-10-21,ATM18,71.6
2022-10-22,ATM18,34.45
2022-10-23,ATM18,23.4
2022-10-24,ATM18,79.66
2022-10-25,ATM18,91.03
2022-10-26,ATM18,91.37
2022-10-27,ATM18,84.51
2022-10-28,ATM18,72.07
2022-10-29,ATM18,39.58
2022-10-30,ATM18,29.32
2022-10-31,ATM18,90.02
2022-11-01,ATM18,90.31
2022-11-02,ATM18,77.93
2022-11-03,ATM18,78.73
2022-11-04,ATM18,60.39
2022-11-05,ATM18,34.99
2022-11-06,ATM18,23.79
2022-11-07,ATM18,65.51
2022-11-08,ATM18,89.02
2022-11-09,ATM18,70.33
2022-11-10,ATM18,62.97
2022-11-11,ATM18,68.34
2022-11-12,ATM18,35.79
2022-11-13,ATM18,27.27
2022-11-14,ATM18,88.11
2022-11-15,ATM18,86.99
2022-11-16,ATM18,76.44
2022-11-17,ATM18,71.42
2022-11-18,ATM18,72.47
2022-11-19,ATM18,41.48
2022-11-20,ATM18,28.71
2022-11-21,ATM18,80.14
2022-11-22,ATM18,80.69
2022-11-23,ATM18,77.0
2022-11-24,ATM18,68.01
2022-11-25,ATM18,79.8
2022-11-26,ATM18,43.95
2022-11-27,ATM18,24.63
2022-11-28,ATM18,69.17
2022-11-29,ATM18,72.52
2022-11-30,ATM18,76.39
2022-12-01,ATM18,87.12
2022-12-02,ATM18,111.98
2022-12-03,ATM18,35.41
2022-12-04,ATM18,28.02
2022-12-05,ATM18,77.98
2022-12-06,ATM18,76.28
2022-12-07,ATM18,81.78
2022-12-08,ATM18,77.13
2022-12-09,ATM18,69.07
2022-12-10,ATM18,37.44
2022-12-11,ATM18,29.06
2022-12-12,ATM18,81.41
2022-12-13,ATM18,79.66
2022-12-14,ATM18,72.46
2022-12-15,ATM18,104.08
2022-12-16,ATM18,87.79
2022-12-17,ATM18,47.79
2022-12-18,ATM18,30.08
2022-12-19,ATM18,83.7
2022-12-20,ATM18,84.06
2022-12-21,ATM18,66.9
2022-12-22,ATM18,65.72
2022-12-23,ATM18,63.27
2022-12-24,ATM18,35.49
2022-12-25,ATM18,13.6
2022-12-26,ATM18,82.93
2022-12-27,ATM18,100.81
2022-12-28,ATM18,95.75
2022-12-29,ATM18,77.3
2022-12-30,ATM18,69.41
2022-12-31,ATM18,39.95
2023-01-01,ATM18,6.74
2023-01-02,ATM18,42.91
2023-01-03,ATM18,48.17
2023-01-04,ATM18,42.27
2023-01-05,ATM18,40.87
2023-01-06,ATM18,37.04
2023-01-07,ATM18,19.48
2023-01-08,ATM18,15.2
2023-01-09,ATM18,39.27
2023-01-10,ATM18,36.48
2023-01-11,ATM18,32.71
2023-01-12,ATM18,35.78
2023-01-13,ATM18,40.45
2023-01-14,ATM18,23.1
2023-01-15,ATM18,18.62
2023-01-16,ATM18,42.27
2023-01-17,ATM18,45.86
2023-01-18,ATM18,38.37
2023-01-19,ATM18,41.25
2023-01-20,ATM18,45.94
2023-01-21,ATM18,23.9
2023-01-22,ATM18,9.63
2023-01-23,ATM18,43.27
2023-01-24,ATM18,41.57
2023-01-25,ATM18,41.21
2023-01-26,ATM18,41.67
2023-01-27,ATM18,41.8
2023-01-28,ATM18,22.91
2023-01-29,ATM18,15.74
2023-01-30,ATM18,42.12
2023-01-31,ATM18,45.61
2023-02-01,ATM18,81.31
2023-02-02,ATM18,68.97
2023-02-03,ATM18,53.73
2023-02-04,ATM18,32.09
2023-02-05,ATM18,22.21
2023-02-06,ATM18,63.42
2023-02-07,ATM18,67.5
2023-02-08,ATM18,71.57
2023-02-09,ATM18,66.23
2023-02-10,ATM18,82.7
2023-02-11,ATM18,35.61
2023-02-12,ATM18,30.44
2023-02-13,ATM18,77.42
2023-02-14,ATM18,70.78
2023-02-15,ATM18,77.96
2023-02-16,ATM18,69.31
2023-02-17,ATM18,61.49
2023-02-18,ATM18,43.58
2023-02-19,ATM18,22.92
2023-02-20,ATM18,67.51
2023-02-21,ATM18,73.03
2023-02-22,ATM18,86.5
2023-02-23,ATM18,73.05
2023-02-24,ATM18,92.17
2023-02-25,ATM18,51.34
2023-02-26,ATM18,25.51
2023-02-27,ATM18,65.33
2023-02-28,ATM18,76.2
2023-03-01,ATM18,70.16
2023-03-02,ATM18,77.72
2023-03-03,ATM18,66.38
2023-03-04,ATM18,32.99
2023-03-05,ATM18,23.52
2023-03-06,ATM18,78.27
2023-03-07,ATM18,62.16
2023-03-08,ATM18,78.53
2023-03-09,ATM18,83.54
2023-03-10,ATM18,69.48
2023-03-11,ATM18,32.38
2023-03-12,ATM18,27.11
2023-03-13,ATM18,70.84
2023-03-14,ATM18,61.81
2023-03-15,ATM18,84.72
2023-03-16,ATM18,68.54
2023-03-17,ATM18,56.8
2023-03-18,ATM18,35.6
2023-03-19,ATM18,26.41
2023-03-20,ATM18,86.94
2023-03-21,ATM18,76.77
2023-03-22,ATM18,72.67
2023-03-23,ATM18,73.13
2023-03-24,ATM18,70.27
2023-03-25,ATM18,42.82
2023-03-26,ATM18,31.39
2023-03-27,ATM18,85.6
2023-03-28,ATM18,80.0
2023-03-29,ATM18,89.02
2023-03-30,ATM18,78.2
2023-03-31,ATM18,81.54
2023-04-01,ATM18,50.05
2023-04-02,ATM18,30.54
2023-04-03,ATM18,102.28
2023-04-04,ATM18,81.91
2023-04-05,ATM18,74.36
2023-04-06,ATM18,78.13
2023-04-07,ATM18,77.05
2023-04-08,ATM18,41.44
2023-04-09,ATM18,32.46
2023-04-10,ATM18,84.43
2023-04-11,ATM18,102.1
2023-04-12,ATM18,88.31
2023-04-13,ATM18,72.48
2023-04-14,ATM18,66.84
2023-04-15,ATM18,40.64
2023-04-16,ATM18,31.05
2023-04-17,ATM18,84.86
2023-04-18,ATM18,75.52
2023-04-19,ATM18,89.09
2023-04-20,ATM18,100.58
2023-04-21,ATM18,83.95
2023-04-22,ATM18,7.2
2023-04-23,ATM18,5.02
2023-04-24,ATM18,31.4
2023-04-25,ATM18,30.21
2023-04-26,ATM18,27.4
2023-04-27,ATM18,27.06
2023-04-28,ATM18,22.74
2023-04-29,ATM18,16.75
2023-04-30,ATM18,16.8
2023-05-01,ATM18,27.26
2023-05-02,ATM18,57.29
2023-05-03,ATM18,59.82
2023-05-04,ATM18,67.38
2023-05-05,ATM18,72.44
2023-05-06,ATM18,44.19
2023-05-07,ATM18,30.88
2023-05-08,ATM18,73.38
2023-05-09,ATM18,69.93
2023-05-10,ATM18,75.19
2023-05-11,ATM18,78.27
2023-05-12,ATM18,76.41
2023-05-13,ATM18,36.52
2023-05-14,ATM18,26.41
2023-05-15,ATM18,64.74
2023-05-16,ATM18,60.02
2023-05-17,ATM18,68.21
2023-05-18,ATM18,79.36
2023-05-19,ATM18,71.94
2023-05-20,ATM18,47.21
2023-05-21,ATM18,29.6
2023-05-22,ATM18,77.78
2023-05-23,ATM18,68.1
2023-05-24,ATM18,68.85
2023-05-25,ATM18,66.22
2023-05-26,ATM18,58.3
2023-05-27,ATM18,32.24
2023-05-28,ATM18,26.99
2023-05-29,ATM18,72.25
2023-05-30,ATM18,73.26
2023-05-31,ATM18,81.47
2023-06-01,ATM18,32.88
2023-06-02,ATM18,69.48
2023-06-03,ATM18,40.79
2023-06-04,ATM18,31.77
2023-06-05,ATM18,86.04
2023-06-06,ATM18,80.27
2023-06-07,ATM18,73.06
2023-06-08,ATM18,70.94
2023-06-09,ATM18,82.41
2023-06-10,ATM18,41.34
2023-06-11,ATM18,28.03
2023-06-12,ATM18,80.41
2023-06-13,ATM18,77.45
2023-06-14,ATM18,77.64
2023-06-15,ATM18,70.43
2023-06-16,ATM18,64.35
2023-06-17,ATM18,40.57
2023-06-18,ATM18,22.69
2023-06-19,ATM18,72.41
2023-06-20,ATM18,69.7
2023-06-21,ATM18,58.55
2023-06-22,ATM18,57.24
2023-06-23,ATM18,61.1
2023-06-24,ATM18,35.91
2023-06-25,ATM18,31.75
2023-06-26,ATM18,92.01
2023-06-27,ATM18,72.71
2023-06-28,ATM18,80.82
2023-06-29,ATM18,42.04
2023-06-30,ATM18,78.7
2023-07-01,ATM18,24.37
2023-07-02,ATM18,13.7
2023-07-03,ATM18,34.85
2023-07-04,ATM18,44.92
2023-07-05,ATM18,42.01
2023-07-06,ATM18,51.24
2023-07-07,ATM18,37.07
2023-07-08,ATM18,24.63
2023-07-09,ATM18,15.35
2023-07-10,ATM18,44.96
2023-07-11,ATM18,41.27
2023-07-12,ATM18,41.54
2023-07-13,ATM18,41.92
2023-07-14,ATM18,35.84
2023-07-15,ATM18,21.94
2023-07-16,ATM18,14.89
2023-07-17,ATM18,41.67
2023-07-18,ATM18,30.79
2023-07-19,ATM18,34.63
2023-07-20,ATM18,41.56
2023-07-21,ATM18,41.22
2023-07-22,ATM18,23.58
2023-07-23,ATM18,15.92
2023-07-24,ATM18,50.63
2023-07-25,ATM18,51.03
2023-07-26,ATM18,44.2
2023-07-27,ATM18,46.72
2023-07-28,ATM18,46.93
2023-07-29,ATM18,25.6
2023-07-30,ATM18,16.56
2023-07-31,ATM18,46.56
2023-08-01,ATM18,53.15
2023-08-02,ATM18,51.01
2023-08-03,ATM18,36.09
2023-08-04,ATM18,33.97
2023-08-05,ATM18,18.49
2023-08-06,ATM18,13.27
2023-08-07,ATM18,31.23
2023-08-08,ATM18,45.23
2023-08-09,ATM18,39.41
2023-08-10,ATM18,34.6
2023-08-11,ATM18,28.37
2023-08-12,ATM18,19.87
2023-08-13,ATM18,14.5
2023-08-14,ATM18,38.8
2023-08-15,ATM18,38.56
2023-08-16,ATM18,42.38
2023-08-17,ATM18,18.76
2023-08-18,ATM18,29.27
2023-08-19,ATM18,15.89
2023-08-20,ATM18,11.42
2023-08-21,ATM18,37.33
2023-08-22,ATM18,43.36
2023-08-23,ATM18,49.19
2023-08-24,ATM18,35.34
2023-08-25,ATM18,41.74
2023-08-26,ATM18,21.15
2023-08-27,ATM18,21.88
2023-08-28,ATM18,59.53
2023-08-29,ATM18,61.34
2023-08-30,ATM18,56.32
2023-08-31,ATM18,49.39
2023-09-01,ATM18,75.52
2023-09-02,ATM18,38.43
2023-09-03,ATM18,24.72
2023-09-04,ATM18,77.43
2023-09-05,ATM18,91.07
2023-09-06,ATM18,79.34
2023-09-07,ATM18,68.36
2023-09-08,ATM18,57.18
2023-09-09,ATM18,35.88
2023-09-10,ATM18,29.95
2023-09-11,ATM18,89.3
2023-09-12,ATM18,93.62
2023-09-13,ATM18,86.02
2023-09-14,ATM18,76.25
2023-09-15,ATM18,80.09
2023-09-16,ATM18,35.38
2023-09-17,ATM18,25.09
2023-09-18,ATM18,86.45
2023-09-19,ATM18,70.42
2023-09-20,ATM18,72.0
2023-09-21,ATM18,74.68
2023-09-22,ATM18,69.51
2023-09-23,ATM18,42.55
2023-09-24,ATM18,33.84
2023-09-25,ATM18,94.99
2023-09-26,ATM18,101.51
2023-09-27,ATM18,81.04
2023-09-28,ATM18,76.09
2023-09-29,ATM18,95.34
2023-09-30,ATM18,56.39
2023-10-01,ATM18,29.73
2023-10-02,ATM18,81.3
2023-10-03,ATM18,77.18
2023-10-04,ATM18,80.09
2023-10-05,ATM18,85.42
2023-10-06,ATM18,91.0
2023-10-07,ATM18,43.17
2023-10-08,ATM18,33.1
2023-10-09,ATM18,88.47
2023-10-10,ATM18,78.78
2023-10-11,ATM18,63.01
2023-10-12,ATM18,73.33
2023-10-13,ATM18,72.96
2023-10-14,ATM18,39.96
2023-10-15,ATM18,24.95
2023-10-16,ATM18,88.51
2023-10-17,ATM18,81.37
2023-10-18,ATM18,67.95
2023-10-19,ATM18,58.75
2023-10-20,ATM18,66.54
2023-10-21,ATM18,39.69
2023-10-22,ATM18,26.32
2023-10-23,ATM18,76.89
2023-10-24,ATM18,80.8
2023-10-25,ATM18,85.76
2023-10-26,ATM18,73.43
2023-10-27,ATM18,79.96
2023-10-28,ATM18,46.08
2023-10-29,ATM18,33.22
2023-10-30,ATM18,77.99
2023-10-31,ATM18,68.77
2023-11-01,ATM18,75.86
2023-11-02,ATM18,83.12
2023-11-03,ATM18,79.84
2023-11-04,ATM18,43.18
2023-11-05,ATM18,27.81
2023-11-06,ATM18,69.65
2023-11-07,ATM18,72.81
2023-11-08,ATM18,74.36
2023-11-09,ATM18,81.0
2023-11-10,ATM18,66.74
2023-11-11,ATM18,35.17
2023-11-12,ATM18,32.86
2023-11-13,ATM18,95.68
2023-11-14,ATM18,75.12
2023-11-15,ATM18,87.25
2023-11-16,ATM18,66.99
2023-11-17,ATM18,62.39
2023-11-18,ATM18,34.4
2023-11-19,ATM18,25.72
2023-11-20,ATM18,77.33
2023-11-21,ATM18,76.08
2023-11-22,ATM18,79.86
2023-11-23,ATM18,69.66
2023-11-24,ATM18,69.39
2023-11-25,ATM18,41.46
2023-11-26,ATM18,25.52
2023-11-27,ATM18,79.97
2023-11-28,ATM18,81.27
2023-11-29,ATM18,74.89
2023-11-30,ATM18,71.12
2023-12-01,ATM18,67.76
2023-12-02,ATM18,37.91
2023-12-03,ATM18,32.44
2023-12-04,ATM18,102.51
2023-12-05,ATM18,64.24
2023-12-06,ATM18,74.14
2023-12-07,ATM18,79.45
2023-12-08,ATM18,70.08
2023-12-09,ATM18,42.23
2023-12-10,ATM18,33.65
2023-12-11,ATM18,70.04
2023-12-12,ATM18,72.92
2023-12-13,ATM18,90.73
2023-12-14,ATM18,67.24
2023-12-15,ATM18,69.83
2023-12-16,ATM18,37.18
2023-12-17,ATM18,31.43
2023-12-18,ATM18,93.91
2023-12-19,ATM18,87.05
2023-12-20,ATM18,82.93
2023-12-21,ATM18,63.88
2023-12-22,ATM18,78.04
2023-12-23,ATM18,39.49
2023-12-24,ATM18,28.31
2023-12-25,ATM18,48.09
2023-12-26,ATM18,93.06
2023-12-27,ATM18,100.19
2023-12-28,ATM18,94.6
2023-12-29,ATM18,85.8
2023-12-30,ATM18,46.7
2023-12-31,ATM18,28.88
2024-01-01,ATM18,20.92
2024-01-02,ATM18,48.66
2024-01-03,ATM18,39.2
2024-01-04,ATM18,35.69
2024-01-05,ATM18,32.67
2024-01-06,ATM18,19.78
2024-01-07,ATM18,17.23
2024-01-08,ATM18,46.77
2024-01-09,ATM18,34.46
2024-01-10,ATM18,39.78
2024-01-11,ATM18,36.41
2024-01-12,ATM18,37.78
2024-01-13,ATM18,20.09
2024-01-14,ATM18,13.3
2024-01-15,ATM18,38.26
2024-01-16,ATM18,37.48
2024-01-17,ATM18,40.32
2024-01-18,ATM18,34.88
2024-01-19,ATM18,30.95
2024-01-20,ATM18,20.23
2024-01-21,ATM18,16.57
2024-01-22,ATM18,45.35
2024-01-23,ATM18,39.53
2024-01-24,ATM18,36.79
2024-01-25,ATM18,37.64
2024-01-26,ATM18,42.12
2024-01-27,ATM18,20.62
2024-01-28,ATM18,17.18
2024-01-29,ATM18,48.87
2024-01-30,ATM18,53.01
2024-01-31,ATM18,53.93
2024-02-01,ATM18,89.08
2024-02-02,ATM18,66.5
2024-02-03,ATM18,38.58
2024-02-04,ATM18,28.03
2024-02-05,ATM18,73.02
2024-02-06,ATM18,86.24
2024-02-07,ATM18,78.69
2024-02-08,ATM18,69.14
2024-02-09,ATM18,76.09
2024-02-10,ATM18,18.32
2024-02-11,ATM18,24.96
2024-02-12,ATM18,62.74
2024-02-13,ATM18,62.32
2024-02-14,ATM18,62.72
2024-02-15,ATM18,69.69
2024-02-16,ATM18,59.34
2024-02-17,ATM18,28.29
2024-02-18,ATM18,24.47
2024-02-19,ATM18,65.64
2024-02-20,ATM18,69.46
2024-02-21,ATM18,82.19
2024-02-22,ATM18,74.07
2024-02-23,ATM18,80.52
2024-02-24,ATM18,39.51
2024-02-25,ATM18,33.8
2024-02-26,ATM18,80.72
2024-02-27,ATM18,81.42
2024-02-28,ATM18,72.89
2024-02-29,ATM18,67.07
2024-03-01,ATM18,67.03
2024-03-02,ATM18,33.37
2024-03-03,ATM18,25.59
2024-03-04,ATM18,70.55
2024-03-05,ATM18,74.93
2024-03-06,ATM18,64.93
2024-03-07,ATM18,72.53
2024-03-08,ATM18,82.71
2024-03-09,ATM18,48.2
2024-03-10,ATM18,36.57
2024-03-11,ATM18,84.64
2024-03-12,ATM18,74.99
2024-03-13,ATM18,77.89
2024-03-14,ATM18,69.82
2024-03-15,ATM18,54.79
2024-03-16,ATM18,36.6
2024-03-17,ATM18,25.87
2024-03-18,ATM18,61.33
2024-03-19,ATM18,63.75
2024-03-20,ATM18,67.34
2024-03-21,ATM18,67.69
2024-03-22,ATM18,66.24
2024-03-23,ATM18,42.87
2024-03-24,ATM18,25.11
2024-03-25,ATM18,78.26
2024-03-26,ATM18,73.42
2024-03-27,ATM18,90.44
2024-03-28,ATM18,77.83
2024-03-29,ATM18,72.64
2024-03-30,ATM18,46.26
2024-03-31,ATM18,37.14
2024-04-01,ATM18,108.77
2024-04-02,ATM18,79.63
2024-04-03,ATM18,82.06
2024-04-04,ATM18,80.09
2024-04-05,ATM18,74.54
2024-04-06,ATM18,41.2
2024-04-07,ATM18,34.42
2024-04-08,ATM18,98.28
2024-04-09,ATM18,98.64
2024-04-10,ATM18,12.1
2024-04-11,ATM18,14.01
2024-04-12,ATM18,21.68
2024-04-13,ATM18,9.5
2024-04-14,ATM18,7.24
2024-04-15,ATM18,21.07
2024-04-16,ATM18,24.78
2024-04-17,ATM18,28.2
2024-04-18,ATM18,34.81
2024-04-19,ATM18,32.38
2024-04-20,ATM18,25.0
2024-04-21,ATM18,20.14
2024-04-22,ATM18,59.0
2024-04-23,ATM18,83.22
2024-04-24,ATM18,90.53
2024-04-25,ATM18,75.11
2024-04-26,ATM18,71.28
2024-04-27,ATM18,53.52
2024-04-28,ATM18,41.2
2024-04-29,ATM18,103.47
2024-04-30,ATM18,73.24
2024-05-01,ATM18,44.47
2024-05-02,ATM18,74.62
2024-05-03,ATM18,77.88
2024-05-04,ATM18,36.71
2024-05-05,ATM18,28.46
2024-05-06,ATM18,71.12
2024-05-07,ATM18,70.23
2024-05-08,ATM18,77.83
2024-05-09,ATM18,62.85
2024-05-10,ATM18,80.89
2024-05-11,ATM18,35.52
2024-05-12,ATM18,23.2
2024-05-13,ATM18,73.34
2024-05-14,ATM18,84.03
2024-05-15,ATM18,74.79
2024-05-16,ATM18,62.39
2024-05-17,ATM18,56.85
2024-05-18,ATM18,30.29
2024-05-19,ATM18,25.16
2024-05-20,ATM18,70.45
2024-05-21,ATM18,75.0
2024-05-22,ATM18,76.63
2024-05-23,ATM18,77.68
2024-05-24,ATM18,66.36
2024-05-25,ATM18,36.87
2024-05-26,ATM18,28.48
2024-05-27,ATM18,78.6
2024-05-28,ATM18,81.45
2024-05-29,ATM18,74.42
2024-05-30,ATM18,79.17
2024-05-31,ATM18,64.79
2024-06-01,ATM18,18.05
2024-06-02,ATM18,31.38
2024-06-03,ATM18,68.29
2024-06-04,ATM18,80.47
2024-06-05,ATM18,66.1
2024-06-06,ATM18,56.64
2024-06-07,ATM18,51.9
2024-06-08,ATM18,33.49
2024-06-09,ATM18,28.0
2024-06-10,ATM18,84.67
2024-06-11,ATM18,88.77
2024-06-12,ATM18,87.24
2024-06-13,ATM18,68.58
2024-06-14,ATM18,59.79
2024-06-15,ATM18,37.8
2024-06-16,ATM18,31.38
2024-06-17,ATM18,34.96
2024-06-18,ATM18,82.15
2024-06-19,ATM18,62.02
2024-06-20,ATM18,67.25
2024-06-21,ATM18,64.25
2024-06-22,ATM18,35.0
2024-06-23,ATM18,26.0
2024-06-24,ATM18,65.51
2024-06-25,ATM18,79.91
2024-06-26,ATM18,80.24
2024-06-27,ATM18,84.48
2024-06-28,ATM18,90.37
2024-06-29,ATM18,44.58
2024-06-30,ATM18,27.82
2024-07-01,ATM18,37.92
2024-07-02,ATM18,49.44
2024-07-03,ATM18,51.43
2024-07-04,ATM18,47.74
2024-07-05,ATM18,40.99
2024-07-06,ATM18,23.38
2024-07-07,ATM18,18.24
2024-07-08,ATM18,41.91
2024-07-09,ATM18,41.5
2024-07-10,ATM18,35.4
2024-07-11,ATM18,35.5
2024-07-12,ATM18,41.55
2024-07-13,ATM18,23.82
2024-07-14,ATM18,15.91
2024-07-15,ATM18,30.85
2024-07-16,ATM18,32.98
2024-07-17,ATM18,36.94
2024-07-18,ATM18,35.83
2024-07-19,ATM18,35.32
2024-07-20,ATM18,20.19
2024-07-21,ATM18,13.72
2024-07-22,ATM18,38.76
2024-07-23,ATM18,38.63
2024-07-24,ATM18,36.29
2024-07-25,ATM18,49.04
2024-07-26,ATM18,40.52
2024-07-27,ATM18,17.19
2024-07-28,ATM18,17.35
2024-07-29,ATM18,41.39
2024-07-30,ATM18,47.04
2024-07-31,ATM18,41.88
2024-08-01,ATM18,43.53
2024-08-02,ATM18,40.25
2024-08-03,ATM18,22.95
2024-08-04,ATM18,15.29
2024-08-05,ATM18,38.5
2024-08-06,ATM18,40.91
2024-08-07,ATM18,39.19
2024-08-08,ATM18,30.95
2024-08-09,ATM18,31.32
2024-08-10,ATM18,25.17
2024-08-11,ATM18,13.14
2024-08-12,ATM18,39.04
2024-08-13,ATM18,38.32
2024-08-14,ATM18,47.77
2024-08-15,ATM18,36.41
2024-08-16,ATM18,35.81
2024-08-17,ATM18,10.65
2024-08-18,ATM18,14.6
2024-08-19,ATM18,36.62
2024-08-20,ATM18,38.14
2024-08-21,ATM18,37.64
2024-08-22,ATM18,35.7
2024-08-23,ATM18,38.87
2024-08-24,ATM18,21.42
2024-08-25,ATM18,17.44
2024-08-26,ATM18,47.16
2024-08-27,ATM18,50.17
2024-08-28,ATM18,53.57
2024-08-29,ATM18,44.21
2024-08-30,ATM18,44.54
2024-08-31,ATM18,19.9
2024-09-01,ATM18,21.58
2024-09-02,ATM18,84.99
2024-09-03,ATM18,73.77
2024-09-04,ATM18,76.03
2024-09-05,ATM18,62.53
2024-09-06,ATM18,55.41
2024-09-07,ATM18,31.37
2024-09-08,ATM18,26.83
2024-09-09,ATM18,69.85
2024-09-10,ATM18,67.5
2024-09-11,ATM18,64.39
2024-09-12,ATM18,74.24
2024-09-13,ATM18,74.5
2024-09-14,ATM18,36.15
2024-09-15,ATM18,28.25
2024-09-16,ATM18,72.46
2024-09-17,ATM18,69.5
2024-09-18,ATM18,70.41
2024-09-19,ATM18,72.95
2024-09-20,ATM18,60.88
2024-09-21,ATM18,36.78
2024-09-22,ATM18,34.75
2024-09-23,ATM18,83.35
2024-09-24,ATM18,77.1
2024-09-25,ATM18,80.82
2024-09-26,ATM18,80.3
2024-09-27,ATM18,61.88
2024-09-28,ATM18,44.54
2024-09-29,ATM18,33.77
2024-09-30,ATM18,79.14
2024-10-01,ATM18,79.32
2024-10-02,ATM18,74.42
2024-10-03,ATM18,71.02
2024-10-04,ATM18,67.86
2024-10-05,ATM18,38.07
2024-10-06,ATM18,24.33
2024-10-07,ATM18,67.03
2024-10-08,ATM18,80.23
2024-10-09,ATM18,72.31
2024-10-10,ATM18,50.71
2024-10-11,ATM18,56.04
2024-10-12,ATM18,43.68
2024-10-13,ATM18,31.29
2024-10-14,ATM18,73.01
2024-10-15,ATM18,71.9
2024-10-16,ATM18,77.37
2024-10-17,ATM18,58.39
2024-10-18,ATM18,55.23
2024-10-19,ATM18,34.77
2024-10-20,ATM18,30.64
2024-10-21,ATM18,73.46
2024-10-22,ATM18,86.11
2024-10-23,ATM18,71.65
2024-10-24,ATM18,47.14
2024-10-25,ATM18,65.78
2024-10-26,ATM18,40.25
2024-10-27,ATM18,31.37
2024-10-28,ATM18,88.63
2024-10-29,ATM18,84.86
2024-10-30,ATM18,79.19
2024-10-31,ATM18,73.58
2024-11-01,ATM18,67.42
2024-11-02,ATM18,36.68
2024-11-03,ATM18,21.29
2024-11-04,ATM18,58.16
2024-11-05,ATM18,65.1
2024-11-06,ATM18,54.49
2024-11-07,ATM18,49.26
2024-11-08,ATM18,55.03
2024-11-09,ATM18,33.26
2024-11-10,ATM18,24.01
2024-11-11,ATM18,53.13
2024-11-12,ATM18,74.24
2024-11-13,ATM18,62.13
2024-11-14,ATM18,58.58
2024-11-15,ATM18,52.84
2024-11-16,ATM18,37.59
2024-11-17,ATM18,27.86
2024-11-18,ATM18,70.04
2024-11-19,ATM18,66.75
2024-11-20,ATM18,70.72
2024-11-21,ATM18,59.22
2024-11-22,ATM18,63.6
2024-11-23,ATM18,33.33
2024-11-24,ATM18,26.68
2024-11-25,ATM18,83.93
2024-11-26,ATM18,75.87
2024-11-27,ATM18,61.74
2024-11-28,ATM18,65.52
2024-11-29,ATM18,57.33
2024-11-30,ATM18,35.91
2024-12-01,ATM18,26.68
2024-12-02,ATM18,71.44
2024-12-03,ATM18,61.14
2024-12-04,ATM18,77.15
2024-12-05,ATM18,68.26
2024-12-06,ATM18,85.56
2024-12-07,ATM18,41.26
2024-12-08,ATM18,29.28
2024-12-09,ATM18,76.96
2024-12-10,ATM18,75.68
2024-12-11,ATM18,82.67
2024-12-12,ATM18,82.21
2024-12-13,ATM18,58.16
2024-12-14,ATM18,37.33
2024-12-15,ATM18,30.22
2024-12-16,ATM18,80.06
2024-12-17,ATM18,94.67
2024-12-18,ATM18,102.54
2024-12-19,ATM18,92.42
2024-12-20,ATM18,73.14
2024-12-21,ATM18,34.46
2024-12-22,ATM18,28.96
2024-12-23,ATM18,90.82
2024-12-24,ATM18,66.38
2024-12-25,ATM18,44.66
2024-12-26,ATM18,80.54
2024-12-27,ATM18,63.02
2024-12-28,ATM18,40.76
2024-12-29,ATM18,33.47
2024-12-30,ATM18,84.61
2024-12-31,ATM18,75.37
2025-01-01,ATM18,24.71
2025-01-02,ATM18,40.67
2025-01-03,ATM18,41.48
2025-01-04,ATM18,18.06
2025-01-05,ATM18,14.62
2025-01-06,ATM18,42.06
2025-01-07,ATM18,45.27
2025-01-08,ATM18,50.1
2025-01-09,ATM18,38.83
2025-01-10,ATM18,37.86
2025-01-11,ATM18,17.33
2025-01-12,ATM18,11.59
2025-01-13,ATM18,33.5
2025-01-14,ATM18,38.2
2025-01-15,ATM18,46.58
2025-01-16,ATM18,49.6
2025-01-17,ATM18,38.89
2025-01-18,ATM18,21.07
2025-01-19,ATM18,16.33
2025-01-20,ATM18,45.31
2025-01-21,ATM18,41.05
2025-01-22,ATM18,40.33
2025-01-23,ATM18,37.42
2025-01-24,ATM18,34.81
2025-01-25,ATM18,20.53
2025-01-26,ATM18,15.13
2025-01-27,ATM18,40.55
2025-01-28,ATM18,36.99
2025-01-29,ATM18,22.11
2025-01-30,ATM18,44.02
2025-01-31,ATM18,49.62
2025-02-01,ATM18,45.35
2025-02-02,ATM18,29.05
2025-02-03,ATM18,69.03
2025-02-04,ATM18,71.7
2025-02-05,ATM18,77.1
2025-02-06,ATM18,69.65
2025-02-07,ATM18,56.55
2025-02-08,ATM18,31.37
2025-02-09,ATM18,24.89
2025-02-10,ATM18,74.82
2025-02-11,ATM18,61.78
2025-02-12,ATM18,68.71
2025-02-13,ATM18,68.47
2025-02-14,ATM18,61.74
2025-02-15,ATM18,32.64
2025-02-16,ATM18,22.94
2025-02-17,ATM18,68.4
2025-02-18,ATM18,79.07
2025-02-19,ATM18,85.05
2025-02-20,ATM18,64.98
2025-02-21,ATM18,62.07
2025-02-22,ATM18,27.41
2025-02-23,ATM18,23.26
2025-02-24,ATM18,72.37
2025-02-25,ATM18,93.65
2025-02-26,ATM18,69.64
2025-02-27,ATM18,62.82
2025-02-28,ATM18,66.79
2025-03-01,ATM18,31.79
2025-03-02,ATM18,26.38
2025-03-03,ATM18,75.76
2025-03-04,ATM18,64.53
2025-03-05,ATM18,70.13
2025-03-06,ATM18,59.94
2025-03-07,ATM18,72.2
2025-03-08,ATM18,38.81
2025-03-09,ATM18,25.45
2025-03-10,ATM18,61.01
2025-03-11,ATM18,69.7
2025-03-12,ATM18,82.53
2025-03-13,ATM18,67.43
2025-03-14,ATM18,62.25
2025-03-15,ATM18,32.71
2025-03-16,ATM18,30.11
2025-03-17,ATM18,63.05
2025-03-18,ATM18,79.45
2025-03-19,ATM18,73.6
2025-03-20,ATM18,70.37
2025-03-21,ATM18,65.28
2025-03-22,ATM18,37.91
2025-03-23,ATM18,25.46
2025-03-24,ATM18,82.41
2025-03-25,ATM18,98.24
2025-03-26,ATM18,81.19
2025-03-27,ATM18,85.5
2025-03-28,ATM18,76.22
2025-03-29,ATM18,42.66
2025-03-30,ATM18,36.86
2025-03-31,ATM18,11.7
2025-04-01,ATM18,12.95
2025-04-02,ATM18,25.74
2025-04-03,ATM18,21.36
2025-04-04,ATM18,20.92
2025-04-05,ATM18,11.5
2025-04-06,ATM18,7.16
2025-04-07,ATM18,25.22
2025-04-08,ATM18,29.34
2025-04-09,ATM18,36.92
2025-04-10,ATM18,48.57
2025-04-11,ATM18,52.94
2025-04-12,ATM18,26.2
2025-04-13,ATM18,21.7
2025-04-14,ATM18,70.08
2025-04-15,ATM18,76.47
2025-04-16,ATM18,68.21
2025-04-17,ATM18,57.98
2025-04-18,ATM18,59.68
2025-04-19,ATM18,36.41
2025-04-20,ATM18,26.74
2025-04-21,ATM18,65.31
2025-04-22,ATM18,82.76
2025-04-23,ATM18,75.09
2025-04-24,ATM18,70.84
2025-04-25,ATM18,67.19
2025-04-26,ATM18,42.93
2025-04-27,ATM18,31.49
2025-04-28,ATM18,84.49
2025-04-29,ATM18,71.12
2025-04-30,ATM18,84.25
2025-05-01,ATM18,41.81
2025-05-02,ATM18,83.39
2025-05-03,ATM18,39.37
2025-05-04,ATM18,27.2
2025-05-05,ATM18,72.22
2025-05-06,ATM18,93.18
2025-05-07,ATM18,76.62
2025-05-08,ATM18,62.39
2025-05-09,ATM18,60.49
2025-05-10,ATM18,31.99
2025-05-11,ATM18,28.22
2025-05-12,ATM18,63.47
2025-05-13,ATM18,63.28
2025-05-14,ATM18,68.64
2025-05-15,ATM18,76.51
2025-05-16,ATM18,73.5
2025-05-17,ATM18,44.83
2025-05-18,ATM18,29.7
2025-05-19,ATM18,73.7
2025-05-20,ATM18,79.07
2025-05-21,ATM18,63.91
2025-05-22,ATM18,53.38
2025-05-23,ATM18,64.32
2025-05-24,ATM18,36.15
2025-05-25,ATM18,31.73
2025-05-26,ATM18,74.48
2025-05-27,ATM18,87.75
2025-05-28,ATM18,88.28
2025-05-29,ATM18,78.22
2025-05-30,ATM18,73.96
2025-05-31,ATM18,41.17
2025-06-01,ATM18,13.18
2025-06-02,ATM18,72.13
2025-06-03,ATM18,72.9
2025-06-04,ATM18,69.42
2025-06-05,ATM18,57.79
2025-06-06,ATM18,31.41
2025-06-07,ATM18,38.92
2025-06-08,ATM18,30.64
2025-06-09,ATM18,82.31
2025-06-10,ATM18,81.6
2025-06-11,ATM18,83.91
2025-06-12,ATM18,73.4
2025-06-13,ATM18,52.77
2025-06-14,ATM18,36.68
2025-06-15,ATM18,23.65
2025-06-16,ATM18,60.0
2025-06-17,ATM18,58.04
2025-06-18,ATM18,84.85
2025-06-19,ATM18,76.73
2025-06-20,ATM18,60.59
2025-06-21,ATM18,31.86
2025-06-22,ATM18,24.48
2025-06-23,ATM18,73.24
2025-06-24,ATM18,73.9
2025-06-25,ATM18,71.46
2025-06-26,ATM18,73.82
2025-06-27,ATM18,65.77
2025-06-28,ATM18,42.13
2025-06-29,ATM18,29.43
2025-06-30,ATM18,72.64
2025-07-01,ATM18,44.63
2025-07-02,ATM18,45.35
2025-07-03,ATM18,37.15
2025-07-04,ATM18,38.84
2025-07-05,ATM18,22.03
2025-07-06,ATM18,17.3
2025-07-07,ATM18,46.66
2025-07-08,ATM18,41.78
2025-07-09,ATM18,33.79
2025-07-10,ATM18,34.99
2025-07-11,ATM18,35.64
2025-07-12,ATM18,19.56
2025-07-13,ATM18,10.15
2025-07-14,ATM18,35.98
2025-07-15,ATM18,33.86
2025-07-16,ATM18,39.27
2025-07-17,ATM18,44.81
2025-07-18,ATM18,37.3
2025-07-19,ATM18,20.83
2025-07-20,ATM18,14.59
2025-07-21,ATM18,41.64
2025-07-22,ATM18,40.42
2025-07-23,ATM18,37.25
2025-07-24,ATM18,32.84
2025-07-25,ATM18,43.68
2025-07-26,ATM18,23.56
2025-07-27,ATM18,17.74
2025-07-28,ATM18,47.24
2025-07-29,ATM18,49.61
2025-07-30,ATM18,41.28
2025-07-31,ATM18,40.39
2025-08-01,ATM18,40.75
2025-08-02,ATM18,25.08
2025-08-03,ATM18,20.91
2025-08-04,ATM18,49.1
2025-08-05,ATM18,40.65
2025-08-06,ATM18,35.21
2025-08-07,ATM18,32.52
2025-08-08,ATM18,30.96
2025-08-09,ATM18,13.47
2025-08-10,ATM18,10.94
2025-08-11,ATM18,37.32
2025-08-12,ATM18,38.32
2025-08-13,ATM18,37.38
2025-08-14,ATM18,30.37
2025-08-15,ATM18,36.09
2025-08-16,ATM18,20.67
2025-08-17,ATM18,7.22
2025-08-18,ATM18,30.68
2025-08-19,ATM18,32.96
2025-08-20,ATM18,37.69
2025-08-21,ATM18,36.31
2025-08-22,ATM18,35.58
2025-08-23,ATM18,20.93
2025-08-24,ATM18,14.8
2025-08-25,ATM18,46.66
2025-08-26,ATM18,40.34
2025-08-27,ATM18,36.24
2025-08-28,ATM18,39.74
2025-08-29,ATM18,41.2
2025-08-30,ATM18,23.12
2025-08-31,ATM18,16.26
2025-09-01,ATM18,76.17
2025-09-02,ATM18,78.45
2025-09-03,ATM18,75.82
2025-09-04,ATM18,73.9
2025-09-05,ATM18,90.17
2025-09-06,ATM18,37.61
2025-09-07,ATM18,38.11
2025-09-08,ATM18,74.3
2025-09-09,ATM18,76.25
2025-09-10,ATM18,62.94
2025-09-11,ATM18,65.88
2025-09-12,ATM18,70.44
2025-09-13,ATM18,36.76
2025-09-14,ATM18,28.96
2025-09-15,ATM18,70.79
2025-09-16,ATM18,56.14
2025-09-17,ATM18,67.88
2025-09-18,ATM18,66.1
2025-09-19,ATM18,60.05
2025-09-20,ATM18,32.58
2025-09-21,ATM18,25.76
2025-09-22,ATM18,64.31
2025-09-23,ATM18,70.18
2025-09-24,ATM18,79.82
2025-09-25,ATM18,97.74
2025-09-26,ATM18,92.81
2025-09-27,ATM18,44.46
2025-09-28,ATM18,30.71
2025-09-29,ATM18,76.75
2025-09-30,ATM18,72.99
2025-10-01,ATM18,82.66
2025-10-02,ATM18,73.29
2025-10-03,ATM18,68.09
2025-10-04,ATM18,32.95
2025-10-05,ATM18,29.25
2025-10-06,ATM18,73.02
2025-10-07,ATM18,81.64
2025-10-08,ATM18,70.48
2025-10-09,ATM18,62.61
2025-10-10,ATM18,70.49
2025-10-11,ATM18,34.17
2025-10-12,ATM18,21.16
2025-10-13,ATM18,57.38
2025-10-14,ATM18,70.23
2025-10-15,ATM18,76.11
2025-10-16,ATM18,63.71
2025-10-17,ATM18,58.01
2025-10-18,ATM18,36.1
2025-10-19,ATM18,29.78
2025-10-20,ATM18,74.43
2025-10-21,ATM18,76.36
2025-10-22,ATM18,79.99
2025-10-23,ATM18,89.75
2025-10-24,ATM18,63.88
2025-10-25,ATM18,35.77
2025-10-26,ATM18,25.57
2025-10-27,ATM18,80.81
2025-10-28,ATM18,76.39
2025-10-29,ATM18,79.24
2025-10-30,ATM18,75.31
2025-10-31,ATM18,70.63
2025-11-01,ATM18,39.03
2025-11-02,ATM18,31.48
2025-11-03,ATM18,68.16
2025-11-04,ATM18,69.0
2025-11-05,ATM18,61.7
2025-11-06,ATM18,65.63
2025-11-07,ATM18,62.64
2025-11-08,ATM18,39.64
2025-11-09,ATM18,27.28
2025-11-10,ATM18,67.7
2025-11-11,ATM18,66.94
2025-11-12,ATM18,82.71
2025-11-13,ATM18,60.44
2025-11-14,ATM18,56.62
2025-11-15,ATM18,33.25
2025-11-16,ATM18,23.13
2025-11-17,ATM18,70.57
2025-11-18,ATM18,69.62
2025-11-19,ATM18,71.62
2025-11-20,ATM18,68.19
2025-11-21,ATM18,63.31
2025-11-22,ATM18,30.21
2025-11-23,ATM18,24.21
2025-11-24,ATM18,56.2
2025-11-25,ATM18,64.59
2025-11-26,ATM18,74.84
2025-11-27,ATM18,82.45
2025-11-28,ATM18,95.14
2025-11-29,ATM18,42.03
2025-11-30,ATM18,26.4
2025-12-01,ATM18,79.15
2025-12-02,ATM18,95.44
2025-12-03,ATM18,93.67
2025-12-04,ATM18,68.85
2025-12-05,ATM18,64.33
2025-12-06,ATM18,39.11
2025-12-07,ATM18,29.99
2025-12-08,ATM18,81.44
2025-12-09,ATM18,72.23
2025-12-10,ATM18,74.42
2025-12-11,ATM18,75.79
2025-12-12,ATM18,60.56
2025-12-13,ATM18,39.47
2025-12-14,ATM18,29.85
2025-12-15,ATM18,74.56
2025-12-16,ATM18,82.85
2025-12-17,ATM18,85.81
2025-12-18,ATM18,83.55
2025-12-19,ATM18,86.95
2025-12-20,ATM18,41.8
2025-12-21,ATM18,29.71
2025-12-22,ATM18,58.32
2025-12-23,ATM18,75.73
2025-12-24,ATM18,84.27
2025-12-25,ATM18,48.17
2025-12-26,ATM18,74.09
2025-12-27,ATM18,45.6
2025-12-28,ATM18,35.1
2025-12-29,ATM18,82.42
2025-12-30,ATM18,92.6
2025-12-31,ATM18,91.43
2022-01-01,ATM19,124.33
2022-01-02,ATM19,137.28
2022-01-03,ATM19,112.14
2022-01-04,ATM19,123.56
2022-01-05,ATM19,115.47
2022-01-06,ATM19,125.89
2022-01-07,ATM19,130.36
2022-01-08,ATM19,143.58
2022-01-09,ATM19,113.64
2022-01-10,ATM19,105.74
2022-01-11,ATM19,98.3
2022-01-12,ATM19,106.24
2022-01-13,ATM19,110.84
2022-01-14,ATM19,105.34
2022-01-15,ATM19,108.76
2022-01-16,ATM19,128.32
2022-01-17,ATM19,93.07
2022-01-18,ATM19,101.88
2022-01-19,ATM19,115.14
2022-01-20,ATM19,119.05
2022-01-21,ATM19,144.51
2022-01-22,ATM19,144.25
2022-01-23,ATM19,126.75
2022-01-24,ATM19,105.91
2022-01-25,ATM19,125.24
2022-01-26,ATM19,131.29
2022-01-27,ATM19,131.01
2022-01-28,ATM19,123.71
2022-01-29,ATM19,117.43
2022-01-30,ATM19,124.93
2022-01-31,ATM19,104.01
2022-02-01,ATM19,93.53
2022-02-02,ATM19,85.68
2022-02-03,ATM19,104.6
2022-02-04,ATM19,128.6
2022-02-05,ATM19,128.5
2022-02-06,ATM19,145.6
2022-02-07,ATM19,142.01
2022-02-08,ATM19,123.95
2022-02-09,ATM19,111.77
2022-02-10,ATM19,103.23
2022-02-11,ATM19,115.97
2022-02-12,ATM19,115.91
2022-02-13,ATM19,116.86
2022-02-14,ATM19,114.99
2022-02-15,ATM19,100.94
2022-02-16,ATM19,112.7
2022-02-17,ATM19,107.76
2022-02-18,ATM19,111.37
2022-02-19,ATM19,103.78
2022-02-20,ATM19,101.58
2022-02-21,ATM19,127.8
2022-02-22,ATM19,98.29
2022-02-23,ATM19,103.55
2022-02-24,ATM19,101.15
2022-02-25,ATM19,101.55
2022-02-26,ATM19,130.29
2022-02-27,ATM19,120.51
2022-02-28,ATM19,124.59
2022-03-01,ATM19,132.21
2022-03-02,ATM19,127.88
2022-03-03,ATM19,118.35
2022-03-04,ATM19,108.71
2022-03-05,ATM19,127.5
2022-03-06,ATM19,116.03
2022-03-07,ATM19,88.63
2022-03-08,ATM19,104.04
2022-03-09,ATM19,118.34
2022-03-10,ATM19,129.38
2022-03-11,ATM19,153.04
2022-03-12,ATM19,145.05
2022-03-13,ATM19,128.62
2022-03-14,ATM19,126.27
2022-03-15,ATM19,97.82
2022-03-16,ATM19,81.85
2022-03-17,ATM19,90.69
2022-03-18,ATM19,118.18
2022-03-19,ATM19,110.23
2022-03-20,ATM19,113.04
2022-03-21,ATM19,112.51
2022-03-22,ATM19,105.14
2022-03-23,ATM19,88.28
2022-03-24,ATM19,102.65
2022-03-25,ATM19,124.34
2022-03-26,ATM19,161.66
2022-03-27,ATM19,159.79
2022-03-28,ATM19,130.74
2022-03-29,ATM19,146.97
2022-03-30,ATM19,135.57
2022-03-31,ATM19,110.25
2022-04-01,ATM19,122.81
2022-04-02,ATM19,159.52
2022-04-03,ATM19,113.1
2022-04-04,ATM19,108.22
2022-04-05,ATM19,89.37
2022-04-06,ATM19,85.39
2022-04-07,ATM19,91.68
2022-04-08,ATM19,93.01
2022-04-09,ATM19,102.59
2022-04-10,ATM19,122.52
2022-04-11,ATM19,114.19
2022-04-12,ATM19,120.38
2022-04-13,ATM19,133.44
2022-04-14,ATM19,118.03
2022-04-15,ATM19,120.63
2022-04-16,ATM19,151.84
2022-04-17,ATM19,137.58
2022-04-18,ATM19,151.02
2022-04-19,ATM19,173.41
2022-04-20,ATM19,136.16
2022-04-21,ATM19,147.54
2022-04-22,ATM19,162.35
2022-04-23,ATM19,170.25
2022-04-24,ATM19,163.65
2022-04-25,ATM19,192.91
2022-04-26,ATM19,198.75
2022-04-27,ATM19,213.28
2022-04-28,ATM19,256.3
2022-04-29,ATM19,260.0
2022-04-30,ATM19,308.19
2022-05-01,ATM19,234.92
2022-05-02,ATM19,58.84
2022-05-03,ATM19,51.35
2022-05-04,ATM19,63.19
2022-05-05,ATM19,72.75
2022-05-06,ATM19,84.95
2022-05-07,ATM19,82.08
2022-05-08,ATM19,79.49
2022-05-09,ATM19,88.33
2022-05-10,ATM19,69.59
2022-05-11,ATM19,72.45
2022-05-12,ATM19,111.46
2022-05-13,ATM19,116.07
2022-05-14,ATM19,120.15
2022-05-15,ATM19,122.4
2022-05-16,ATM19,96.49
2022-05-17,ATM19,88.75
2022-05-18,ATM19,84.01
2022-05-19,ATM19,100.98
2022-05-20,ATM19,103.21
2022-05-21,ATM19,112.41
2022-05-22,ATM19,104.42
2022-05-23,ATM19,85.0
2022-05-24,ATM19,99.17
2022-05-25,ATM19,97.56
2022-05-26,ATM19,105.22
2022-05-27,ATM19,104.7
2022-05-28,ATM19,112.32
2022-05-29,ATM19,122.05
2022-05-30,ATM19,138.04
2022-05-31,ATM19,104.17
2022-06-01,ATM19,94.39
2022-06-02,ATM19,97.12
2022-06-03,ATM19,96.43
2022-06-04,ATM19,112.22
2022-06-05,ATM19,121.23
2022-06-06,ATM19,88.86
2022-06-07,ATM19,100.64
2022-06-08,ATM19,92.12
2022-06-09,ATM19,90.71
2022-06-10,ATM19,100.42
2022-06-11,ATM19,117.62
2022-06-12,ATM19,108.96
2022-06-13,ATM19,91.79
2022-06-14,ATM19,92.03
2022-06-15,ATM19,88.03
2022-06-16,ATM19,105.12
2022-06-17,ATM19,123.04
2022-06-18,ATM19,134.4
2022-06-19,ATM19,116.7
2022-06-20,ATM19,120.77
2022-06-21,ATM19,94.07
2022-06-22,ATM19,117.11
2022-06-23,ATM19,99.87
2022-06-24,ATM19,85.42
2022-06-25,ATM19,142.24
2022-06-26,ATM19,122.63
2022-06-27,ATM19,122.18
2022-06-28,ATM19,104.4
2022-06-29,ATM19,144.58
2022-06-30,ATM19,166.01
2022-07-01,ATM19,175.85
2022-07-02,ATM19,157.53
2022-07-03,ATM19,136.56
2022-07-04,ATM19,117.53
2022-07-05,ATM19,121.39
2022-07-06,ATM19,106.49
2022-07-07,ATM19,131.61
2022-07-08,ATM19,118.6
2022-07-09,ATM19,117.44
2022-07-10,ATM19,91.59
2022-07-11,ATM19,102.41
2022-07-12,ATM19,93.56
2022-07-13,ATM19,101.21
2022-07-14,ATM19,99.22
2022-07-15,ATM19,116.05
2022-07-16,ATM19,138.25
2022-07-17,ATM19,119.32
2022-07-18,ATM19,137.43
2022-07-19,ATM19,126.14
2022-07-20,ATM19,138.8
2022-07-21,ATM19,119.74
2022-07-22,ATM19,96.4
2022-07-23,ATM19,99.54
2022-07-24,ATM19,95.46
2022-07-25,ATM19,105.21
2022-07-26,ATM19,85.76
2022-07-27,ATM19,114.07
2022-07-28,ATM19,99.4
2022-07-29,ATM19,130.28
2022-07-30,ATM19,173.15
2022-07-31,ATM19,132.77
2022-08-01,ATM19,130.26
2022-08-02,ATM19,115.01
2022-08-03,ATM19,112.49
2022-08-04,ATM19,99.24
2022-08-05,ATM19,108.17
2022-08-06,ATM19,132.27
2022-08-07,ATM19,119.01
2022-08-08,ATM19,92.75
2022-08-09,ATM19,110.4
2022-08-10,ATM19,87.19
2022-08-11,ATM19,98.56
2022-08-12,ATM19,112.94
2022-08-13,ATM19,116.95
2022-08-14,ATM19,144.88
2022-08-15,ATM19,127.23
2022-08-16,ATM19,105.13
2022-08-17,ATM19,97.08
2022-08-18,ATM19,110.0
2022-08-19,ATM19,111.81
2022-08-20,ATM19,117.99
2022-08-21,ATM19,104.87
2022-08-22,ATM19,103.85
2022-08-23,ATM19,92.77
2022-08-24,ATM19,77.44
2022-08-25,ATM19,125.93
2022-08-26,ATM19,122.8
2022-08-27,ATM19,134.49
2022-08-28,ATM19,118.59
2022-08-29,ATM19,109.35
2022-08-30,ATM19,98.95
2022-08-31,ATM19,120.46
2022-09-01,ATM19,142.26
2022-09-02,ATM19,138.4
2022-09-03,ATM19,116.32
2022-09-04,ATM19,93.62
2022-09-05,ATM19,108.57
2022-09-06,ATM19,95.85
2022-09-07,ATM19,88.35
2022-09-08,ATM19,101.69
2022-09-09,ATM19,106.8
2022-09-10,ATM19,92.67
2022-09-11,ATM19,84.69
2022-09-12,ATM19,95.53
2022-09-13,ATM19,87.81
2022-09-14,ATM19,98.35
2022-09-15,ATM19,104.66
2022-09-16,ATM19,121.94
2022-09-17,ATM19,108.86
2022-09-18,ATM19,108.7
2022-09-19,ATM19,110.46
2022-09-20,ATM19,94.01
2022-09-21,ATM19,108.5
2022-09-22,ATM19,89.59
2022-09-23,ATM19,92.43
2022-09-24,ATM19,87.28
2022-09-25,ATM19,106.13
2022-09-26,ATM19,110.68
2022-09-27,ATM19,122.08
2022-09-28,ATM19,117.12
2022-09-29,ATM19,115.29
2022-09-30,ATM19,105.75
2022-10-01,ATM19,108.16
2022-10-02,ATM19,120.77
2022-10-03,ATM19,116.1
2022-10-04,ATM19,101.5
2022-10-05,ATM19,116.97
2022-10-06,ATM19,103.47
2022-10-07,ATM19,106.84
2022-10-08,ATM19,112.12
2022-10-09,ATM19,131.06
2022-10-10,ATM19,110.63
2022-10-11,ATM19,82.62
2022-10-12,ATM19,100.33
2022-10-13,ATM19,127.16
2022-10-14,ATM19,115.26
2022-10-15,ATM19,105.25
2022-10-16,ATM19,114.63
2022-10-17,ATM19,130.74
2022-10-18,ATM19,119.14
2022-10-19,ATM19,89.09
2022-10-20,ATM19,106.87
2022-10-21,ATM19,114.51
2022-10-22,ATM19,104.25
2022-10-23,ATM19,119.56
2022-10-24,ATM19,112.62
2022-10-25,ATM19,140.68
2022-10-26,ATM19,112.86
2022-10-27,ATM19,126.33
2022-10-28,ATM19,118.27
2022-10-29,ATM19,133.42
2022-10-30,ATM19,150.74
2022-10-31,ATM19,112.52
2022-11-01,ATM19,96.4
2022-11-02,ATM19,118.82
2022-11-03,ATM19,109.1
2022-11-04,ATM19,129.77
2022-11-05,ATM19,115.67
2022-11-06,ATM19,112.83
2022-11-07,ATM19,116.38
2022-11-08,ATM19,108.73
2022-11-09,ATM19,86.61
2022-11-10,ATM19,128.93
2022-11-11,ATM19,121.88
2022-11-12,ATM19,102.67
2022-11-13,ATM19,106.57
2022-11-14,ATM19,106.73
2022-11-15,ATM19,110.36
2022-11-16,ATM19,113.81
2022-11-17,ATM19,107.13
2022-11-18,ATM19,90.62
2022-11-19,ATM19,109.51
2022-11-20,ATM19,88.44
2022-11-21,ATM19,106.97
2022-11-22,ATM19,91.34
2022-11-23,ATM19,101.18
2022-11-24,ATM19,96.76
2022-11-25,ATM19,118.88
2022-11-26,ATM19,119.02
2022-11-27,ATM19,131.52
2022-11-28,ATM19,115.48
2022-11-29,ATM19,123.24
2022-11-30,ATM19,111.76
2022-12-01,ATM19,117.17
2022-12-02,ATM19,126.47
2022-12-03,ATM19,120.04
2022-12-04,ATM19,102.93
2022-12-05,ATM19,111.73
2022-12-06,ATM19,101.12
2022-12-07,ATM19,108.22
2022-12-08,ATM19,110.42
2022-12-09,ATM19,122.16
2022-12-10,ATM19,110.75
2022-12-11,ATM19,97.54
2022-12-12,ATM19,102.42
2022-12-13,ATM19,91.87
2022-12-14,ATM19,110.97
2022-12-15,ATM19,117.85
2022-12-16,ATM19,102.41
2022-12-17,ATM19,107.45
2022-12-18,ATM19,98.06
2022-12-19,ATM19,114.95
2022-12-20,ATM19,116.02
2022-12-21,ATM19,108.76
2022-12-22,ATM19,115.57
2022-12-23,ATM19,116.91
2022-12-24,ATM19,133.67
2022-12-25,ATM19,138.05
2022-12-26,ATM19,149.13
2022-12-27,ATM19,129.62
2022-12-28,ATM19,118.66
2022-12-29,ATM19,138.42
2022-12-30,ATM19,167.81
2022-12-31,ATM19,178.57
2023-01-01,ATM19,150.73
2023-01-02,ATM19,140.12
2023-01-03,ATM19,97.94
2023-01-04,ATM19,91.08
2023-01-05,ATM19,118.99
2023-01-06,ATM19,96.39
2023-01-07,ATM19,130.13
2023-01-08,ATM19,108.19
2023-01-09,ATM19,130.47
2023-01-10,ATM19,104.42
2023-01-11,ATM19,108.27
2023-01-12,ATM19,139.09
2023-01-13,ATM19,118.49
2023-01-14,ATM19,112.77
2023-01-15,ATM19,99.22
2023-01-16,ATM19,88.06
2023-01-17,ATM19,87.26
2023-01-18,ATM19,86.75
2023-01-19,ATM19,84.37
2023-01-20,ATM19,95.84
2023-01-21,ATM19,111.86
2023-01-22,ATM19,87.0
2023-01-23,ATM19,95.42
2023-01-24,ATM19,109.48
2023-01-25,ATM19,104.8
2023-01-26,ATM19,144.06
2023-01-27,ATM19,128.05
2023-01-28,ATM19,137.03
2023-01-29,ATM19,148.68
2023-01-30,ATM19,155.12
2023-01-31,ATM19,135.82
2023-02-01,ATM19,115.18
2023-02-02,ATM19,111.48
2023-02-03,ATM19,101.86
2023-02-04,ATM19,138.99
2023-02-05,ATM19,116.38
2023-02-06,ATM19,112.93
2023-02-07,ATM19,93.08
2023-02-08,ATM19,86.24
2023-02-09,ATM19,99.89
2023-02-10,ATM19,99.39
2023-02-11,ATM19,105.16
2023-02-12,ATM19,88.09
2023-02-13,ATM19,92.34
2023-02-14,ATM19,109.48
2023-02-15,ATM19,92.86
2023-02-16,ATM19,110.04
2023-02-17,ATM19,75.42
2023-02-18,ATM19,87.4
2023-02-19,ATM19,77.28
2023-02-20,ATM19,100.51
2023-02-21,ATM19,105.62
2023-02-22,ATM19,89.54
2023-02-23,ATM19,101.22
2023-02-24,ATM19,121.32
2023-02-25,ATM19,164.67
2023-02-26,ATM19,134.01
2023-02-27,ATM19,97.42
2023-02-28,ATM19,94.65
2023-03-01,ATM19,114.83
2023-03-02,ATM19,152.66
2023-03-03,ATM19,124.11
2023-03-04,ATM19,115.3
2023-03-05,ATM19,145.13
2023-03-06,ATM19,125.7
2023-03-07,ATM19,95.6
2023-03-08,ATM19,97.71
2023-03-09,ATM19,117.47
2023-03-10,ATM19,109.81
2023-03-11,ATM19,123.25
2023-03-12,ATM19,93.2
2023-03-13,ATM19,81.44
2023-03-14,ATM19,80.38
2023-03-15,ATM19,85.94
2023-03-16,ATM19,99.77
2023-03-17,ATM19,113.17
2023-03-18,ATM19,150.11
2023-03-19,ATM19,112.0
2023-03-20,ATM19,100.03
2023-03-21,ATM19,88.38
2023-03-22,ATM19,104.15
2023-03-23,ATM19,118.75
2023-03-24,ATM19,108.6
2023-03-25,ATM19,169.16
2023-03-26,ATM19,131.04
2023-03-27,ATM19,137.55
2023-03-28,ATM19,143.04
2023-03-29,ATM19,109.29
2023-03-30,ATM19,126.14
2023-03-31,ATM19,96.0
2023-04-01,ATM19,134.68
2023-04-02,ATM19,121.45
2023-04-03,ATM19,122.38
2023-04-04,ATM19,131.54
2023-04-05,ATM19,147.8
2023-04-06,ATM19,163.09
2023-04-07,ATM19,162.7
2023-04-08,ATM19,161.76
2023-04-09,ATM19,158.82
2023-04-10,ATM19,131.14
2023-04-11,ATM19,134.75
2023-04-12,ATM19,140.68
2023-04-13,ATM19,145.24
2023-04-14,ATM19,138.26
2023-04-15,ATM19,148.07
2023-04-16,ATM19,117.88
2023-04-17,ATM19,143.48
2023-04-18,ATM19,166.12
2023-04-19,ATM19,131.71
2023-04-20,ATM19,174.48
2023-04-21,ATM19,197.85
2023-04-22,ATM19,51.03
2023-04-23,ATM19,50.72
2023-04-24,ATM19,64.34
2023-04-25,ATM19,63.68
2023-04-26,ATM19,67.09
2023-04-27,ATM19,74.46
2023-04-28,ATM19,70.41
2023-04-29,ATM19,93.22
2023-04-30,ATM19,96.1
2023-05-01,ATM19,82.22
2023-05-02,ATM19,119.55
2023-05-03,ATM19,108.5
2023-05-04,ATM19,88.52
2023-05-05,ATM19,98.32
2023-05-06,ATM19,148.59
2023-05-07,ATM19,111.84
2023-05-08,ATM19,107.41
2023-05-09,ATM19,116.41
2023-05-10,ATM19,109.35
2023-05-11,ATM19,116.71
2023-05-12,ATM19,122.51
2023-05-13,ATM19,118.65
2023-05-14,ATM19,99.91
2023-05-15,ATM19,102.93
2023-05-16,ATM19,92.38
2023-05-17,ATM19,89.27
2023-05-18,ATM19,114.84
2023-05-19,ATM19,107.51
2023-05-20,ATM19,134.55
2023-05-21,ATM19,118.63
2023-05-22,ATM19,104.14
2023-05-23,ATM19,79.46
2023-05-24,ATM19,111.02
2023-05-25,ATM19,129.02
2023-05-26,ATM19,101.7
2023-05-27,ATM19,134.01
2023-05-28,ATM19,126.52
2023-05-29,ATM19,108.82
2023-05-30,ATM19,121.19
2023-05-31,ATM19,88.77
2023-06-01,ATM19,89.45
2023-06-02,ATM19,112.3
2023-06-03,ATM19,121.91
2023-06-04,ATM19,145.66
2023-06-05,ATM19,116.75
2023-06-06,ATM19,110.91
2023-06-07,ATM19,142.64
2023-06-08,ATM19,124.34
2023-06-09,ATM19,126.2
2023-06-10,ATM19,101.82
2023-06-11,ATM19,126.08
2023-06-12,ATM19,100.61
2023-06-13,ATM19,98.33
2023-06-14,ATM19,99.28
2023-06-15,ATM19,103.18
2023-06-16,ATM19,101.73
2023-06-17,ATM19,111.58
2023-06-18,ATM19,128.46
2023-06-19,ATM19,140.99
2023-06-20,ATM19,108.97
2023-06-21,ATM19,96.35
2023-06-22,ATM19,92.23
2023-06-23,ATM19,136.29
2023-06-24,ATM19,125.68
2023-06-25,ATM19,151.49
2023-06-26,ATM19,140.98
2023-06-27,ATM19,156.52
2023-06-28,ATM19,128.14
2023-06-29,ATM19,100.93
2023-06-30,ATM19,150.17
2023-07-01,ATM19,157.99
2023-07-02,ATM19,143.84
2023-07-03,ATM19,133.38
2023-07-04,ATM19,118.3
2023-07-05,ATM19,128.84
2023-07-06,ATM19,121.83
2023-07-07,ATM19,131.0
2023-07-08,ATM19,133.09
2023-07-09,ATM19,114.09
2023-07-10,ATM19,98.96
2023-07-11,ATM19,90.64
2023-07-12,ATM19,95.86
2023-07-13,ATM19,95.58
2023-07-14,ATM19,108.03
2023-07-15,ATM19,116.54
2023-07-16,ATM19,110.31
2023-07-17,ATM19,104.85
2023-07-18,ATM19,91.24
2023-07-19,ATM19,90.5
2023-07-20,ATM19,81.46
2023-07-21,ATM19,94.54
2023-07-22,ATM19,94.19
2023-07-23,ATM19,99.04
2023-07-24,ATM19,90.08
2023-07-25,ATM19,86.83
2023-07-26,ATM19,129.25
2023-07-27,ATM19,123.81
2023-07-28,ATM19,149.87
2023-07-29,ATM19,134.7
2023-07-30,ATM19,153.29
2023-07-31,ATM19,115.48
2023-08-01,ATM19,114.24
2023-08-02,ATM19,101.19
2023-08-03,ATM19,133.73
2023-08-04,ATM19,120.22
2023-08-05,ATM19,132.21
2023-08-06,ATM19,123.74
2023-08-07,ATM19,110.84
2023-08-08,ATM19,108.74
2023-08-09,ATM19,121.01
2023-08-10,ATM19,116.86
2023-08-11,ATM19,114.61
2023-08-12,ATM19,121.1
2023-08-13,ATM19,135.28
2023-08-14,ATM19,107.0
2023-08-15,ATM19,79.82
2023-08-16,ATM19,77.81
2023-08-17,ATM19,73.47
2023-08-18,ATM19,86.92
2023-08-19,ATM19,91.98
2023-08-20,ATM19,96.55
2023-08-21,ATM19,98.87
2023-08-22,ATM19,96.92
2023-08-23,ATM19,88.38
2023-08-24,ATM19,107.88
2023-08-25,ATM19,138.13
2023-08-26,ATM19,163.54
2023-08-27,ATM19,152.13
2023-08-28,ATM19,125.55
2023-08-29,ATM19,134.15
2023-08-30,ATM19,126.26
2023-08-31,ATM19,137.0
2023-09-01,ATM19,144.58
2023-09-02,ATM19,138.34
2023-09-03,ATM19,114.81
2023-09-04,ATM19,105.8
2023-09-05,ATM19,91.47
2023-09-06,ATM19,76.05
2023-09-07,ATM19,86.42
2023-09-08,ATM19,103.61
2023-09-09,ATM19,127.01
2023-09-10,ATM19,118.9
2023-09-11,ATM19,102.37
2023-09-12,ATM19,88.93
2023-09-13,ATM19,90.25
2023-09-14,ATM19,87.62
2023-09-15,ATM19,78.25
2023-09-16,ATM19,81.14
2023-09-17,ATM19,106.3
2023-09-18,ATM19,123.1
2023-09-19,ATM19,113.1
2023-09-20,ATM19,101.88
2023-09-21,ATM19,88.34
2023-09-22,ATM19,97.34
2023-09-23,ATM19,113.46
2023-09-24,ATM19,116.38
2023-09-25,ATM19,135.27
2023-09-26,ATM19,137.11
2023-09-27,ATM19,153.02
2023-09-28,ATM19,130.7
2023-09-29,ATM19,177.82
2023-09-30,ATM19,123.11
2023-10-01,ATM19,111.8
2023-10-02,ATM19,115.94
2023-10-03,ATM19,105.04
2023-10-04,ATM19,100.33
2023-10-05,ATM19,99.93
2023-10-06,ATM19,137.71
2023-10-07,ATM19,120.53
2023-10-08,ATM19,100.7
2023-10-09,ATM19,121.68
2023-10-10,ATM19,110.65
2023-10-11,ATM19,114.42
2023-10-12,ATM19,110.76
2023-10-13,ATM19,94.2
2023-10-14,ATM19,105.4
2023-10-15,ATM19,86.92
2023-10-16,ATM19,94.03
2023-10-17,ATM19,98.96
2023-10-18,ATM19,108.55
2023-10-19,ATM19,104.76
2023-10-20,ATM19,116.02
2023-10-21,ATM19,103.8
2023-10-22,ATM19,113.37
2023-10-23,ATM19,111.09
2023-10-24,ATM19,90.88
2023-10-25,ATM19,118.03
2023-10-26,ATM19,136.91
2023-10-27,ATM19,134.36
2023-10-28,ATM19,123.65
2023-10-29,ATM19,124.29
2023-10-30,ATM19,126.25
2023-10-31,ATM19,106.04
2023-11-01,ATM19,98.38
2023-11-02,ATM19,118.46
2023-11-03,ATM19,120.66
2023-11-04,ATM19,152.55
2023-11-05,ATM19,134.6
2023-11-06,ATM19,100.67
2023-11-07,ATM19,122.62
2023-11-08,ATM19,123.05
2023-11-09,ATM19,92.64
2023-11-10,ATM19,87.86
2023-11-11,ATM19,95.76
2023-11-12,ATM19,107.7
2023-11-13,ATM19,77.51
2023-11-14,ATM19,83.23
2023-11-15,ATM19,97.1
2023-11-16,ATM19,73.6
2023-11-17,ATM19,98.84
2023-11-18,ATM19,117.21
2023-11-19,ATM19,97.97
2023-11-20,ATM19,84.98
2023-11-21,ATM19,79.91
2023-11-22,ATM19,65.19
2023-11-23,ATM19,81.04
2023-11-24,ATM19,97.38
2023-11-25,ATM19,111.03
2023-11-26,ATM19,129.07
2023-11-27,ATM19,122.06
2023-11-28,ATM19,117.61
2023-11-29,ATM19,110.04
2023-11-30,ATM19,127.5
2023-12-01,ATM19,148.46
2023-12-02,ATM19,135.17
2023-12-03,ATM19,121.67
2023-12-04,ATM19,119.47
2023-12-05,ATM19,110.67
2023-12-06,ATM19,125.67
2023-12-07,ATM19,107.52
2023-12-08,ATM19,106.35
2023-12-09,ATM19,104.3
2023-12-10,ATM19,107.54
2023-12-11,ATM19,97.54
2023-12-12,ATM19,86.53
2023-12-13,ATM19,108.75
2023-12-14,ATM19,128.92
2023-12-15,ATM19,121.91
2023-12-16,ATM19,104.97
2023-12-17,ATM19,130.88
2023-12-18,ATM19,120.6
2023-12-19,ATM19,112.25
2023-12-20,ATM19,107.42
2023-12-21,ATM19,100.35
2023-12-22,ATM19,104.19
2023-12-23,ATM19,122.45
2023-12-24,ATM19,108.75
2023-12-25,ATM19,119.3
2023-12-26,ATM19,123.77
2023-12-27,ATM19,109.17
2023-12-28,ATM19,145.8
2023-12-29,ATM19,152.19
2023-12-30,ATM19,154.47
2023-12-31,ATM19,148.99
2024-01-01,ATM19,91.75
2024-01-02,ATM19,99.68
2024-01-03,ATM19,79.6
2024-01-04,ATM19,96.03
2024-01-05,ATM19,109.6
2024-01-06,ATM19,116.82
2024-01-07,ATM19,125.95
2024-01-08,ATM19,94.39
2024-01-09,ATM19,86.93
2024-01-10,ATM19,92.42
2024-01-11,ATM19,100.97
2024-01-12,ATM19,90.61
2024-01-13,ATM19,116.59
2024-01-14,ATM19,126.82
2024-01-15,ATM19,113.27
2024-01-16,ATM19,84.5
2024-01-17,ATM19,91.05
2024-01-18,ATM19,101.11
2024-01-19,ATM19,101.66
2024-01-20,ATM19,124.8
2024-01-21,ATM19,108.92
2024-01-22,ATM19,127.19
2024-01-23,ATM19,114.52
2024-01-24,ATM19,105.72
2024-01-25,ATM19,138.27
2024-01-26,ATM19,157.72
2024-01-27,ATM19,159.98
2024-01-28,ATM19,135.19
2024-01-29,ATM19,114.3
2024-01-30,ATM19,97.81
2024-01-31,ATM19,80.71
2024-02-01,ATM19,103.89
2024-02-02,ATM19,112.26
2024-02-03,ATM19,105.85
2024-02-04,ATM19,118.37
2024-02-05,ATM19,106.78
2024-02-06,ATM19,123.44
2024-02-07,ATM19,102.78
2024-02-08,ATM19,95.35
2024-02-09,ATM19,91.65
2024-02-10,ATM19,97.41
2024-02-11,ATM19,117.33
2024-02-12,ATM19,97.65
2024-02-13,ATM19,82.9
2024-02-14,ATM19,104.84
2024-02-15,ATM19,88.36
2024-02-16,ATM19,110.04
2024-02-17,ATM19,104.6
2024-02-18,ATM19,106.31
2024-02-19,ATM19,112.22
2024-02-20,ATM19,104.52
2024-02-21,ATM19,95.16
2024-02-22,ATM19,115.66
2024-02-23,ATM19,114.71
2024-02-24,ATM19,170.11
2024-02-25,ATM19,125.96
2024-02-26,ATM19,98.41
2024-02-27,ATM19,115.27
2024-02-28,ATM19,113.14
2024-02-29,ATM19,129.3
2024-03-01,ATM19,114.42
2024-03-02,ATM19,125.98
2024-03-03,ATM19,113.55
2024-03-04,ATM19,99.82
2024-03-05,ATM19,99.61
2024-03-06,ATM19,85.46
2024-03-07,ATM19,101.86
2024-03-08,ATM19,126.95
2024-03-09,ATM19,106.95
2024-03-10,ATM19,86.72
2024-03-11,ATM19,103.59
2024-03-12,ATM19,82.71
2024-03-13,ATM19,96.96
2024-03-14,ATM19,100.56
2024-03-15,ATM19,99.56
2024-03-16,ATM19,124.96
2024-03-17,ATM19,121.95
2024-03-18,ATM19,109.22
2024-03-19,ATM19,77.23
2024-03-20,ATM19,97.08
2024-03-21,ATM19,95.31
2024-03-22,ATM19,108.91
2024-03-23,ATM19,124.2
2024-03-24,ATM19,154.82
2024-03-25,ATM19,160.67
2024-03-26,ATM19,131.02
2024-03-27,ATM19,171.31
2024-03-28,ATM19,190.89
2024-03-29,ATM19,210.12
2024-03-30,ATM19,247.69
2024-03-31,ATM19,260.09
2024-04-01,ATM19,197.05
2024-04-02,ATM19,162.36
2024-04-03,ATM19,174.6
2024-04-04,ATM19,180.44
2024-04-05,ATM19,192.52
2024-04-06,ATM19,185.56
2024-04-07,ATM19,208.63
2024-04-08,ATM19,212.45
2024-04-09,ATM19,198.17
2024-04-10,ATM19,43.24
2024-04-11,ATM19,56.49
2024-04-12,ATM19,65.4
2024-04-13,ATM19,75.07
2024-04-14,ATM19,52.39
2024-04-15,ATM19,54.95
2024-04-16,ATM19,50.07
2024-04-17,ATM19,57.83
2024-04-18,ATM19,74.55
2024-04-19,ATM19,83.43
2024-04-20,ATM19,89.48
2024-04-21,ATM19,89.03
2024-04-22,ATM19,74.87
2024-04-23,ATM19,74.33
2024-04-24,ATM19,97.36
2024-04-25,ATM19,113.45
2024-04-26,ATM19,137.67
2024-04-27,ATM19,148.7
2024-04-28,ATM19,144.74
2024-04-29,ATM19,130.94
2024-04-30,ATM19,111.69
2024-05-01,ATM19,98.81
2024-05-02,ATM19,125.1
2024-05-03,ATM19,88.7
2024-05-04,ATM19,119.28
2024-05-05,ATM19,105.16
2024-05-06,ATM19,101.13
2024-05-07,ATM19,96.58
2024-05-08,ATM19,97.21
2024-05-09,ATM19,89.2
2024-05-10,ATM19,97.59
2024-05-11,ATM19,112.25
2024-05-12,ATM19,83.59
2024-05-13,ATM19,77.26
2024-05-14,ATM19,92.2
2024-05-15,ATM19,100.09
2024-05-16,ATM19,104.49
2024-05-17,ATM19,98.12
2024-05-18,ATM19,113.99
2024-05-19,ATM19,92.31
2024-05-20,ATM19,91.78
2024-05-21,ATM19,78.17
2024-05-22,ATM19,84.4
2024-05-23,ATM19,83.58
2024-05-24,ATM19,103.92
2024-05-25,ATM19,136.04
2024-05-26,ATM19,118.41
2024-05-27,ATM19,129.87
2024-05-28,ATM19,104.96
2024-05-29,ATM19,108.0
2024-05-30,ATM19,108.04
2024-05-31,ATM19,128.71
2024-06-01,ATM19,127.06
2024-06-02,ATM19,147.9
2024-06-03,ATM19,113.46
2024-06-04,ATM19,73.99
2024-06-05,ATM19,82.49
2024-06-06,ATM19,113.58
2024-06-07,ATM19,109.31
2024-06-08,ATM19,92.41
2024-06-09,ATM19,103.91
2024-06-10,ATM19,101.33
2024-06-11,ATM19,87.03
2024-06-12,ATM19,87.68
2024-06-13,ATM19,86.68
2024-06-14,ATM19,102.86
2024-06-15,ATM19,108.17
2024-06-16,ATM19,90.41
2024-06-17,ATM19,82.9
2024-06-18,ATM19,83.29
2024-06-19,ATM19,103.7
2024-06-20,ATM19,113.17
2024-06-21,ATM19,108.01
2024-06-22,ATM19,110.83
2024-06-23,ATM19,116.14
2024-06-24,ATM19,101.22
2024-06-25,ATM19,122.84
2024-06-26,ATM19,136.74
2024-06-27,ATM19,121.64
2024-06-28,ATM19,149.78
2024-06-29,ATM19,163.25
2024-06-30,ATM19,140.45
2024-07-01,ATM19,118.28
2024-07-02,ATM19,114.57
2024-07-03,ATM19,96.83
2024-07-04,ATM19,94.07
2024-07-05,ATM19,110.21
2024-07-06,ATM19,102.22
2024-07-07,ATM19,99.59
2024-07-08,ATM19,95.86
2024-07-09,ATM19,81.61
2024-07-10,ATM19,91.55
2024-07-11,ATM19,94.49
2024-07-12,ATM19,116.33
2024-07-13,ATM19,110.47
2024-07-14,ATM19,99.1
2024-07-15,ATM19,86.88
2024-07-16,ATM19,88.22
2024-07-17,ATM19,90.95
2024-07-18,ATM19,104.79
2024-07-19,ATM19,106.4
2024-07-20,ATM19,137.21
2024-07-21,ATM19,120.09
2024-07-22,ATM19,93.85
2024-07-23,ATM19,80.81
2024-07-24,ATM19,92.24
2024-07-25,ATM19,104.24
2024-07-26,ATM19,124.32
2024-07-27,ATM19,142.55
2024-07-28,ATM19,142.09
2024-07-29,ATM19,113.33
2024-07-30,ATM19,121.04
2024-07-31,ATM19,119.45
2024-08-01,ATM19,112.83
2024-08-02,ATM19,118.53
2024-08-03,ATM19,117.59
2024-08-04,ATM19,102.12
2024-08-05,ATM19,103.74
2024-08-06,ATM19,115.06
2024-08-07,ATM19,117.0
2024-08-08,ATM19,112.6
2024-08-09,ATM19,115.47
2024-08-10,ATM19,103.72
2024-08-11,ATM19,95.12
2024-08-12,ATM19,79.47
2024-08-13,ATM19,86.64
2024-08-14,ATM19,96.66
2024-08-15,ATM19,98.37
2024-08-16,ATM19,93.1
2024-08-17,ATM19,92.92
2024-08-18,ATM19,116.34
2024-08-19,ATM19,113.7
2024-08-20,ATM19,98.67
2024-08-21,ATM19,119.04
2024-08-22,ATM19,146.48
2024-08-23,ATM19,116.3
2024-08-24,ATM19,110.24
2024-08-25,ATM19,133.85
2024-08-26,ATM19,109.66
2024-08-27,ATM19,118.17
2024-08-28,ATM19,115.19
2024-08-29,ATM19,123.48
2024-08-30,ATM19,117.78
2024-08-31,ATM19,115.43
2024-09-01,ATM19,93.73
2024-09-02,ATM19,121.57
2024-09-03,ATM19,110.43
2024-09-04,ATM19,111.1
2024-09-05,ATM19,113.15
2024-09-06,ATM19,87.42
2024-09-07,ATM19,94.64
2024-09-08,ATM19,96.81
2024-09-09,ATM19,86.85
2024-09-10,ATM19,70.84
2024-09-11,ATM19,73.46
2024-09-12,ATM19,87.99
2024-09-13,ATM19,97.92
2024-09-14,ATM19,115.72
2024-09-15,ATM19,132.42
2024-09-16,ATM19,117.59
2024-09-17,ATM19,98.46
2024-09-18,ATM19,115.6
2024-09-19,ATM19,90.16
2024-09-20,ATM19,78.31
2024-09-21,ATM19,85.88
2024-09-22,ATM19,100.88
2024-09-23,ATM19,98.26
2024-09-24,ATM19,81.76
2024-09-25,ATM19,96.59
2024-09-26,ATM19,95.41
2024-09-27,ATM19,97.34
2024-09-28,ATM19,136.87
2024-09-29,ATM19,123.77
2024-09-30,ATM19,141.99
2024-10-01,ATM19,109.46
2024-10-02,ATM19,115.99
2024-10-03,ATM19,107.52
2024-10-04,ATM19,121.13
2024-10-05,ATM19,122.27
2024-10-06,ATM19,124.38
2024-10-07,ATM19,116.24
2024-10-08,ATM19,91.37
2024-10-09,ATM19,102.54
2024-10-10,ATM19,97.82
2024-10-11,ATM19,93.67
2024-10-12,ATM19,110.67
2024-10-13,ATM19,114.33
2024-10-14,ATM19,96.67
2024-10-15,ATM19,88.33
2024-10-16,ATM19,77.44
2024-10-17,ATM19,73.37
2024-10-18,ATM19,87.25
2024-10-19,ATM19,108.32
2024-10-20,ATM19,96.04
2024-10-21,ATM19,110.25
2024-10-22,ATM19,95.19
2024-10-23,ATM19,91.22
2024-10-24,ATM19,93.29
2024-10-25,ATM19,133.42
2024-10-26,ATM19,119.53
2024-10-27,ATM19,116.5
2024-10-28,ATM19,106.96
2024-10-29,ATM19,99.78
2024-10-30,ATM19,105.68
2024-10-31,ATM19,112.3
2024-11-01,ATM19,134.61
2024-11-02,ATM19,133.16
2024-11-03,ATM19,116.44
2024-11-04,ATM19,108.08
2024-11-05,ATM19,116.2
2024-11-06,ATM19,101.83
2024-11-07,ATM19,101.04
2024-11-08,ATM19,115.88
2024-11-09,ATM19,112.39
2024-11-10,ATM19,106.92
2024-11-11,ATM19,127.78
2024-11-12,ATM19,93.34
2024-11-13,ATM19,109.31
2024-11-14,ATM19,98.87
2024-11-15,ATM19,118.58
2024-11-16,ATM19,122.77
2024-11-17,ATM19,115.46
2024-11-18,ATM19,100.56
2024-11-19,ATM19,90.77
2024-11-20,ATM19,84.21
2024-11-21,ATM19,92.85
2024-11-22,ATM19,97.48
2024-11-23,ATM19,106.41
2024-11-24,ATM19,86.76
2024-11-25,ATM19,108.13
2024-11-26,ATM19,122.41
2024-11-27,ATM19,127.89
2024-11-28,ATM19,124.07
2024-11-29,ATM19,166.03
2024-11-30,ATM19,137.33
2024-12-01,ATM19,124.4
2024-12-02,ATM19,99.59
2024-12-03,ATM19,86.72
2024-12-04,ATM19,112.21
2024-12-05,ATM19,104.66
2024-12-06,ATM19,91.57
2024-12-07,ATM19,115.07
2024-12-08,ATM19,113.04
2024-12-09,ATM19,114.48
2024-12-10,ATM19,93.16
2024-12-11,ATM19,82.5
2024-12-12,ATM19,90.01
2024-12-13,ATM19,104.17
2024-12-14,ATM19,106.41
2024-12-15,ATM19,114.09
2024-12-16,ATM19,99.89
2024-12-17,ATM19,101.57
2024-12-18,ATM19,99.9
2024-12-19,ATM19,96.61
2024-12-20,ATM19,107.15
2024-12-21,ATM19,108.58
2024-12-22,ATM19,114.02
2024-12-23,ATM19,116.58
2024-12-24,ATM19,109.77
2024-12-25,ATM19,93.34
2024-12-26,ATM19,105.53
2024-12-27,ATM19,113.13
2024-12-28,ATM19,117.55
2024-12-29,ATM19,114.94
2024-12-30,ATM19,130.05
2024-12-31,ATM19,130.22
2025-01-01,ATM19,98.2
2025-01-02,ATM19,122.78
2025-01-03,ATM19,114.0
2025-01-04,ATM19,114.82
2025-01-05,ATM19,122.61
2025-01-06,ATM19,100.65
2025-01-07,ATM19,96.73
2025-01-08,ATM19,86.12
2025-01-09,ATM19,86.49
2025-01-10,ATM19,80.63
2025-01-11,ATM19,85.66
2025-01-12,ATM19,92.54
2025-01-13,ATM19,89.31
2025-01-14,ATM19,85.66
2025-01-15,ATM19,85.74
2025-01-16,ATM19,113.41
2025-01-17,ATM19,95.81
2025-01-18,ATM19,89.95
2025-01-19,ATM19,85.39
2025-01-20,ATM19,88.32
2025-01-21,ATM19,92.88
2025-01-22,ATM19,98.34
2025-01-23,ATM19,110.09
2025-01-24,ATM19,105.84
2025-01-25,ATM19,123.88
2025-01-26,ATM19,143.15
2025-01-27,ATM19,91.39
2025-01-28,ATM19,99.18
2025-01-29,ATM19,98.68
2025-01-30,ATM19,141.51
2025-01-31,ATM19,110.4
2025-02-01,ATM19,115.97
2025-02-02,ATM19,99.97
2025-02-03,ATM19,76.53
2025-02-04,ATM19,83.03
2025-02-05,ATM19,98.79
2025-02-06,ATM19,117.16
2025-02-07,ATM19,107.21
2025-02-08,ATM19,120.44
2025-02-09,ATM19,107.87
2025-02-10,ATM19,102.33
2025-02-11,ATM19,106.38
2025-02-12,ATM19,95.51
2025-02-13,ATM19,110.14
2025-02-14,ATM19,93.66
2025-02-15,ATM19,109.61
2025-02-16,ATM19,114.63
2025-02-17,ATM19,112.45
2025-02-18,ATM19,85.79
2025-02-19,ATM19,86.56
2025-02-20,ATM19,96.73
2025-02-21,ATM19,105.97
2025-02-22,ATM19,109.15
2025-02-23,ATM19,119.46
2025-02-24,ATM19,89.65
2025-02-25,ATM19,103.11
2025-02-26,ATM19,88.28
2025-02-27,ATM19,111.71
2025-02-28,ATM19,126.49
2025-03-01,ATM19,186.41
2025-03-02,ATM19,160.69
2025-03-03,ATM19,119.62
2025-03-04,ATM19,106.64
2025-03-05,ATM19,97.32
2025-03-06,ATM19,103.26
2025-03-07,ATM19,110.57
2025-03-08,ATM19,91.32
2025-03-09,ATM19,99.35
2025-03-10,ATM19,98.13
2025-03-11,ATM19,119.46
2025-03-12,ATM19,111.01
2025-03-13,ATM19,107.75
2025-03-14,ATM19,124.8
2025-03-15,ATM19,136.46
2025-03-16,ATM19,132.37
2025-03-17,ATM19,114.02
2025-03-18,ATM19,119.28
2025-03-19,ATM19,121.0
2025-03-20,ATM19,135.69
2025-03-21,ATM19,165.42
2025-03-22,ATM19,161.32
2025-03-23,ATM19,159.18
2025-03-24,ATM19,169.88
2025-03-25,ATM19,189.22
2025-03-26,ATM19,260.7
2025-03-27,ATM19,247.94
2025-03-28,ATM19,213.98
2025-03-29,ATM19,217.4
2025-03-30,ATM19,205.05
2025-03-31,ATM19,52.54
2025-04-01,ATM19,57.88
2025-04-02,ATM19,57.37
2025-04-03,ATM19,55.18
2025-04-04,ATM19,69.19
2025-04-05,ATM19,65.38
2025-04-06,ATM19,67.92
2025-04-07,ATM19,56.18
2025-04-08,ATM19,60.12
2025-04-09,ATM19,62.1
2025-04-10,ATM19,73.72
2025-04-11,ATM19,74.74
2025-04-12,ATM19,111.74
2025-04-13,ATM19,85.63
2025-04-14,ATM19,102.98
2025-04-15,ATM19,103.21
2025-04-16,ATM19,99.32
2025-04-17,ATM19,99.9
2025-04-18,ATM19,125.28
2025-04-19,ATM19,152.12
2025-04-20,ATM19,115.58
2025-04-21,ATM19,103.39
2025-04-22,ATM19,88.32
2025-04-23,ATM19,78.66
2025-04-24,ATM19,94.06
2025-04-25,ATM19,122.59
2025-04-26,ATM19,106.27
2025-04-27,ATM19,116.91
2025-04-28,ATM19,116.45
2025-04-29,ATM19,102.42
2025-04-30,ATM19,98.21
2025-05-01,ATM19,102.93
2025-05-02,ATM19,143.16
2025-05-03,ATM19,125.51
2025-05-04,ATM19,121.93
2025-05-05,ATM19,98.02
2025-05-06,ATM19,90.34
2025-05-07,ATM19,99.71
2025-05-08,ATM19,88.38
2025-05-09,ATM19,102.03
2025-05-10,ATM19,108.6
2025-05-11,ATM19,101.08
2025-05-12,ATM19,99.0
2025-05-13,ATM19,92.54
2025-05-14,ATM19,85.24
2025-05-15,ATM19,81.34
2025-05-16,ATM19,92.09
2025-05-17,ATM19,116.36
2025-05-18,ATM19,117.17
2025-05-19,ATM19,98.31
2025-05-20,ATM19,88.02
2025-05-21,ATM19,85.0
2025-05-22,ATM19,88.08
2025-05-23,ATM19,99.48
2025-05-24,ATM19,117.2
2025-05-25,ATM19,161.6
2025-05-26,ATM19,119.04
2025-05-27,ATM19,118.57
2025-05-28,ATM19,119.68
2025-05-29,ATM19,114.92
2025-05-30,ATM19,107.25
2025-05-31,ATM19,122.94
2025-06-01,ATM19,134.72
2025-06-02,ATM19,129.75
2025-06-03,ATM19,92.91
2025-06-04,ATM19,92.72
2025-06-05,ATM19,87.51
2025-06-06,ATM19,89.43
2025-06-07,ATM19,116.01
2025-06-08,ATM19,99.94
2025-06-09,ATM19,68.55
2025-06-10,ATM19,78.17
2025-06-11,ATM19,79.96
2025-06-12,ATM19,82.74
2025-06-13,ATM19,86.12
2025-06-14,ATM19,102.08
2025-06-15,ATM19,94.25
2025-06-16,ATM19,102.44
2025-06-17,ATM19,103.53
2025-06-18,ATM19,93.05
2025-06-19,ATM19,90.82
2025-06-20,ATM19,98.98
2025-06-21,ATM19,102.32
2025-06-22,ATM19,81.35
2025-06-23,ATM19,106.8
2025-06-24,ATM19,102.73
2025-06-25,ATM19,108.9
2025-06-26,ATM19,92.4
2025-06-27,ATM19,106.56
2025-06-28,ATM19,111.34
2025-06-29,ATM19,112.49
2025-06-30,ATM19,87.2
2025-07-01,ATM19,90.95
2025-07-02,ATM19,95.49
2025-07-03,ATM19,92.97
2025-07-04,ATM19,99.17
2025-07-05,ATM19,108.0
2025-07-06,ATM19,123.3
2025-07-07,ATM19,101.74
2025-07-08,ATM19,86.74
2025-07-09,ATM19,75.52
2025-07-10,ATM19,80.55
2025-07-11,ATM19,79.19
2025-07-12,ATM19,104.42
2025-07-13,ATM19,98.42
2025-07-14,ATM19,104.44
2025-07-15,ATM19,110.37
2025-07-16,ATM19,89.6
2025-07-17,ATM19,90.89
2025-07-18,ATM19,112.9
2025-07-19,ATM19,112.5
2025-07-20,ATM19,108.89
2025-07-21,ATM19,110.4
2025-07-22,ATM19,106.26
2025-07-23,ATM19,101.31
2025-07-24,ATM19,116.34
2025-07-25,ATM19,129.75
2025-07-26,ATM19,137.25
2025-07-27,ATM19,121.88
2025-07-28,ATM19,128.17
2025-07-29,ATM19,105.35
2025-07-30,ATM19,88.6
2025-07-31,ATM19,111.56
2025-08-01,ATM19,105.6
2025-08-02,ATM19,104.44
2025-08-03,ATM19,111.53
2025-08-04,ATM19,114.32
2025-08-05,ATM19,97.19
2025-08-06,ATM19,68.68
2025-08-07,ATM19,91.65
2025-08-08,ATM19,108.61
2025-08-09,ATM19,118.24
2025-08-10,ATM19,107.78
2025-08-11,ATM19,96.06
2025-08-12,ATM19,86.36
2025-08-13,ATM19,78.04
2025-08-14,ATM19,82.09
2025-08-15,ATM19,96.38
2025-08-16,ATM19,106.37
2025-08-17,ATM19,98.31
2025-08-18,ATM19,84.43
2025-08-19,ATM19,71.01
2025-08-20,ATM19,77.38
2025-08-21,ATM19,78.9
2025-08-22,ATM19,93.25
2025-08-23,ATM19,87.4
2025-08-24,ATM19,104.35
2025-08-25,ATM19,105.81
2025-08-26,ATM19,124.23
2025-08-27,ATM19,121.49
2025-08-28,ATM19,106.41
2025-08-29,ATM19,145.45
2025-08-30,ATM19,140.3
2025-08-31,ATM19,127.63
2025-09-01,ATM19,115.95
2025-09-02,ATM19,114.33
2025-09-03,ATM19,103.36
2025-09-04,ATM19,94.35
2025-09-05,ATM19,99.81
2025-09-06,ATM19,108.78
2025-09-07,ATM19,111.26
2025-09-08,ATM19,109.51
2025-09-09,ATM19,100.65
2025-09-10,ATM19,86.47
2025-09-11,ATM19,86.78
2025-09-12,ATM19,83.57
2025-09-13,ATM19,102.46
2025-09-14,ATM19,91.91
2025-09-15,ATM19,89.18
2025-09-16,ATM19,89.56
2025-09-17,ATM19,89.49
2025-09-18,ATM19,94.07
2025-09-19,ATM19,89.41
2025-09-20,ATM19,101.9
2025-09-21,ATM19,94.76
2025-09-22,ATM19,91.44
2025-09-23,ATM19,100.19
2025-09-24,ATM19,99.44
2025-09-25,ATM19,111.19
2025-09-26,ATM19,115.77
2025-09-27,ATM19,146.44
2025-09-28,ATM19,123.36
2025-09-29,ATM19,115.38
2025-09-30,ATM19,116.44
2025-10-01,ATM19,113.89
2025-10-02,ATM19,111.25
2025-10-03,ATM19,95.78
2025-10-04,ATM19,105.19
2025-10-05,ATM19,110.37
2025-10-06,ATM19,117.98
2025-10-07,ATM19,86.89
2025-10-08,ATM19,110.52
2025-10-09,ATM19,103.44
2025-10-10,ATM19,111.06
2025-10-11,ATM19,100.48
2025-10-12,ATM19,81.56
2025-10-13,ATM19,74.61
2025-10-14,ATM19,77.55
2025-10-15,ATM19,88.71
2025-10-16,ATM19,93.96
2025-10-17,ATM19,95.92
2025-10-18,ATM19,115.33
2025-10-19,ATM19,103.59
2025-10-20,ATM19,98.97
2025-10-21,ATM19,128.56
2025-10-22,ATM19,105.0
2025-10-23,ATM19,93.55
2025-10-24,ATM19,103.72
2025-10-25,ATM19,137.38
2025-10-26,ATM19,128.01
2025-10-27,ATM19,118.69
2025-10-28,ATM19,128.89
2025-10-29,ATM19,135.0
2025-10-30,ATM19,123.38
2025-10-31,ATM19,114.72
2025-11-01,ATM19,128.03
2025-11-02,ATM19,111.67
2025-11-03,ATM19,106.79
2025-11-04,ATM19,102.15
2025-11-05,ATM19,131.18
2025-11-06,ATM19,135.47
2025-11-07,ATM19,106.5
2025-11-08,ATM19,104.17
2025-11-09,ATM19,82.69
2025-11-10,ATM19,66.71
2025-11-11,ATM19,77.34
2025-11-12,ATM19,73.27
2025-11-13,ATM19,102.8
2025-11-14,ATM19,116.47
2025-11-15,ATM19,107.89
2025-11-16,ATM19,96.83
2025-11-17,ATM19,109.49
2025-11-18,ATM19,115.24
2025-11-19,ATM19,90.19
2025-11-20,ATM19,83.82
2025-11-21,ATM19,90.47
2025-11-22,ATM19,104.0
2025-11-23,ATM19,93.29
2025-11-24,ATM19,96.08
2025-11-25,ATM19,133.77
2025-11-26,ATM19,101.18
2025-11-27,ATM19,104.39
2025-11-28,ATM19,97.93
2025-11-29,ATM19,103.61
2025-11-30,ATM19,105.43
2025-12-01,ATM19,98.54
2025-12-02,ATM19,106.47
2025-12-03,ATM19,95.68
2025-12-04,ATM19,103.17
2025-12-05,ATM19,102.44
2025-12-06,ATM19,105.72
2025-12-07,ATM19,98.74
2025-12-08,ATM19,94.16
2025-12-09,ATM19,96.33
2025-12-10,ATM19,72.61
2025-12-11,ATM19,88.11
2025-12-12,ATM19,86.84
2025-12-13,ATM19,93.73
2025-12-14,ATM19,79.26
2025-12-15,ATM19,88.12
2025-12-16,ATM19,92.98
2025-12-17,ATM19,99.41
2025-12-18,ATM19,90.0
2025-12-19,ATM19,105.24
2025-12-20,ATM19,125.4
2025-12-21,ATM19,105.98
2025-12-22,ATM19,100.89
2025-12-23,ATM19,76.31
2025-12-24,ATM19,78.34
2025-12-25,ATM19,102.47
2025-12-26,ATM19,137.3
2025-12-27,ATM19,129.01
2025-12-28,ATM19,167.99
2025-12-29,ATM19,141.98
2025-12-30,ATM19,107.35
2025-12-31,ATM19,128.37
2022-01-01,ATM20,138.96
2022-01-02,ATM20,126.93
2022-01-03,ATM20,128.85
2022-01-04,ATM20,116.45
2022-01-05,ATM20,141.65
2022-01-06,ATM20,120.41
2022-01-07,ATM20,108.19
2022-01-08,ATM20,118.99
2022-01-09,ATM20,168.19
2022-01-10,ATM20,143.8
2022-01-11,ATM20,129.53
2022-01-12,ATM20,126.92
2022-01-13,ATM20,117.66
2022-01-14,ATM20,166.15
2022-01-15,ATM20,154.91
2022-01-16,ATM20,138.87
2022-01-17,ATM20,137.64
2022-01-18,ATM20,103.85
2022-01-19,ATM20,97.76
2022-01-20,ATM20,107.37
2022-01-21,ATM20,131.65
2022-01-22,ATM20,114.96
2022-01-23,ATM20,115.75
2022-01-24,ATM20,111.17
2022-01-25,ATM20,109.47
2022-01-26,ATM20,115.22
2022-01-27,ATM20,139.32
2022-01-28,ATM20,124.6
2022-01-29,ATM20,166.96
2022-01-30,ATM20,160.48
2022-01-31,ATM20,151.27
2022-02-01,ATM20,124.03
2022-02-02,ATM20,119.82
2022-02-03,ATM20,109.82
2022-02-04,ATM20,128.05
2022-02-05,ATM20,125.78
2022-02-06,ATM20,127.92
2022-02-07,ATM20,111.22
2022-02-08,ATM20,117.64
2022-02-09,ATM20,124.48
2022-02-10,ATM20,100.05
2022-02-11,ATM20,115.09
2022-02-12,ATM20,105.47
2022-02-13,ATM20,91.31
2022-02-14,ATM20,95.67
2022-02-15,ATM20,137.76
2022-02-16,ATM20,132.98
2022-02-17,ATM20,147.44
2022-02-18,ATM20,145.38
2022-02-19,ATM20,141.62
2022-02-20,ATM20,141.14
2022-02-21,ATM20,115.76
2022-02-22,ATM20,116.16
2022-02-23,ATM20,128.68
2022-02-24,ATM20,134.57
2022-02-25,ATM20,179.46
2022-02-26,ATM20,171.63
2022-02-27,ATM20,185.64
2022-02-28,ATM20,151.74
2022-03-01,ATM20,173.8
2022-03-02,ATM20,159.52
2022-03-03,ATM20,128.44
2022-03-04,ATM20,115.81
2022-03-05,ATM20,118.0
2022-03-06,ATM20,109.4
2022-03-07,ATM20,113.16
2022-03-08,ATM20,97.93
2022-03-09,ATM20,124.53
2022-03-10,ATM20,120.98
2022-03-11,ATM20,125.21
2022-03-12,ATM20,113.76
2022-03-13,ATM20,106.38
2022-03-14,ATM20,85.57
2022-03-15,ATM20,114.91
2022-03-16,ATM20,96.15
2022-03-17,ATM20,94.19
2022-03-18,ATM20,129.64
2022-03-19,ATM20,137.03
2022-03-20,ATM20,127.52
2022-03-21,ATM20,123.0
2022-03-22,ATM20,125.72
2022-03-23,ATM20,118.27
2022-03-24,ATM20,101.08
2022-03-25,ATM20,148.97
2022-03-26,ATM20,161.82
2022-03-27,ATM20,170.48
2022-03-28,ATM20,130.05
2022-03-29,ATM20,118.38
2022-03-30,ATM20,131.36
2022-03-31,ATM20,125.09
2022-04-01,ATM20,107.53
2022-04-02,ATM20,136.28
2022-04-03,ATM20,135.16
2022-04-04,ATM20,123.73
2022-04-05,ATM20,124.39
2022-04-06,ATM20,125.57
2022-04-07,ATM20,127.13
2022-04-08,ATM20,132.98
2022-04-09,ATM20,158.92
2022-04-10,ATM20,117.72
2022-04-11,ATM20,130.22
2022-04-12,ATM20,109.27
2022-04-13,ATM20,110.28
2022-04-14,ATM20,148.26
2022-04-15,ATM20,136.19
2022-04-16,ATM20,152.47
2022-04-17,ATM20,203.56
2022-04-18,ATM20,198.32
2022-04-19,ATM20,159.65
2022-04-20,ATM20,153.67
2022-04-21,ATM20,168.91
2022-04-22,ATM20,216.39
2022-04-23,ATM20,195.31
2022-04-24,ATM20,175.89
2022-04-25,ATM20,241.67
2022-04-26,ATM20,194.5
2022-04-27,ATM20,199.3
2022-04-28,ATM20,235.54
2022-04-29,ATM20,265.59
2022-04-30,ATM20,251.5
2022-05-01,ATM20,252.65
2022-05-02,ATM20,78.32
2022-05-03,ATM20,59.64
2022-05-04,ATM20,81.89
2022-05-05,ATM20,81.99
2022-05-06,ATM20,72.6
2022-05-07,ATM20,94.02
2022-05-08,ATM20,77.99
2022-05-09,ATM20,81.6
2022-05-10,ATM20,73.65
2022-05-11,ATM20,86.52
2022-05-12,ATM20,89.65
2022-05-13,ATM20,97.11
2022-05-14,ATM20,109.38
2022-05-15,ATM20,106.87
2022-05-16,ATM20,125.64
2022-05-17,ATM20,99.23
2022-05-18,ATM20,104.43
2022-05-19,ATM20,114.06
2022-05-20,ATM20,118.93
2022-05-21,ATM20,140.06
2022-05-22,ATM20,107.36
2022-05-23,ATM20,116.34
2022-05-24,ATM20,95.96
2022-05-25,ATM20,117.16
2022-05-26,ATM20,113.33
2022-05-27,ATM20,128.09
2022-05-28,ATM20,135.0
2022-05-29,ATM20,164.88
2022-05-30,ATM20,150.45
2022-05-31,ATM20,143.28
2022-06-01,ATM20,108.89
2022-06-02,ATM20,144.62
2022-06-03,ATM20,156.76
2022-06-04,ATM20,161.88
2022-06-05,ATM20,120.76
2022-06-06,ATM20,112.99
2022-06-07,ATM20,113.4
2022-06-08,ATM20,107.79
2022-06-09,ATM20,156.14
2022-06-10,ATM20,128.15
2022-06-11,ATM20,129.45
2022-06-12,ATM20,114.33
2022-06-13,ATM20,115.21
2022-06-14,ATM20,127.42
2022-06-15,ATM20,118.67
2022-06-16,ATM20,116.61
2022-06-17,ATM20,108.05
2022-06-18,ATM20,137.54
2022-06-19,ATM20,123.5
2022-06-20,ATM20,113.88
2022-06-21,ATM20,84.14
2022-06-22,ATM20,95.84
2022-06-23,ATM20,103.78
2022-06-24,ATM20,94.36
2022-06-25,ATM20,151.53
2022-06-26,ATM20,136.55
2022-06-27,ATM20,165.55
2022-06-28,ATM20,166.28
2022-06-29,ATM20,134.81
2022-06-30,ATM20,162.48
2022-07-01,ATM20,186.18
2022-07-02,ATM20,159.79
2022-07-03,ATM20,116.91
2022-07-04,ATM20,92.32
2022-07-05,ATM20,106.54
2022-07-06,ATM20,100.19
2022-07-07,ATM20,119.45
2022-07-08,ATM20,119.12
2022-07-09,ATM20,119.11
2022-07-10,ATM20,96.82
2022-07-11,ATM20,94.59
2022-07-12,ATM20,94.01
2022-07-13,ATM20,94.11
2022-07-14,ATM20,107.3
2022-07-15,ATM20,118.31
2022-07-16,ATM20,111.33
2022-07-17,ATM20,128.58
2022-07-18,ATM20,116.14
2022-07-19,ATM20,129.34
2022-07-20,ATM20,120.93
2022-07-21,ATM20,121.18
2022-07-22,ATM20,117.01
2022-07-23,ATM20,133.3
2022-07-24,ATM20,123.95
2022-07-25,ATM20,153.28
2022-07-26,ATM20,163.77
2022-07-27,ATM20,133.6
2022-07-28,ATM20,148.7
2022-07-29,ATM20,159.59
2022-07-30,ATM20,166.5
2022-07-31,ATM20,143.81
2022-08-01,ATM20,131.22
2022-08-02,ATM20,120.0
2022-08-03,ATM20,103.96
2022-08-04,ATM20,105.69
2022-08-05,ATM20,118.46
2022-08-06,ATM20,118.93
2022-08-07,ATM20,126.98
2022-08-08,ATM20,122.0
2022-08-09,ATM20,117.79
2022-08-10,ATM20,106.61
2022-08-11,ATM20,114.37
2022-08-12,ATM20,116.97
2022-08-13,ATM20,135.58
2022-08-14,ATM20,118.4
2022-08-15,ATM20,118.52
2022-08-16,ATM20,95.7
2022-08-17,ATM20,99.95
2022-08-18,ATM20,108.68
2022-08-19,ATM20,106.21
2022-08-20,ATM20,105.08
2022-08-21,ATM20,96.9
2022-08-22,ATM20,98.53
2022-08-23,ATM20,119.85
2022-08-24,ATM20,105.83
2022-08-25,ATM20,106.39
2022-08-26,ATM20,133.8
2022-08-27,ATM20,129.19
2022-08-28,ATM20,146.96
2022-08-29,ATM20,132.2
2022-08-30,ATM20,124.4
2022-08-31,ATM20,145.61
2022-09-01,ATM20,154.37
2022-09-02,ATM20,132.45
2022-09-03,ATM20,113.74
2022-09-04,ATM20,97.36
2022-09-05,ATM20,143.04
2022-09-06,ATM20,112.8
2022-09-07,ATM20,129.71
2022-09-08,ATM20,120.57
2022-09-09,ATM20,112.7
2022-09-10,ATM20,119.31
2022-09-11,ATM20,113.05
2022-09-12,ATM20,121.48
2022-09-13,ATM20,122.02
2022-09-14,ATM20,107.2
2022-09-15,ATM20,96.95
2022-09-16,ATM20,97.64
2022-09-17,ATM20,89.09
2022-09-18,ATM20,99.66
2022-09-19,ATM20,104.92
2022-09-20,ATM20,92.07
2022-09-21,ATM20,87.66
2022-09-22,ATM20,103.53
2022-09-23,ATM20,106.98
2022-09-24,ATM20,116.52
2022-09-25,ATM20,133.53
2022-09-26,ATM20,136.1
2022-09-27,ATM20,121.89
2022-09-28,ATM20,119.69
2022-09-29,ATM20,107.2
2022-09-30,ATM20,128.03
2022-10-01,ATM20,144.31
2022-10-02,ATM20,138.24
2022-10-03,ATM20,146.58
2022-10-04,ATM20,127.48
2022-10-05,ATM20,118.28
2022-10-06,ATM20,129.37
2022-10-07,ATM20,165.04
2022-10-08,ATM20,153.8
2022-10-09,ATM20,106.07
2022-10-10,ATM20,110.25
2022-10-11,ATM20,96.81
2022-10-12,ATM20,83.31
2022-10-13,ATM20,122.05
2022-10-14,ATM20,145.2
2022-10-15,ATM20,123.75
2022-10-16,ATM20,107.72
2022-10-17,ATM20,110.57
2022-10-18,ATM20,96.84
2022-10-19,ATM20,101.39
2022-10-20,ATM20,102.23
2022-10-21,ATM20,108.96
2022-10-22,ATM20,102.9
2022-10-23,ATM20,119.82
2022-10-24,ATM20,130.06
2022-10-25,ATM20,136.24
2022-10-26,ATM20,132.07
2022-10-27,ATM20,147.49
2022-10-28,ATM20,148.43
2022-10-29,ATM20,184.48
2022-10-30,ATM20,136.03
2022-10-31,ATM20,146.54
2022-11-01,ATM20,132.18
2022-11-02,ATM20,115.59
2022-11-03,ATM20,146.55
2022-11-04,ATM20,179.62
2022-11-05,ATM20,151.66
2022-11-06,ATM20,141.15
2022-11-07,ATM20,120.16
2022-11-08,ATM20,110.46
2022-11-09,ATM20,99.43
2022-11-10,ATM20,92.64
2022-11-11,ATM20,133.29
2022-11-12,ATM20,130.79
2022-11-13,ATM20,122.42
2022-11-14,ATM20,105.11
2022-11-15,ATM20,106.39
2022-11-16,ATM20,90.85
2022-11-17,ATM20,96.52
2022-11-18,ATM20,97.11
2022-11-19,ATM20,131.27
2022-11-20,ATM20,101.64
2022-11-21,ATM20,92.8
2022-11-22,ATM20,78.61
2022-11-23,ATM20,84.8
2022-11-24,ATM20,96.83
2022-11-25,ATM20,148.22
2022-11-26,ATM20,148.53
2022-11-27,ATM20,136.12
2022-11-28,ATM20,137.62
2022-11-29,ATM20,123.75
2022-11-30,ATM20,165.23
2022-12-01,ATM20,142.39
2022-12-02,ATM20,152.6
2022-12-03,ATM20,149.13
2022-12-04,ATM20,124.43
2022-12-05,ATM20,121.59
2022-12-06,ATM20,108.6
2022-12-07,ATM20,115.01
2022-12-08,ATM20,121.88
2022-12-09,ATM20,125.0
2022-12-10,ATM20,109.31
2022-12-11,ATM20,137.65
2022-12-12,ATM20,129.03
2022-12-13,ATM20,95.8
2022-12-14,ATM20,97.5
2022-12-15,ATM20,98.45
2022-12-16,ATM20,126.65
2022-12-17,ATM20,133.36
2022-12-18,ATM20,127.94
2022-12-19,ATM20,111.27
2022-12-20,ATM20,107.52
2022-12-21,ATM20,122.31
2022-12-22,ATM20,140.52
2022-12-23,ATM20,149.97
2022-12-24,ATM20,121.56
2022-12-25,ATM20,129.75
2022-12-26,ATM20,146.36
2022-12-27,ATM20,128.36
2022-12-28,ATM20,111.84
2022-12-29,ATM20,115.28
2022-12-30,ATM20,162.9
2022-12-31,ATM20,145.07
2023-01-01,ATM20,122.91
2023-01-02,ATM20,130.84
2023-01-03,ATM20,110.12
2023-01-04,ATM20,108.26
2023-01-05,ATM20,127.75
2023-01-06,ATM20,129.98
2023-01-07,ATM20,124.83
2023-01-08,ATM20,123.43
2023-01-09,ATM20,103.19
2023-01-10,ATM20,105.76
2023-01-11,ATM20,98.91
2023-01-12,ATM20,101.67
2023-01-13,ATM20,119.67
2023-01-14,ATM20,119.26
2023-01-15,ATM20,112.0
2023-01-16,ATM20,125.13
2023-01-17,ATM20,100.93
2023-01-18,ATM20,110.23
2023-01-19,ATM20,126.86
2023-01-20,ATM20,142.01
2023-01-21,ATM20,171.1
2023-01-22,ATM20,114.8
2023-01-23,ATM20,106.02
2023-01-24,ATM20,114.02
2023-01-25,ATM20,146.65
2023-01-26,ATM20,131.64
2023-01-27,ATM20,148.03
2023-01-28,ATM20,204.61
2023-01-29,ATM20,165.85
2023-01-30,ATM20,160.57
2023-01-31,ATM20,165.12
2023-02-01,ATM20,189.47
2023-02-02,ATM20,165.5
2023-02-03,ATM20,157.67
2023-02-04,ATM20,133.55
2023-02-05,ATM20,126.69
2023-02-06,ATM20,114.24
2023-02-07,ATM20,90.38
2023-02-08,ATM20,85.86
2023-02-09,ATM20,110.44
2023-02-10,ATM20,119.98
2023-02-11,ATM20,111.2
2023-02-12,ATM20,133.69
2023-02-13,ATM20,105.32
2023-02-14,ATM20,106.78
2023-02-15,ATM20,102.1
2023-02-16,ATM20,111.56
2023-02-17,ATM20,129.94
2023-02-18,ATM20,140.43
2023-02-19,ATM20,135.2
2023-02-20,ATM20,127.44
2023-02-21,ATM20,98.29
2023-02-22,ATM20,116.61
2023-02-23,ATM20,104.12
2023-02-24,ATM20,112.75
2023-02-25,ATM20,139.89
2023-02-26,ATM20,143.39
2023-02-27,ATM20,128.63
2023-02-28,ATM20,123.29
2023-03-01,ATM20,150.5
2023-03-02,ATM20,125.77
2023-03-03,ATM20,121.2
2023-03-04,ATM20,114.3
2023-03-05,ATM20,126.69
2023-03-06,ATM20,110.61
2023-03-07,ATM20,109.91
2023-03-08,ATM20,96.54
2023-03-09,ATM20,127.81
2023-03-10,ATM20,122.75
2023-03-11,ATM20,127.73
2023-03-12,ATM20,131.14
2023-03-13,ATM20,102.66
2023-03-14,ATM20,95.76
2023-03-15,ATM20,103.54
2023-03-16,ATM20,91.27
2023-03-17,ATM20,89.52
2023-03-18,ATM20,99.68
2023-03-19,ATM20,94.41
2023-03-20,ATM20,97.81
2023-03-21,ATM20,106.15
2023-03-22,ATM20,115.55
2023-03-23,ATM20,141.98
2023-03-24,ATM20,130.65
2023-03-25,ATM20,157.8
2023-03-26,ATM20,145.05
2023-03-27,ATM20,141.07
2023-03-28,ATM20,136.44
2023-03-29,ATM20,145.7
2023-03-30,ATM20,157.89
2023-03-31,ATM20,160.75
2023-04-01,ATM20,194.01
2023-04-02,ATM20,171.64
2023-04-03,ATM20,133.04
2023-04-04,ATM20,126.73
2023-04-05,ATM20,134.53
2023-04-06,ATM20,133.27
2023-04-07,ATM20,146.2
2023-04-08,ATM20,150.2
2023-04-09,ATM20,170.36
2023-04-10,ATM20,168.52
2023-04-11,ATM20,134.62
2023-04-12,ATM20,143.1
2023-04-13,ATM20,206.65
2023-04-14,ATM20,222.76
2023-04-15,ATM20,235.14
2023-04-16,ATM20,202.09
2023-04-17,ATM20,206.78
2023-04-18,ATM20,199.01
2023-04-19,ATM20,186.19
2023-04-20,ATM20,199.27
2023-04-21,ATM20,214.07
2023-04-22,ATM20,54.11
2023-04-23,ATM20,50.0
2023-04-24,ATM20,59.0
2023-04-25,ATM20,65.77
2023-04-26,ATM20,69.15
2023-04-27,ATM20,64.49
2023-04-28,ATM20,83.56
2023-04-29,ATM20,119.98
2023-04-30,ATM20,122.11
2023-05-01,ATM20,112.9
2023-05-02,ATM20,120.62
2023-05-03,ATM20,106.26
2023-05-04,ATM20,112.86
2023-05-05,ATM20,109.63
2023-05-06,ATM20,135.91
2023-05-07,ATM20,135.86
2023-05-08,ATM20,117.12
2023-05-09,ATM20,118.61
2023-05-10,ATM20,100.69
2023-05-11,ATM20,101.79
2023-05-12,ATM20,122.48
2023-05-13,ATM20,131.35
2023-05-14,ATM20,117.8
2023-05-15,ATM20,107.7
2023-05-16,ATM20,106.38
2023-05-17,ATM20,86.79
2023-05-18,ATM20,93.84
2023-05-19,ATM20,94.31
2023-05-20,ATM20,111.48
2023-05-21,ATM20,126.48
2023-05-22,ATM20,121.71
2023-05-23,ATM20,104.19
2023-05-24,ATM20,97.31
2023-05-25,ATM20,118.57
2023-05-26,ATM20,165.82
2023-05-27,ATM20,159.79
2023-05-28,ATM20,149.04
2023-05-29,ATM20,108.93
2023-05-30,ATM20,101.76
2023-05-31,ATM20,114.44
2023-06-01,ATM20,108.73
2023-06-02,ATM20,136.13
2023-06-03,ATM20,129.85
2023-06-04,ATM20,132.47
2023-06-05,ATM20,99.06
2023-06-06,ATM20,91.8
2023-06-07,ATM20,101.39
2023-06-08,ATM20,105.08
2023-06-09,ATM20,113.7
2023-06-10,ATM20,119.27
2023-06-11,ATM20,106.45
2023-06-12,ATM20,109.04
2023-06-13,ATM20,111.25
2023-06-14,ATM20,108.98
2023-06-15,ATM20,122.15
2023-06-16,ATM20,95.96
2023-06-17,ATM20,105.05
2023-06-18,ATM20,120.34
2023-06-19,ATM20,102.54
2023-06-20,ATM20,91.28
2023-06-21,ATM20,97.59
2023-06-22,ATM20,107.13
2023-06-23,ATM20,108.29
2023-06-24,ATM20,144.85
2023-06-25,ATM20,156.05
2023-06-26,ATM20,126.84
2023-06-27,ATM20,105.77
2023-06-28,ATM20,122.17
2023-06-29,ATM20,106.67
2023-06-30,ATM20,168.3
2023-07-01,ATM20,167.06
2023-07-02,ATM20,157.91
2023-07-03,ATM20,127.81
2023-07-04,ATM20,131.34
2023-07-05,ATM20,92.41
2023-07-06,ATM20,94.67
2023-07-07,ATM20,125.59
2023-07-08,ATM20,153.86
2023-07-09,ATM20,116.62
2023-07-10,ATM20,88.58
2023-07-11,ATM20,97.07
2023-07-12,ATM20,107.19
2023-07-13,ATM20,113.67
2023-07-14,ATM20,117.05
2023-07-15,ATM20,99.8
2023-07-16,ATM20,102.14
2023-07-17,ATM20,102.03
2023-07-18,ATM20,95.58
2023-07-19,ATM20,81.68
2023-07-20,ATM20,105.51
2023-07-21,ATM20,125.28
2023-07-22,ATM20,115.55
2023-07-23,ATM20,111.36
2023-07-24,ATM20,102.93
2023-07-25,ATM20,115.88
2023-07-26,ATM20,128.35
2023-07-27,ATM20,141.83
2023-07-28,ATM20,161.83
2023-07-29,ATM20,175.59
2023-07-30,ATM20,148.79
2023-07-31,ATM20,187.1
2023-08-01,ATM20,174.72
2023-08-02,ATM20,135.98
2023-08-03,ATM20,123.13
2023-08-04,ATM20,101.26
2023-08-05,ATM20,118.59
2023-08-06,ATM20,142.64
2023-08-07,ATM20,170.26
2023-08-08,ATM20,130.11
2023-08-09,ATM20,124.03
2023-08-10,ATM20,124.17
2023-08-11,ATM20,152.21
2023-08-12,ATM20,123.41
2023-08-13,ATM20,156.63
2023-08-14,ATM20,122.27
2023-08-15,ATM20,96.69
2023-08-16,ATM20,97.81
2023-08-17,ATM20,88.21
2023-08-18,ATM20,115.21
2023-08-19,ATM20,101.11
2023-08-20,ATM20,108.56
2023-08-21,ATM20,115.45
2023-08-22,ATM20,126.11
2023-08-23,ATM20,122.95
2023-08-24,ATM20,138.8
2023-08-25,ATM20,144.4
2023-08-26,ATM20,154.91
2023-08-27,ATM20,111.99
2023-08-28,ATM20,118.77
2023-08-29,ATM20,125.12
2023-08-30,ATM20,132.39
2023-08-31,ATM20,114.06
2023-09-01,ATM20,124.66
2023-09-02,ATM20,135.02
2023-09-03,ATM20,113.31
2023-09-04,ATM20,122.26
2023-09-05,ATM20,110.76
2023-09-06,ATM20,112.25
2023-09-07,ATM20,111.41
2023-09-08,ATM20,135.16
2023-09-09,ATM20,152.34
2023-09-10,ATM20,120.9
2023-09-11,ATM20,153.96
2023-09-12,ATM20,111.97
2023-09-13,ATM20,120.67
2023-09-14,ATM20,105.91
2023-09-15,ATM20,123.86
2023-09-16,ATM20,135.04
2023-09-17,ATM20,108.76
2023-09-18,ATM20,105.72
2023-09-19,ATM20,126.28
2023-09-20,ATM20,104.22
2023-09-21,ATM20,115.02
2023-09-22,ATM20,122.46
2023-09-23,ATM20,123.84
2023-09-24,ATM20,96.61
2023-09-25,ATM20,133.62
2023-09-26,ATM20,126.42
2023-09-27,ATM20,142.29
2023-09-28,ATM20,143.51
2023-09-29,ATM20,145.11
2023-09-30,ATM20,154.61
2023-10-01,ATM20,128.04
2023-10-02,ATM20,151.34
2023-10-03,ATM20,113.15
2023-10-04,ATM20,107.56
2023-10-05,ATM20,132.76
2023-10-06,ATM20,133.49
2023-10-07,ATM20,130.03
2023-10-08,ATM20,129.02
2023-10-09,ATM20,127.98
2023-10-10,ATM20,107.63
2023-10-11,ATM20,117.27
2023-10-12,ATM20,100.8
2023-10-13,ATM20,114.35
2023-10-14,ATM20,131.6
2023-10-15,ATM20,128.49
2023-10-16,ATM20,90.22
2023-10-17,ATM20,94.29
2023-10-18,ATM20,87.32
2023-10-19,ATM20,116.89
2023-10-20,ATM20,113.72
2023-10-21,ATM20,136.74
2023-10-22,ATM20,106.75
2023-10-23,ATM20,110.82
2023-10-24,ATM20,104.93
2023-10-25,ATM20,170.25
2023-10-26,ATM20,172.39
2023-10-27,ATM20,176.62
2023-10-28,ATM20,202.35
2023-10-29,ATM20,165.97
2023-10-30,ATM20,141.54
2023-10-31,ATM20,126.34
2023-11-01,ATM20,130.38
2023-11-02,ATM20,98.99
2023-11-03,ATM20,107.52
2023-11-04,ATM20,123.96
2023-11-05,ATM20,118.43
2023-11-06,ATM20,97.0
2023-11-07,ATM20,100.22
2023-11-08,ATM20,89.37
2023-11-09,ATM20,128.56
2023-11-10,ATM20,117.21
2023-11-11,ATM20,96.98
2023-11-12,ATM20,102.1
2023-11-13,ATM20,114.7
2023-11-14,ATM20,108.44
2023-11-15,ATM20,95.98
2023-11-16,ATM20,98.13
2023-11-17,ATM20,106.17
2023-11-18,ATM20,110.85
2023-11-19,ATM20,96.53
2023-11-20,ATM20,100.57
2023-11-21,ATM20,86.54
2023-11-22,ATM20,106.39
2023-11-23,ATM20,124.56
2023-11-24,ATM20,109.2
2023-11-25,ATM20,130.62
2023-11-26,ATM20,125.92
2023-11-27,ATM20,125.76
2023-11-28,ATM20,125.97
2023-11-29,ATM20,131.97
2023-11-30,ATM20,141.48
2023-12-01,ATM20,169.31
2023-12-02,ATM20,159.61
2023-12-03,ATM20,110.47
2023-12-04,ATM20,93.06
2023-12-05,ATM20,119.55
2023-12-06,ATM20,120.97
2023-12-07,ATM20,123.81
2023-12-08,ATM20,131.83
2023-12-09,ATM20,134.63
2023-12-10,ATM20,123.5
2023-12-11,ATM20,108.54
2023-12-12,ATM20,116.35
2023-12-13,ATM20,103.25
2023-12-14,ATM20,98.79
2023-12-15,ATM20,98.41
2023-12-16,ATM20,114.1
2023-12-17,ATM20,134.53
2023-12-18,ATM20,116.54
2023-12-19,ATM20,95.86
2023-12-20,ATM20,107.88
2023-12-21,ATM20,108.04
2023-12-22,ATM20,141.27
2023-12-23,ATM20,155.06
2023-12-24,ATM20,116.77
2023-12-25,ATM20,121.79
2023-12-26,ATM20,121.34
2023-12-27,ATM20,113.07
2023-12-28,ATM20,130.19
2023-12-29,ATM20,156.69
2023-12-30,ATM20,158.09
2023-12-31,ATM20,141.43
2024-01-01,ATM20,90.52
2024-01-02,ATM20,102.75
2024-01-03,ATM20,107.21
2024-01-04,ATM20,98.76
2024-01-05,ATM20,130.33
2024-01-06,ATM20,123.24
2024-01-07,ATM20,122.36
2024-01-08,ATM20,111.12
2024-01-09,ATM20,94.86
2024-01-10,ATM20,101.88
2024-01-11,ATM20,101.41
2024-01-12,ATM20,101.17
2024-01-13,ATM20,87.41
2024-01-14,ATM20,114.66
2024-01-15,ATM20,109.24
2024-01-16,ATM20,117.14
2024-01-17,ATM20,117.26
2024-01-18,ATM20,130.26
2024-01-19,ATM20,116.6
2024-01-20,ATM20,104.01
2024-01-21,ATM20,116.8
2024-01-22,ATM20,111.62
2024-01-23,ATM20,99.46
2024-01-24,ATM20,110.37
2024-01-25,ATM20,139.27
2024-01-26,ATM20,151.58
2024-01-27,ATM20,134.42
2024-01-28,ATM20,148.33
2024-01-29,ATM20,135.34
2024-01-30,ATM20,142.16
2024-01-31,ATM20,146.84
2024-02-01,ATM20,152.03
2024-02-02,ATM20,145.14
2024-02-03,ATM20,140.83
2024-02-04,ATM20,143.51
2024-02-05,ATM20,133.16
2024-02-06,ATM20,119.59
2024-02-07,ATM20,123.31
2024-02-08,ATM20,114.85
2024-02-09,ATM20,142.83
2024-02-10,ATM20,96.46
2024-02-11,ATM20,109.15
2024-02-12,ATM20,101.96
2024-02-13,ATM20,93.57
2024-02-14,ATM20,102.23
2024-02-15,ATM20,95.67
2024-02-16,ATM20,136.62
2024-02-17,ATM20,111.79
2024-02-18,ATM20,99.77
2024-02-19,ATM20,91.24
2024-02-20,ATM20,97.58
2024-02-21,ATM20,112.59
2024-02-22,ATM20,119.77
2024-02-23,ATM20,140.22
2024-02-24,ATM20,119.78
2024-02-25,ATM20,147.39
2024-02-26,ATM20,130.4
2024-02-27,ATM20,127.05
2024-02-28,ATM20,141.56
2024-02-29,ATM20,114.96
2024-03-01,ATM20,161.05
2024-03-02,ATM20,151.86
2024-03-03,ATM20,103.98
2024-03-04,ATM20,99.7
2024-03-05,ATM20,103.69
2024-03-06,ATM20,98.94
2024-03-07,ATM20,87.85
2024-03-08,ATM20,108.18
2024-03-09,ATM20,111.26
2024-03-10,ATM20,115.56
2024-03-11,ATM20,97.12
2024-03-12,ATM20,125.8
2024-03-13,ATM20,119.33
2024-03-14,ATM20,118.45
2024-03-15,ATM20,126.94
2024-03-16,ATM20,102.56
2024-03-17,ATM20,100.76
2024-03-18,ATM20,124.91
2024-03-19,ATM20,106.01
2024-03-20,ATM20,108.59
2024-03-21,ATM20,113.16
2024-03-22,ATM20,149.59
2024-03-23,ATM20,147.19
2024-03-24,ATM20,124.83
2024-03-25,ATM20,210.34
2024-03-26,ATM20,157.05
2024-03-27,ATM20,165.23
2024-03-28,ATM20,166.95
2024-03-29,ATM20,177.85
2024-03-30,ATM20,183.37
2024-03-31,ATM20,187.06
2024-04-01,ATM20,220.55
2024-04-02,ATM20,170.54
2024-04-03,ATM20,197.4
2024-04-04,ATM20,233.67
2024-04-05,ATM20,246.18
2024-04-06,ATM20,251.11
2024-04-07,ATM20,244.08
2024-04-08,ATM20,269.42
2024-04-09,ATM20,195.52
2024-04-10,ATM20,57.29
2024-04-11,ATM20,54.61
2024-04-12,ATM20,72.43
2024-04-13,ATM20,68.61
2024-04-14,ATM20,72.37
2024-04-15,ATM20,56.25
2024-04-16,ATM20,48.0
2024-04-17,ATM20,58.95
2024-04-18,ATM20,83.83
2024-04-19,ATM20,94.6
2024-04-20,ATM20,105.76
2024-04-21,ATM20,111.27
2024-04-22,ATM20,99.33
2024-04-23,ATM20,105.34
2024-04-24,ATM20,99.75
2024-04-25,ATM20,123.69
2024-04-26,ATM20,130.57
2024-04-27,ATM20,131.85
2024-04-28,ATM20,130.48
2024-04-29,ATM20,123.71
2024-04-30,ATM20,111.58
2024-05-01,ATM20,104.41
2024-05-02,ATM20,128.38
2024-05-03,ATM20,106.07
2024-05-04,ATM20,124.65
2024-05-05,ATM20,113.34
2024-05-06,ATM20,113.95
2024-05-07,ATM20,100.87
2024-05-08,ATM20,118.0
2024-05-09,ATM20,131.91
2024-05-10,ATM20,107.67
2024-05-11,ATM20,122.93
2024-05-12,ATM20,134.98
2024-05-13,ATM20,105.2
2024-05-14,ATM20,92.12
2024-05-15,ATM20,105.93
2024-05-16,ATM20,94.84
2024-05-17,ATM20,98.14
2024-05-18,ATM20,99.5
2024-05-19,ATM20,113.61
2024-05-20,ATM20,100.09
2024-05-21,ATM20,96.02
2024-05-22,ATM20,91.64
2024-05-23,ATM20,116.37
2024-05-24,ATM20,106.6
2024-05-25,ATM20,118.65
2024-05-26,ATM20,106.75
2024-05-27,ATM20,125.27
2024-05-28,ATM20,131.76
2024-05-29,ATM20,145.46
2024-05-30,ATM20,121.46
2024-05-31,ATM20,128.68
2024-06-01,ATM20,163.19
2024-06-02,ATM20,146.48
2024-06-03,ATM20,111.07
2024-06-04,ATM20,106.88
2024-06-05,ATM20,114.21
2024-06-06,ATM20,123.63
2024-06-07,ATM20,116.12
2024-06-08,ATM20,116.06
2024-06-09,ATM20,111.96
2024-06-10,ATM20,96.36
2024-06-11,ATM20,84.93
2024-06-12,ATM20,114.76
2024-06-13,ATM20,108.4
2024-06-14,ATM20,109.08
2024-06-15,ATM20,112.49
2024-06-16,ATM20,109.44
2024-06-17,ATM20,100.13
2024-06-18,ATM20,98.58
2024-06-19,ATM20,113.97
2024-06-20,ATM20,120.65
2024-06-21,ATM20,116.45
2024-06-22,ATM20,111.46
2024-06-23,ATM20,123.86
2024-06-24,ATM20,110.11
2024-06-25,ATM20,108.06
2024-06-26,ATM20,129.56
2024-06-27,ATM20,122.1
2024-06-28,ATM20,145.37
2024-06-29,ATM20,111.07
2024-06-30,ATM20,116.46
2024-07-01,ATM20,136.89
2024-07-02,ATM20,125.89
2024-07-03,ATM20,116.98
2024-07-04,ATM20,106.8
2024-07-05,ATM20,120.68
2024-07-06,ATM20,125.81
2024-07-07,ATM20,123.03
2024-07-08,ATM20,144.31
2024-07-09,ATM20,138.87
2024-07-10,ATM20,124.54
2024-07-11,ATM20,128.32
2024-07-12,ATM20,110.51
2024-07-13,ATM20,111.11
2024-07-14,ATM20,92.64
2024-07-15,ATM20,85.45
2024-07-16,ATM20,83.46
2024-07-17,ATM20,92.85
2024-07-18,ATM20,89.9
2024-07-19,ATM20,103.58
2024-07-20,ATM20,111.71
2024-07-21,ATM20,96.99
2024-07-22,ATM20,118.59
2024-07-23,ATM20,92.14
2024-07-24,ATM20,110.09
2024-07-25,ATM20,103.97
2024-07-26,ATM20,120.82
2024-07-27,ATM20,117.96
2024-07-28,ATM20,115.79
2024-07-29,ATM20,146.44
2024-07-30,ATM20,124.67
2024-07-31,ATM20,109.17
2024-08-01,ATM20,128.97
2024-08-02,ATM20,129.98
2024-08-03,ATM20,124.85
2024-08-04,ATM20,107.79
2024-08-05,ATM20,98.64
2024-08-06,ATM20,92.83
2024-08-07,ATM20,110.05
2024-08-08,ATM20,111.72
2024-08-09,ATM20,105.43
2024-08-10,ATM20,113.45
2024-08-11,ATM20,111.49
2024-08-12,ATM20,113.59
2024-08-13,ATM20,99.04
2024-08-14,ATM20,99.61
2024-08-15,ATM20,111.06
2024-08-16,ATM20,102.23
2024-08-17,ATM20,111.91
2024-08-18,ATM20,115.35
2024-08-19,ATM20,95.9
2024-08-20,ATM20,85.63
2024-08-21,ATM20,93.05
2024-08-22,ATM20,96.75
2024-08-23,ATM20,116.61
2024-08-24,ATM20,115.92
2024-08-25,ATM20,138.36
2024-08-26,ATM20,118.26
2024-08-27,ATM20,117.17
2024-08-28,ATM20,138.35
2024-08-29,ATM20,133.59
2024-08-30,ATM20,129.04
2024-08-31,ATM20,125.82
2024-09-01,ATM20,127.61
2024-09-02,ATM20,146.13
2024-09-03,ATM20,98.2
2024-09-04,ATM20,102.67
2024-09-05,ATM20,91.81
2024-09-06,ATM20,103.39
2024-09-07,ATM20,120.36
2024-09-08,ATM20,98.36
2024-09-09,ATM20,98.97
2024-09-10,ATM20,98.57
2024-09-11,ATM20,101.57
2024-09-12,ATM20,110.86
2024-09-13,ATM20,102.4
2024-09-14,ATM20,116.37
2024-09-15,ATM20,104.47
2024-09-16,ATM20,111.83
2024-09-17,ATM20,80.28
2024-09-18,ATM20,88.38
2024-09-19,ATM20,101.39
2024-09-20,ATM20,126.97
2024-09-21,ATM20,125.31
2024-09-22,ATM20,117.75
2024-09-23,ATM20,113.66
2024-09-24,ATM20,119.64
2024-09-25,ATM20,125.59
2024-09-26,ATM20,111.25
2024-09-27,ATM20,105.82
2024-09-28,ATM20,135.95
2024-09-29,ATM20,135.5
2024-09-30,ATM20,124.81
2024-10-01,ATM20,112.64
2024-10-02,ATM20,119.75
2024-10-03,ATM20,114.82
2024-10-04,ATM20,125.91
2024-10-05,ATM20,112.94
2024-10-06,ATM20,93.53
2024-10-07,ATM20,91.76
2024-10-08,ATM20,84.18
2024-10-09,ATM20,82.4
2024-10-10,ATM20,112.38
2024-10-11,ATM20,89.24
2024-10-12,ATM20,111.41
2024-10-13,ATM20,120.74
2024-10-14,ATM20,122.82
2024-10-15,ATM20,111.16
2024-10-16,ATM20,121.97
2024-10-17,ATM20,140.86
2024-10-18,ATM20,122.58
2024-10-19,ATM20,128.15
2024-10-20,ATM20,133.86
2024-10-21,ATM20,104.94
2024-10-22,ATM20,97.74
2024-10-23,ATM20,92.9
2024-10-24,ATM20,107.71
2024-10-25,ATM20,109.34
2024-10-26,ATM20,149.98
2024-10-27,ATM20,146.34
2024-10-28,ATM20,141.61
2024-10-29,ATM20,97.91
2024-10-30,ATM20,98.16
2024-10-31,ATM20,136.64
2024-11-01,ATM20,135.42
2024-11-02,ATM20,116.6
2024-11-03,ATM20,111.48
2024-11-04,ATM20,118.15
2024-11-05,ATM20,115.86
2024-11-06,ATM20,109.03
2024-11-07,ATM20,128.64
2024-11-08,ATM20,116.16
2024-11-09,ATM20,130.34
2024-11-10,ATM20,115.78
2024-11-11,ATM20,106.4
2024-11-12,ATM20,96.81
2024-11-13,ATM20,95.31
2024-11-14,ATM20,103.82
2024-11-15,ATM20,106.82
2024-11-16,ATM20,124.12
2024-11-17,ATM20,107.96
2024-11-18,ATM20,124.27
2024-11-19,ATM20,101.5
2024-11-20,ATM20,111.84
2024-11-21,ATM20,123.56
2024-11-22,ATM20,121.45
2024-11-23,ATM20,122.3
2024-11-24,ATM20,104.95
2024-11-25,ATM20,117.02
2024-11-26,ATM20,119.22
2024-11-27,ATM20,119.49
2024-11-28,ATM20,144.11
2024-11-29,ATM20,134.35
2024-11-30,ATM20,134.29
2024-12-01,ATM20,109.13
2024-12-02,ATM20,124.61
2024-12-03,ATM20,112.34
2024-12-04,ATM20,121.55
2024-12-05,ATM20,133.39
2024-12-06,ATM20,138.91
2024-12-07,ATM20,145.65
2024-12-08,ATM20,135.74
2024-12-09,ATM20,130.07
2024-12-10,ATM20,87.75
2024-12-11,ATM20,83.79
2024-12-12,ATM20,84.84
2024-12-13,ATM20,115.67
2024-12-14,ATM20,108.73
2024-12-15,ATM20,108.65
2024-12-16,ATM20,109.34
2024-12-17,ATM20,92.8
2024-12-18,ATM20,105.46
2024-12-19,ATM20,89.2
2024-12-20,ATM20,94.26
2024-12-21,ATM20,115.21
2024-12-22,ATM20,100.59
2024-12-23,ATM20,121.71
2024-12-24,ATM20,112.19
2024-12-25,ATM20,134.69
2024-12-26,ATM20,151.72
2024-12-27,ATM20,150.38
2024-12-28,ATM20,137.74
2024-12-29,ATM20,152.96
2024-12-30,ATM20,147.79
2024-12-31,ATM20,169.3
2025-01-01,ATM20,133.67
2025-01-02,ATM20,133.33
2025-01-03,ATM20,124.14
2025-01-04,ATM20,132.19
2025-01-05,ATM20,137.89
2025-01-06,ATM20,139.08
2025-01-07,ATM20,115.16
2025-01-08,ATM20,96.4
2025-01-09,ATM20,87.32
2025-01-10,ATM20,87.44
2025-01-11,ATM20,97.77
2025-01-12,ATM20,121.01
2025-01-13,ATM20,129.75
2025-01-14,ATM20,122.25
2025-01-15,ATM20,125.47
2025-01-16,ATM20,107.97
2025-01-17,ATM20,94.73
2025-01-18,ATM20,96.8
2025-01-19,ATM20,81.59
2025-01-20,ATM20,81.31
2025-01-21,ATM20,84.28
2025-01-22,ATM20,94.38
2025-01-23,ATM20,104.17
2025-01-24,ATM20,102.04
2025-01-25,ATM20,142.79
2025-01-26,ATM20,124.79
2025-01-27,ATM20,123.1
2025-01-28,ATM20,105.03
2025-01-29,ATM20,114.7
2025-01-30,ATM20,130.13
2025-01-31,ATM20,144.89
2025-02-01,ATM20,126.51
2025-02-02,ATM20,129.64
2025-02-03,ATM20,117.64
2025-02-04,ATM20,86.71
2025-02-05,ATM20,110.12
2025-02-06,ATM20,98.94
2025-02-07,ATM20,113.59
2025-02-08,ATM20,147.33
2025-02-09,ATM20,141.26
2025-02-10,ATM20,97.18
2025-02-11,ATM20,94.57
2025-02-12,ATM20,111.66
2025-02-13,ATM20,101.08
2025-02-14,ATM20,104.27
2025-02-15,ATM20,108.03
2025-02-16,ATM20,114.01
2025-02-17,ATM20,90.09
2025-02-18,ATM20,99.82
2025-02-19,ATM20,93.24
2025-02-20,ATM20,101.8
2025-02-21,ATM20,106.13
2025-02-22,ATM20,121.35
2025-02-23,ATM20,112.53
2025-02-24,ATM20,124.22
2025-02-25,ATM20,144.01
2025-02-26,ATM20,119.23
2025-02-27,ATM20,146.2
2025-02-28,ATM20,146.55
2025-03-01,ATM20,147.9
2025-03-02,ATM20,149.57
2025-03-03,ATM20,104.9
2025-03-04,ATM20,88.46
2025-03-05,ATM20,97.85
2025-03-06,ATM20,100.55
2025-03-07,ATM20,140.23
2025-03-08,ATM20,122.16
2025-03-09,ATM20,117.24
2025-03-10,ATM20,112.48
2025-03-11,ATM20,126.32
2025-03-12,ATM20,109.05
2025-03-13,ATM20,102.57
2025-03-14,ATM20,145.51
2025-03-15,ATM20,154.12
2025-03-16,ATM20,163.31
2025-03-17,ATM20,166.95
2025-03-18,ATM20,169.94
2025-03-19,ATM20,152.79
2025-03-20,ATM20,151.36
2025-03-21,ATM20,135.55
2025-03-22,ATM20,149.96
2025-03-23,ATM20,167.36
2025-03-24,ATM20,159.62
2025-03-25,ATM20,176.05
2025-03-26,ATM20,200.59
2025-03-27,ATM20,261.74
2025-03-28,ATM20,263.09
2025-03-29,ATM20,243.27
2025-03-30,ATM20,289.75
2025-03-31,ATM20,65.01
2025-04-01,ATM20,74.41
2025-04-02,ATM20,74.23
2025-04-03,ATM20,68.45
2025-04-04,ATM20,84.06
2025-04-05,ATM20,68.58
2025-04-06,ATM20,60.47
2025-04-07,ATM20,65.18
2025-04-08,ATM20,69.42
2025-04-09,ATM20,102.85
2025-04-10,ATM20,85.48
2025-04-11,ATM20,81.67
2025-04-12,ATM20,87.98
2025-04-13,ATM20,99.48
2025-04-14,ATM20,108.08
2025-04-15,ATM20,93.3
2025-04-16,ATM20,96.81
2025-04-17,ATM20,128.03
2025-04-18,ATM20,120.74
2025-04-19,ATM20,124.36
2025-04-20,ATM20,139.97
2025-04-21,ATM20,108.01
2025-04-22,ATM20,92.66
2025-04-23,ATM20,91.41
2025-04-24,ATM20,95.01
2025-04-25,ATM20,103.25
2025-04-26,ATM20,125.53
2025-04-27,ATM20,129.24
2025-04-28,ATM20,121.82
2025-04-29,ATM20,120.81
2025-04-30,ATM20,123.31
2025-05-01,ATM20,99.14
2025-05-02,ATM20,128.18
2025-05-03,ATM20,127.96
2025-05-04,ATM20,99.7
2025-05-05,ATM20,121.34
2025-05-06,ATM20,95.65
2025-05-07,ATM20,88.89
2025-05-08,ATM20,104.91
2025-05-09,ATM20,120.29
2025-05-10,ATM20,127.03
2025-05-11,ATM20,121.98
2025-05-12,ATM20,103.42
2025-05-13,ATM20,99.91
2025-05-14,ATM20,96.06
2025-05-15,ATM20,104.85
2025-05-16,ATM20,110.6
2025-05-17,ATM20,109.01
2025-05-18,ATM20,103.0
2025-05-19,ATM20,82.75
2025-05-20,ATM20,97.8
2025-05-21,ATM20,101.75
2025-05-22,ATM20,81.87
2025-05-23,ATM20,107.13
2025-05-24,ATM20,112.89
2025-05-25,ATM20,117.64
2025-05-26,ATM20,106.32
2025-05-27,ATM20,102.37
2025-05-28,ATM20,100.27
2025-05-29,ATM20,106.12
2025-05-30,ATM20,147.0
2025-05-31,ATM20,150.71
2025-06-01,ATM20,153.99
2025-06-02,ATM20,144.36
2025-06-03,ATM20,119.25
2025-06-04,ATM20,100.84
2025-06-05,ATM20,106.45
2025-06-06,ATM20,101.69
2025-06-07,ATM20,128.48
2025-06-08,ATM20,118.2
2025-06-09,ATM20,115.71
2025-06-10,ATM20,104.57
2025-06-11,ATM20,98.06
2025-06-12,ATM20,99.14
2025-06-13,ATM20,99.31
2025-06-14,ATM20,123.48
2025-06-15,ATM20,109.33
2025-06-16,ATM20,107.89
2025-06-17,ATM20,98.72
2025-06-18,ATM20,111.0
2025-06-19,ATM20,88.05
2025-06-20,ATM20,104.73
2025-06-21,ATM20,97.77
2025-06-22,ATM20,106.18
2025-06-23,ATM20,101.02
2025-06-24,ATM20,82.84
2025-06-25,ATM20,113.62
2025-06-26,ATM20,125.42
2025-06-27,ATM20,127.96
2025-06-28,ATM20,134.18
2025-06-29,ATM20,131.94
2025-06-30,ATM20,142.4
2025-07-01,ATM20,121.44
2025-07-02,ATM20,133.87
2025-07-03,ATM20,115.85
2025-07-04,ATM20,136.37
2025-07-05,ATM20,127.09
2025-07-06,ATM20,109.75
2025-07-07,ATM20,95.29
2025-07-08,ATM20,97.6
2025-07-09,ATM20,92.87
2025-07-10,ATM20,114.85
2025-07-11,ATM20,103.62
2025-07-12,ATM20,103.42
2025-07-13,ATM20,111.09
2025-07-14,ATM20,119.24
2025-07-15,ATM20,113.7
2025-07-16,ATM20,118.06
2025-07-17,ATM20,111.51
2025-07-18,ATM20,111.68
2025-07-19,ATM20,143.94
2025-07-20,ATM20,145.58
2025-07-21,ATM20,127.81
2025-07-22,ATM20,122.21
2025-07-23,ATM20,119.26
2025-07-24,ATM20,98.94
2025-07-25,ATM20,127.32
2025-07-26,ATM20,159.44
2025-07-27,ATM20,151.41
2025-07-28,ATM20,131.97
2025-07-29,ATM20,143.21
2025-07-30,ATM20,134.13
2025-07-31,ATM20,143.03
2025-08-01,ATM20,144.85
2025-08-02,ATM20,152.05
2025-08-03,ATM20,129.33
2025-08-04,ATM20,133.36
2025-08-05,ATM20,133.19
2025-08-06,ATM20,110.75
2025-08-07,ATM20,117.24
2025-08-08,ATM20,136.49
2025-08-09,ATM20,128.37
2025-08-10,ATM20,96.74
2025-08-11,ATM20,88.86
2025-08-12,ATM20,83.68
2025-08-13,ATM20,86.92
2025-08-14,ATM20,90.16
2025-08-15,ATM20,114.33
2025-08-16,ATM20,112.93
2025-08-17,ATM20,111.89
2025-08-18,ATM20,97.05
2025-08-19,ATM20,91.82
2025-08-20,ATM20,96.38
2025-08-21,ATM20,112.06
2025-08-22,ATM20,127.63
2025-08-23,ATM20,115.26
2025-08-24,ATM20,121.79
2025-08-25,ATM20,108.55
2025-08-26,ATM20,122.1
2025-08-27,ATM20,103.28
2025-08-28,ATM20,122.73
2025-08-29,ATM20,146.7
2025-08-30,ATM20,158.63
2025-08-31,ATM20,116.32
2025-09-01,ATM20,112.16
2025-09-02,ATM20,121.78
2025-09-03,ATM20,113.87
2025-09-04,ATM20,117.52
2025-09-05,ATM20,93.12
2025-09-06,ATM20,124.92
2025-09-07,ATM20,135.9
2025-09-08,ATM20,120.13
2025-09-09,ATM20,111.14
2025-09-10,ATM20,106.78
2025-09-11,ATM20,125.91
2025-09-12,ATM20,121.78
2025-09-13,ATM20,117.12
2025-09-14,ATM20,114.56
2025-09-15,ATM20,105.64
2025-09-16,ATM20,99.03
2025-09-17,ATM20,81.06
2025-09-18,ATM20,100.28
2025-09-19,ATM20,121.61
2025-09-20,ATM20,133.68
2025-09-21,ATM20,129.4
2025-09-22,ATM20,111.04
2025-09-23,ATM20,102.88
2025-09-24,ATM20,114.12
2025-09-25,ATM20,145.74
2025-09-26,ATM20,164.61
2025-09-27,ATM20,140.52
2025-09-28,ATM20,122.24
2025-09-29,ATM20,115.99
2025-09-30,ATM20,102.85
2025-10-01,ATM20,95.64
2025-10-02,ATM20,118.64
2025-10-03,ATM20,117.58
2025-10-04,ATM20,124.77
2025-10-05,ATM20,121.21
2025-10-06,ATM20,95.26
2025-10-07,ATM20,92.49
2025-10-08,ATM20,95.33
2025-10-09,ATM20,105.61
2025-10-10,ATM20,90.68
2025-10-11,ATM20,94.45
2025-10-12,ATM20,94.9
2025-10-13,ATM20,109.02
2025-10-14,ATM20,103.23
2025-10-15,ATM20,112.06
2025-10-16,ATM20,107.91
2025-10-17,ATM20,110.34
2025-10-18,ATM20,120.65
2025-10-19,ATM20,108.99
2025-10-20,ATM20,96.38
2025-10-21,ATM20,80.52
2025-10-22,ATM20,83.82
2025-10-23,ATM20,105.19
2025-10-24,ATM20,125.25
2025-10-25,ATM20,133.22
2025-10-26,ATM20,106.11
2025-10-27,ATM20,124.82
2025-10-28,ATM20,118.66
2025-10-29,ATM20,101.56
2025-10-30,ATM20,82.1
2025-10-31,ATM20,96.94
2025-11-01,ATM20,113.11
2025-11-02,ATM20,105.06
2025-11-03,ATM20,106.93
2025-11-04,ATM20,93.79
2025-11-05,ATM20,99.07
2025-11-06,ATM20,138.57
2025-11-07,ATM20,129.01
2025-11-08,ATM20,124.79
2025-11-09,ATM20,115.2
2025-11-10,ATM20,110.86
2025-11-11,ATM20,107.15
2025-11-12,ATM20,91.07
2025-11-13,ATM20,95.09
2025-11-14,ATM20,96.71
2025-11-15,ATM20,104.18
2025-11-16,ATM20,127.0
2025-11-17,ATM20,118.2
2025-11-18,ATM20,102.92
2025-11-19,ATM20,114.48
2025-11-20,ATM20,112.55
2025-11-21,ATM20,93.73
2025-11-22,ATM20,127.21
2025-11-23,ATM20,111.67
2025-11-24,ATM20,81.29
2025-11-25,ATM20,88.26
2025-11-26,ATM20,116.55
2025-11-27,ATM20,103.18
2025-11-28,ATM20,138.36
2025-11-29,ATM20,140.74
2025-11-30,ATM20,142.12
2025-12-01,ATM20,124.76
2025-12-02,ATM20,124.48
2025-12-03,ATM20,109.88
2025-12-04,ATM20,111.19
2025-12-05,ATM20,102.44
2025-12-06,ATM20,118.34
2025-12-07,ATM20,92.91
2025-12-08,ATM20,109.65
2025-12-09,ATM20,105.8
2025-12-10,ATM20,103.51
2025-12-11,ATM20,78.92
2025-12-12,ATM20,84.43
2025-12-13,ATM20,95.5
2025-12-14,ATM20,107.42
2025-12-15,ATM20,99.58
2025-12-16,ATM20,132.52
2025-12-17,ATM20,113.2
2025-12-18,ATM20,102.18
2025-12-19,ATM20,109.67
2025-12-20,ATM20,106.67
2025-12-21,ATM20,95.98
2025-12-22,ATM20,113.31
2025-12-23,ATM20,112.25
2025-12-24,ATM20,114.42
2025-12-25,ATM20,142.64
2025-12-26,ATM20,159.02
2025-12-27,ATM20,137.56
2025-12-28,ATM20,146.45
2025-12-29,ATM20,119.71
2025-12-30,ATM20,114.02
2025-12-31,ATM20,119.7
